family,group,y,logistic,forest,ensemble
organ_tablature,ammerbach_bookA,1,0.9997328534031198,1.0,0.9998664267015599
organ_tablature,ammerbach_bookA,1,0.9968112591028421,1.0,0.998405629551421
organ_tablature,ammerbach_bookA,1,0.9992373239955713,0.9970397560813354,0.9981385400384534
organ_tablature,ammerbach_bookA,1,0.9469120024094974,0.931417269505739,0.9391646359576182
organ_tablature,ammerbach_bookA,1,0.9976811538050837,0.9928354466297763,0.99525830021743
organ_tablature,ammerbach_bookA,1,0.9995928051032629,0.9985068322981367,0.9990498187006998
organ_tablature,ammerbach_bookA,1,0.9978247619107072,1.0,0.9989123809553536
organ_tablature,ammerbach_bookA,1,0.9999807500659235,1.0,0.9999903750329617
organ_tablature,ammerbach_bookA,1,0.9995853546437313,0.9900676321755482,0.9948264934096398
organ_tablature,ammerbach_bookA,1,0.9998852655909798,1.0,0.9999426327954899
organ_tablature,ammerbach_bookA,1,0.9998404236890164,1.0,0.9999202118445082
organ_tablature,ammerbach_bookA,1,0.9979859315728515,0.9976541525406804,0.997820042056766
organ_tablature,ammerbach_bookA,1,0.9977120437444573,0.9692728722554325,0.9834924579999449
organ_tablature,ammerbach_bookA,1,0.9920502746414208,1.0,0.9960251373207104
organ_tablature,ammerbach_bookA,1,0.9998865149466534,0.9989623797025372,0.9994244473245952
organ_tablature,ammerbach_bookA,1,0.999820264325629,1.0,0.9999101321628145
organ_tablature,ammerbach_bookA,1,0.9978747516574596,1.0,0.9989373758287299
organ_tablature,ammerbach_bookA,1,0.9980055699586842,0.9984572930354797,0.9982314314970819
organ_tablature,ammerbach_bookA,1,0.9813260854832332,0.9591915492159139,0.9702588173495735
organ_tablature,ammerbach_bookA,1,0.9894616512750417,0.9883887707249192,0.9889252109999804
organ_tablature,ammerbach_bookA,1,0.9998320530503855,1.0,0.9999160265251927
organ_tablature,ammerbach_bookA,1,0.9999801528818254,1.0,0.9999900764409126
organ_tablature,ammerbach_bookA,1,0.9999936772638013,1.0,0.9999968386319007
organ_tablature,ammerbach_bookA,1,0.9999927074442295,1.0,0.9999963537221148
organ_tablature,ammerbach_bookA,1,0.9997762788363288,1.0,0.9998881394181645
organ_tablature,ammerbach_bookA,1,0.9996703183944717,1.0,0.9998351591972359
organ_tablature,ammerbach_bookA,1,0.9998405251260728,1.0,0.9999202625630363
organ_tablature,ammerbach_bookA,1,0.9992247497396066,1.0,0.9996123748698034
organ_tablature,ammerbach_bookA,1,0.97768977163797,0.9735800234338599,0.9756348975359149
organ_tablature,ammerbach_bookA,1,0.8182908052359821,0.9324413612045874,0.8753660832202848
organ_tablature,ammerbach_bookA,1,0.9949045337678468,0.9860012970658157,0.9904529154168313
organ_tablature,ammerbach_bookA,1,0.9992111449019843,1.0,0.9996055724509921
organ_tablature,ammerbach_bookA,1,0.9999907344999123,1.0,0.9999953672499562
organ_tablature,ammerbach_bookA,1,0.9999706413753996,1.0,0.9999853206876999
organ_tablature,ammerbach_bookA,1,0.9994321911508457,1.0,0.9997160955754228
organ_tablature,ammerbach_bookA,1,0.9998211482920583,1.0,0.9999105741460291
organ_tablature,ammerbach_bookA,1,0.996639584983389,0.9951897105962583,0.9959146477898236
organ_tablature,ammerbach_bookA,1,0.9999561491262879,1.0,0.9999780745631439
organ_tablature,ammerbach_bookA,1,0.999993205231711,0.9955681797164052,0.9977806924740581
organ_tablature,ammerbach_bookA,1,0.9998984185265256,1.0,0.9999492092632628
organ_tablature,ammerbach_bookA,1,0.999754273066181,1.0,0.9998771365330905
organ_tablature,ammerbach_bookA,1,0.9996429045322243,0.9964308990105909,0.9980369017714076
organ_tablature,ammerbach_bookA,1,0.9939846188447033,1.0,0.9969923094223516
organ_tablature,ammerbach_bookA,1,0.9996950366138931,1.0,0.9998475183069466
organ_tablature,ammerbach_bookA,1,0.9999325430354168,0.9983129445234709,0.9991227437794439
organ_tablature,ammerbach_bookA,1,0.9999689203389657,1.0,0.9999844601694828
organ_tablature,ammerbach_bookA,1,0.966680611338859,0.9879245933806603,0.9773026023597596
organ_tablature,ammerbach_bookA,1,0.5470909051022677,0.8748679669892517,0.7109794360457597
organ_tablature,ammerbach_bookA,1,0.9874983407185275,0.9412701111369254,0.9643842259277264
organ_tablature,ammerbach_bookA,1,0.9990060929769027,0.9987395498392283,0.9988728214080655
organ_tablature,ammerbach_bookA,1,0.9999705223293431,1.0,0.9999852611646716
organ_tablature,ammerbach_bookA,1,0.9991197903785409,1.0,0.9995598951892705
organ_tablature,ammerbach_bookA,1,0.9997333658454688,1.0,0.9998666829227344
organ_tablature,ammerbach_bookA,1,0.999536845325614,1.0,0.999768422662807
organ_tablature,ammerbach_bookA,1,0.9984878688356914,1.0,0.9992439344178456
organ_tablature,ammerbach_bookA,1,0.9148844269232069,0.9987224622030237,0.9568034445631153
organ_tablature,ammerbach_bookA,1,0.9956903713347128,1.0,0.9978451856673565
organ_tablature,ammerbach_bookA,1,0.9965656916606626,0.9980666574471028,0.9973161745538827
organ_tablature,ammerbach_bookA,1,0.9996607916193354,0.9981260010678057,0.9988933963435705
organ_tablature,ammerbach_bookA,1,0.9997482154156735,1.0,0.9998741077078368
organ_tablature,ammerbach_bookA,1,0.9939011006647247,0.9987249190938512,0.996313009879288
organ_tablature,ammerbach_bookA,1,0.9995467666271278,1.0,0.9997733833135639
organ_tablature,ammerbach_bookA,1,0.9998919500613184,1.0,0.9999459750306592
organ_tablature,ammerbach_bookA,1,0.9989828244609671,0.9986618625277162,0.9988223434943416
organ_tablature,ammerbach_bookA,1,0.9699171696962069,0.9907294582502998,0.9803233139732533
organ_tablature,ammerbach_bookA,1,0.9561889299829351,0.9968963174257236,0.9765426237043293
organ_tablature,ammerbach_bookA,1,0.996334572512934,0.9985068322981367,0.9974207024055354
organ_tablature,ammerbach_bookA,1,0.9998446227740524,1.0,0.9999223113870261
organ_tablature,ammerbach_bookA,1,0.9853965851564369,0.9970721300768699,0.9912343576166533
organ_tablature,ammerbach_bookA,1,0.3425986487342706,0.9301954588900997,0.6363970538121851
organ_tablature,ammerbach_bookA,1,0.9234366186839652,0.9503719022114563,0.9369042604477107
organ_tablature,ammerbach_bookA,1,0.9534028569111028,0.998010374832664,0.9757066158718835
organ_tablature,ammerbach_bookA,1,0.9991507268220629,1.0,0.9995753634110314
organ_tablature,ammerbach_bookA,1,0.9998736032261683,1.0,0.9999368016130841
organ_tablature,ammerbach_bookA,1,0.9998395335438885,1.0,0.9999197667719443
organ_tablature,ammerbach_bookA,1,0.9999611560458704,1.0,0.9999805780229352
organ_tablature,ammerbach_bookA,1,0.9994208390142824,1.0,0.9997104195071411
organ_tablature,ammerbach_bookA,1,0.9997826768068011,1.0,0.9998913384034005
organ_tablature,ammerbach_bookA,1,0.9999536112718665,1.0,0.9999768056359333
organ_tablature,ammerbach_bookA,1,0.999913540830359,0.9928583990689254,0.9963859699496422
organ_tablature,ammerbach_bookA,1,0.9996198049925552,0.9975078342479917,0.9985638196202735
organ_tablature,ammerbach_bookA,1,0.9999757201030657,1.0,0.9999878600515328
organ_tablature,ammerbach_bookA,1,0.997402010139428,0.9959531272597585,0.9966775686995932
organ_tablature,ammerbach_bookA,1,0.9881562891347467,0.9966073589457305,0.9923818240402387
organ_tablature,ammerbach_bookA,1,0.9909739836179156,0.9980557400379507,0.9945148618279331
organ_tablature,ammerbach_bookA,1,0.9992167604987322,1.0,0.999608380249366
organ_tablature,ammerbach_bookA,1,0.9992933644027581,1.0,0.999646682201379
organ_tablature,ammerbach_bookA,1,0.9829250155953604,0.9959606373190589,0.9894428264572097
organ_tablature,ammerbach_bookA,1,0.9980523188817362,0.9858304502607873,0.9919413845712617
organ_tablature,ammerbach_bookA,1,0.9975998743638693,1.0,0.9987999371819347
organ_tablature,ammerbach_bookA,1,0.9972421642851544,0.9956834628746841,0.9964628135799193
organ_tablature,ammerbach_bookA,1,0.9883286094207848,0.9963058321479374,0.9923172207843611
organ_tablature,ammerbach_bookA,1,0.9881952719912134,0.997430070898676,0.9928126714449447
organ_tablature,ammerbach_bookA,1,0.9931074353718126,1.0,0.9965537176859063
organ_tablature,ammerbach_bookA,1,0.9439573064499542,0.9870112689893209,0.9654842877196376
organ_tablature,ammerbach_bookA,1,0.9988578045457173,1.0,0.9994289022728586
organ_tablature,ammerbach_bookA,1,0.999742850780845,1.0,0.9998714253904225
organ_tablature,ammerbach_bookA,1,0.9998215175564696,1.0,0.9999107587782348
organ_tablature,ammerbach_bookA,1,0.9571336189507247,1.0,0.9785668094753623
organ_tablature,ammerbach_bookA,1,0.5970732971432324,0.9651717333263049,0.7811225152347687
organ_tablature,ammerbach_bookA,1,0.996131554388895,0.7342955183824237,0.8652135363856593
organ_tablature,ammerbach_bookA,1,0.9991036443153375,0.8020321822076066,0.9005679132614721
organ_tablature,ammerbach_bookA,1,0.9999955581356514,0.9844041773515805,0.9921998677436159
organ_tablature,ammerbach_bookA,1,0.999507493369189,0.9963172119487909,0.9979123526589899
organ_tablature,ammerbach_bookA,1,0.9999769293802958,0.991211336381687,0.9955941328809914
organ_tablature,ammerbach_bookA,1,0.9999079947939584,0.8338197330907744,0.9168638639423664
organ_tablature,ammerbach_bookA,1,0.9991576580155186,0.998,0.9985788290077593
organ_tablature,ammerbach_bookA,1,0.9939637568251598,0.9897623998235062,0.991863078324333
organ_tablature,ammerbach_bookA,1,0.9995929898584704,1.0,0.9997964949292353
organ_tablature,ammerbach_bookA,1,0.9951308618354806,0.9987224622030237,0.9969266620192522
organ_tablature,ammerbach_bookA,1,0.9743810044275842,0.9935107882061899,0.983945896316887
organ_tablature,ammerbach_bookA,1,0.9833601797518456,0.9627303811254144,0.97304528043863
organ_tablature,ammerbach_bookA,1,0.999594898084176,0.9851886464192966,0.9923917722517364
organ_tablature,ammerbach_bookA,1,0.9999908603678485,1.0,0.9999954301839242
organ_tablature,ammerbach_bookA,1,0.9951650513365214,1.0,0.9975825256682607
organ_tablature,ammerbach_bookA,1,0.9924552371705105,0.9980610723731665,0.9952581547718385
organ_tablature,ammerbach_bookA,1,0.958648949433639,0.9901604240313159,0.9744046867324774
organ_tablature,ammerbach_bookA,1,0.9999532845869068,0.9966660709110231,0.998309677748965
organ_tablature,ammerbach_bookA,1,0.9999996177578645,0.9969572794666763,0.9984784486122704
organ_tablature,ammerbach_bookA,1,0.9982489844313844,0.998439024390244,0.9983440044108143
organ_tablature,ammerbach_bookA,1,0.9801971632852295,0.9696919011380026,0.9749445322116161
organ_tablature,ammerbach_bookA,1,0.9973032384522368,1.0,0.9986516192261183
organ_tablature,ammerbach_bookA,1,0.9999538054514674,0.9973923429869729,0.9986730742192201
organ_tablature,ammerbach_bookA,1,0.9999968135910771,1.0,0.9999984067955385
organ_tablature,ammerbach_bookA,1,0.9999962574346257,1.0,0.9999981287173129
organ_tablature,ammerbach_bookA,1,0.9997325487663037,1.0,0.9998662743831519
organ_tablature,ammerbach_bookA,1,0.9999980178484454,0.9957040094646458,0.9978510136565456
organ_tablature,ammerbach_bookA,1,0.9999462502425608,1.0,0.9999731251212804
organ_tablature,ammerbach_bookA,1,0.9999976815237429,0.9802949787201161,0.9901463301219295
organ_tablature,ammerbach_bookA,1,0.9998959723422811,1.0,0.9999479861711406
organ_tablature,ammerbach_bookA,1,0.9999711097095092,0.9854602296140349,0.992715669661772
organ_tablature,ammerbach_bookA,1,0.997144414537428,0.9272393157840877,0.9621918651607578
organ_tablature,ammerbach_bookA,1,0.999711375675732,0.9190588834944686,0.9593851295851004
organ_tablature,ammerbach_bookA,1,0.999555072830565,0.9731388865074276,0.9863469796689963
organ_tablature,ammerbach_bookA,1,0.9999946558302912,0.9356960955730949,0.967845375701693
organ_tablature,ammerbach_bookA,1,0.9999876340704479,0.998,0.9989938170352239
organ_tablature,ammerbach_bookA,1,0.9996841065840139,0.9843319505328515,0.9920080285584327
organ_tablature,ammerbach_bookA,1,0.9999696896891542,0.9822010280559051,0.9910853588725297
organ_tablature,ammerbach_bookA,1,0.9993642302866007,0.9980666574471028,0.9987154438668517
organ_tablature,ammerbach_bookA,1,0.9999227642472883,1.0,0.9999613821236442
organ_tablature,ammerbach_bookA,1,0.9997185691214451,1.0,0.9998592845607226
organ_tablature,ammerbach_bookA,1,0.995139716845916,0.9854910819352953,0.9903153993906056
organ_tablature,ammerbach_bookA,1,0.9968074562157516,0.8858638513644015,0.9413356537900766
organ_tablature,ammerbach_bookA,1,0.9995047458784518,0.9450278137145277,0.9722662797964898
organ_tablature,ammerbach_bookA,1,0.9998370029634351,1.0,0.9999185014817176
organ_tablature,ammerbach_bookA,1,0.998605478209489,1.0,0.9993027391047444
organ_tablature,ammerbach_bookA,1,0.9997520117735959,0.9801651427326389,0.9899585772531174
organ_tablature,ammerbach_bookA,1,0.9998397682997481,0.976356792276668,0.9880982802882081
organ_tablature,ammerbach_bookA,1,0.998191860094257,0.9979194921178247,0.9980556761060408
organ_tablature,ammerbach_bookA,1,0.9993718500474469,0.9591332590492431,0.979252554548345
organ_tablature,ammerbach_bookA,1,0.9997829127092266,0.9351402369240945,0.9674615748166606
organ_tablature,ammerbach_bookA,1,0.9999917305517819,0.9755351740253742,0.9877634522885781
organ_tablature,ammerbach_bookA,1,0.9999730066677982,0.993250876055219,0.9966119413615087
organ_tablature,ammerbach_bookA,1,0.9997148337138315,0.9985811550151976,0.9991479943645145
organ_tablature,ammerbach_bookA,1,0.9988780318644414,1.0,0.9994390159322206
organ_tablature,ammerbach_bookA,1,0.9997306054135986,0.9923588820412951,0.9960447437274469
organ_tablature,ammerbach_bookA,1,0.9996046623285147,0.9985454545454545,0.9990750584369846
organ_tablature,ammerbach_bookA,1,0.9997695861330318,1.0,0.9998847930665159
organ_tablature,ammerbach_bookA,1,0.9996505656752716,1.0,0.9998252828376357
organ_tablature,ammerbach_bookA,1,0.9999664066517565,1.0,0.9999832033258782
organ_tablature,ammerbach_bookA,1,0.9971200705554584,0.9980786960816594,0.9975993833185589
organ_tablature,ammerbach_bookA,1,0.9990299518412814,1.0,0.9995149759206408
organ_tablature,ammerbach_bookA,1,0.9999018239639307,1.0,0.9999509119819654
organ_tablature,ammerbach_bookA,1,0.9997698229411403,1.0,0.9998849114705701
organ_tablature,ammerbach_bookA,1,0.9973313787564365,0.9974325277895033,0.99738195327297
organ_tablature,ammerbach_bookA,1,0.9768605997196547,0.8001765213976485,0.8885185605586516
organ_tablature,ammerbach_bookA,1,0.9934100676871412,0.9437180966478792,0.9685640821675102
organ_tablature,ammerbach_bookA,1,0.9999085118330163,1.0,0.9999542559165082
organ_tablature,ammerbach_bookA,1,0.9906029089021066,1.0,0.9953014544510532
organ_tablature,ammerbach_bookA,1,0.9945451145082781,0.9916398653711772,0.9930924899397277
organ_tablature,ammerbach_bookA,1,0.9999680446674953,1.0,0.9999840223337477
organ_tablature,ammerbach_bookA,1,0.9999892654717628,1.0,0.9999946327358814
organ_tablature,ammerbach_bookA,1,0.9998164582608888,0.9895085869964102,0.9946625226286495
organ_tablature,ammerbach_bookA,1,0.9873057374151863,0.9955898308539209,0.9914477841345537
organ_tablature,ammerbach_bookA,1,0.9988192615228325,1.0,0.9994096307614162
organ_tablature,ammerbach_bookA,1,0.9985214488582457,1.0,0.9992607244291228
organ_tablature,ammerbach_bookA,1,0.999959034619571,1.0,0.9999795173097855
organ_tablature,ammerbach_bookA,1,0.9992289141996501,0.9893392839432951,0.9942840990714725
organ_tablature,ammerbach_bookA,1,0.8903140917273852,0.8764630126542454,0.8833885521908154
organ_tablature,ammerbach_bookA,1,0.9998968772784901,0.9988855106888361,0.999391193983663
organ_tablature,ammerbach_bookA,1,0.9999729898800759,1.0,0.9999864949400379
organ_tablature,ammerbach_bookA,1,0.9999987634475557,1.0,0.9999993817237778
organ_tablature,ammerbach_bookA,1,0.9992785570456536,0.9986618625277162,0.9989702097866848
organ_tablature,ammerbach_bookA,1,0.9960243541897609,1.0,0.9980121770948804
organ_tablature,ammerbach_bookA,1,0.9988227827708889,0.9599209306152101,0.9793718566930495
organ_tablature,ammerbach_bookA,1,0.9997427367249765,1.0,0.9998713683624882
organ_tablature,ammerbach_bookA,1,0.9995317295435955,1.0,0.9997658647717977
organ_tablature,ammerbach_bookA,1,0.9999939680813603,1.0,0.9999969840406802
organ_tablature,ammerbach_bookA,1,0.9999121579613894,0.9285727193814048,0.9642424386713971
organ_tablature,ammerbach_bookA,1,0.999598570428928,0.9988880455407969,0.9992433079848624
organ_tablature,ammerbach_bookA,1,0.9983934190275238,0.9741916650293045,0.9862925420284141
organ_tablature,ammerbach_bookA,1,0.9999693752878498,0.9991351351351352,0.9995522552114925
organ_tablature,ammerbach_bookA,1,0.9999845137668776,0.9971197257012708,0.9985521197340742
organ_tablature,ammerbach_bookA,1,0.9999948915703896,0.9988880455407969,0.9994414685555932
organ_tablature,ammerbach_bookA,1,0.9988770626431539,1.0,0.999438531321577
organ_tablature,ammerbach_bookA,1,0.9784809432960304,0.9627027313935911,0.9705918373448108
organ_tablature,ammerbach_bookA,1,0.9989239346230805,0.9981672447013488,0.9985455896622146
organ_tablature,ammerbach_bookA,1,0.9870354355008142,1.0,0.9935177177504071
organ_tablature,ammerbach_bookA,1,0.9418468251042343,0.986354662731821,0.9641007439180277
organ_tablature,ammerbach_bookA,1,0.8665834508347388,0.7106653358261666,0.7886243933304526
organ_tablature,ammerbach_bookA,1,0.6349163069358955,0.9919314710731341,0.8134238890045148
organ_tablature,ammerbach_bookA,1,0.988477801840611,0.9969457413018973,0.9927117715712541
organ_tablature,ammerbach_bookA,1,0.9895748021049535,1.0,0.9947874010524768
organ_tablature,ammerbach_bookA,1,0.9943064140711162,0.995011232668844,0.99465882336998
organ_tablature,ammerbach_bookA,1,0.9973764495617093,0.9721752490384133,0.9847758493000613
organ_tablature,ammerbach_bookA,1,0.9999941571692168,1.0,0.9999970785846084
organ_tablature,ammerbach_bookA,1,0.9999875735756313,1.0,0.9999937867878157
organ_tablature,ammerbach_bookA,1,0.9970933198710519,0.9969025949471028,0.9969979574090773
organ_tablature,ammerbach_bookA,1,0.9999662155973111,1.0,0.9999831077986556
organ_tablature,ammerbach_bookA,1,0.9999527173544285,1.0,0.9999763586772142
organ_tablature,ammerbach_bookA,1,0.9995168073061694,1.0,0.9997584036530847
organ_tablature,ammerbach_bookA,1,0.9997825010587202,1.0,0.9998912505293601
organ_tablature,ammerbach_bookA,1,0.9999960988911112,0.9946732433148292,0.9973346711029702
organ_tablature,ammerbach_bookA,1,0.9999966986581706,0.9930292332609261,0.9965129659595484
organ_tablature,ammerbach_bookA,1,0.9999729136348209,1.0,0.9999864568174104
organ_tablature,ammerbach_bookA,1,0.9997835689156965,1.0,0.9998917844578483
organ_tablature,ammerbach_bookA,1,0.9998249785097358,1.0,0.9999124892548679
organ_tablature,ammerbach_bookA,1,0.9997788685725201,1.0,0.9998894342862601
organ_tablature,ammerbach_bookA,1,0.9847079641066818,0.9788023364244705,0.9817551502655761
organ_tablature,ammerbach_bookA,1,0.9996876996895998,1.0,0.9998438498447999
organ_tablature,ammerbach_bookA,1,0.9999539321173225,1.0,0.9999769660586613
organ_tablature,ammerbach_bookA,1,0.9999626476832295,1.0,0.9999813238416148
organ_tablature,ammerbach_bookA,1,0.9999695700493426,0.9988880455407969,0.9994288077950697
organ_tablature,ammerbach_bookA,1,0.9999443590007137,0.9580708606637621,0.9790076098322379
organ_tablature,ammerbach_bookA,1,0.9998731422865859,1.0,0.9999365711432929
organ_tablature,ammerbach_bookA,1,0.9999909591698949,0.9968583990689254,0.9984246791194101
organ_tablature,ammerbach_bookA,1,0.9999975621879588,1.0,0.9999987810939794
organ_tablature,ammerbach_bookA,1,0.9999906635662044,1.0,0.9999953317831022
organ_tablature,ammerbach_bookA,1,0.9999696154370241,1.0,0.9999848077185121
organ_tablature,ammerbach_bookA,1,0.9985382034661614,0.9809550707640365,0.9897466371150989
organ_tablature,ammerbach_bookA,1,0.9991249829842467,0.9976653669730805,0.9983951749786636
organ_tablature,ammerbach_bookA,1,0.9994135441054098,0.9983399715504979,0.9988767578279538
organ_tablature,ammerbach_bookA,1,0.998131608502123,1.0,0.9990658042510615
organ_tablature,ammerbach_bookA,1,0.9941409743330676,0.9729849490938299,0.9835629617134487
organ_tablature,ammerbach_bookA,1,0.9998951592333881,0.9966567675613935,0.9982759633973908
organ_tablature,ammerbach_bookA,1,0.999999034772322,1.0,0.999999517386161
organ_tablature,ammerbach_bookA,1,0.9999701115672323,1.0,0.9999850557836161
organ_tablature,ammerbach_bookA,1,0.9993680282253913,1.0,0.9996840141126957
organ_tablature,ammerbach_bookA,1,0.9999572765907858,1.0,0.9999786382953929
organ_tablature,ammerbach_bookA,1,0.9997465941622141,1.0,0.9998732970811071
organ_tablature,ammerbach_bookA,1,0.9998800139468053,1.0,0.9999400069734026
organ_tablature,ammerbach_bookA,1,0.9999890915542493,1.0,0.9999945457771247
organ_tablature,ammerbach_bookA,1,0.9999536375168391,1.0,0.9999768187584195
organ_tablature,ammerbach_bookA,1,0.999973039281444,0.9955681797164052,0.9977706094989246
organ_tablature,ammerbach_bookA,1,0.9999724075357111,1.0,0.9999862037678555
organ_tablature,ammerbach_bookA,1,0.9999953081635106,1.0,0.9999976540817552
organ_tablature,ammerbach_bookA,1,0.9996353401226539,0.9981206163655686,0.9988779782441113
organ_tablature,ammerbach_bookA,1,0.8572807041108004,0.9529902752454509,0.9051354896781256
organ_tablature,ammerbach_bookA,1,0.9979568283898609,0.9786629344048354,0.9883098813973481
organ_tablature,ammerbach_bookA,1,0.9994244476853096,1.0,0.9997122238426548
organ_tablature,ammerbach_bookA,1,0.9973384612879268,0.998,0.9976692306439634
organ_tablature,ammerbach_bookA,1,0.9956300653011774,0.9981260010678057,0.9968780331844915
organ_tablature,ammerbach_bookA,1,0.9998940039100026,0.9971380083292296,0.9985160061196161
organ_tablature,ammerbach_bookA,1,0.999966051063788,0.9771884553470473,0.9885772532054177
organ_tablature,ammerbach_bookA,1,0.9995752959098323,0.9939268530379607,0.9967510744738965
organ_tablature,ammerbach_bookA,1,0.9941332883665236,0.9462740345844307,0.9702036614754772
organ_tablature,ammerbach_bookA,1,0.9992041629251013,0.9885864854587331,0.9938953241919172
organ_tablature,ammerbach_bookA,1,0.9999979846684292,0.9922730466372411,0.9961355156528351
organ_tablature,ammerbach_bookA,1,0.9999998818729681,0.8754417167235855,0.9377207992982768
organ_tablature,ammerbach_bookA,1,0.9999931808989057,0.9965728214503351,0.9982830011746204
organ_tablature,ammerbach_bookA,1,0.9999734406443047,1.0,0.9999867203221524
organ_tablature,ammerbach_bookA,1,0.999527664826343,1.0,0.9997638324131715
organ_tablature,ammerbach_bookA,1,0.9999753450128174,1.0,0.9999876725064087
organ_tablature,ammerbach_bookA,1,0.9999039456645732,1.0,0.9999519728322865
organ_tablature,ammerbach_bookA,1,0.980056585514987,1.0,0.9900282927574935
organ_tablature,ammerbach_bookA,1,0.9905137123687308,1.0,0.9952568561843653
organ_tablature,ammerbach_bookA,1,0.9998079136161613,1.0,0.9999039568080806
organ_tablature,ammerbach_bookA,1,0.9999207070821502,1.0,0.999960353541075
organ_tablature,ammerbach_bookA,1,0.9998075684236417,0.9972724792757947,0.9985400238497182
organ_tablature,ammerbach_bookA,1,0.9995191090693681,0.9786629344048354,0.9890910217371018
organ_tablature,ammerbach_bookA,1,0.9998842878591744,1.0,0.9999421439295872
organ_tablature,ammerbach_bookA,1,0.9986232867795275,0.999024349286314,0.9988238180329208
organ_tablature,ammerbach_bookA,1,0.25497133978813125,0.8725226299726465,0.5637469848803889
organ_tablature,ammerbach_bookA,1,0.9999404850912508,0.9988855106888361,0.9994129978900435
organ_tablature,ammerbach_bookA,1,0.9998936276052575,0.9983129445234709,0.9991032860643642
organ_tablature,ammerbach_bookA,1,0.9997803880231266,1.0,0.9998901940115633
organ_tablature,ammerbach_bookA,1,0.9945355131348358,0.998307254623044,0.99642138387894
organ_tablature,ammerbach_bookA,1,0.8764372191849268,0.9664251557533989,0.9214311874691629
organ_tablature,ammerbach_bookA,1,0.9998627570617905,1.0,0.9999313785308952
organ_tablature,ammerbach_bookA,1,0.9999021601328745,1.0,0.9999510800664373
organ_tablature,ammerbach_bookA,1,0.999989608736697,1.0,0.9999948043683484
organ_tablature,ammerbach_bookA,1,0.999998921142403,0.9754673284981051,0.9877331248202541
organ_tablature,ammerbach_bookA,1,0.9999997245758768,1.0,0.9999998622879385
organ_tablature,ammerbach_bookA,1,0.9999993262824312,1.0,0.9999996631412156
organ_tablature,ammerbach_bookA,1,0.9999962142657326,1.0,0.9999981071328663
organ_tablature,ammerbach_bookA,1,0.9997018768314447,1.0,0.9998509384157224
organ_tablature,ammerbach_bookA,1,0.9977869850346012,0.9690267921868398,0.9834068886107206
organ_tablature,ammerbach_bookA,1,0.8640664324802497,0.8530731218363458,0.8585697771582977
organ_tablature,ammerbach_bookA,1,0.9985456797934777,0.9962186742410957,0.9973821770172867
organ_tablature,ammerbach_bookA,1,0.9999499761018864,1.0,0.9999749880509432
organ_tablature,ammerbach_bookA,1,0.9997097922780337,1.0,0.9998548961390168
organ_tablature,ammerbach_bookA,1,0.9996279419244344,1.0,0.9998139709622171
organ_tablature,ammerbach_bookA,1,0.999808905368189,1.0,0.9999044526840946
organ_tablature,ammerbach_bookA,1,0.9948608351686913,1.0,0.9974304175843456
organ_tablature,ammerbach_bookA,1,0.9853671357451486,0.998,0.9916835678725743
organ_tablature,ammerbach_bookA,1,0.9995950061505086,0.9971291553261614,0.998362080738335
organ_tablature,ammerbach_bookA,1,0.9998807511732138,1.0,0.999940375586607
organ_tablature,ammerbach_bookA,1,0.9999866414163525,1.0,0.9999933207081763
organ_tablature,ammerbach_bookA,1,0.9998458935084691,1.0,0.9999229467542345
organ_tablature,ammerbach_bookA,1,0.9997912117968598,1.0,0.9998956058984299
organ_tablature,ammerbach_bookA,1,0.9979188223635359,1.0,0.9989594111817679
organ_tablature,ammerbach_bookA,1,0.9996539463509133,1.0,0.9998269731754567
organ_tablature,ammerbach_bookA,1,0.9995948188355003,0.9975195820306072,0.9985572004330537
organ_tablature,ammerbach_bookA,1,0.9990135631952181,0.944520530962133,0.9717670470786754
organ_tablature,ammerbach_bookA,1,0.9997891457155029,1.0,0.9998945728577515
organ_tablature,ammerbach_bookA,1,0.9999995993617103,1.0,0.9999997996808552
organ_tablature,ammerbach_bookA,1,0.9999955388721359,1.0,0.999997769436068
organ_tablature,ammerbach_bookA,1,0.9999424146510033,1.0,0.9999712073255016
organ_tablature,ammerbach_bookA,1,0.9998968677519042,1.0,0.9999484338759521
organ_tablature,ammerbach_bookA,1,0.9999208638933108,0.9985518087063151,0.9992363362998129
organ_tablature,ammerbach_bookA,1,0.9998306616584713,1.0,0.9999153308292357
organ_tablature,ammerbach_bookA,1,0.9999288558692635,1.0,0.9999644279346318
organ_tablature,ammerbach_bookA,1,0.9999525400659778,1.0,0.9999762700329888
organ_tablature,ammerbach_bookA,1,0.9996025885767947,1.0,0.9998012942883974
organ_tablature,ammerbach_bookA,1,0.9952673698679416,0.8751099358812555,0.9351886528745985
organ_tablature,ammerbach_bookA,1,0.9999993765681608,0.9809536601689528,0.9904765183685569
organ_tablature,ammerbach_bookA,1,0.9999932982299058,0.9789846695868443,0.989488983908375
organ_tablature,ammerbach_bookA,1,0.9873648190473514,0.9948855106888361,0.9911251648680938
organ_tablature,ammerbach_bookA,1,0.9996077914544359,0.9988855106888361,0.999246651071636
organ_tablature,ammerbach_bookA,1,0.9999092191339487,1.0,0.9999546095669744
organ_tablature,ammerbach_bookA,1,0.997774827526547,0.9987249190938511,0.998249873310199
organ_tablature,ammerbach_bookA,1,0.9990828018828961,1.0,0.999541400941448
organ_tablature,ammerbach_bookA,1,0.9998822308739868,1.0,0.9999411154369934
organ_tablature,ammerbach_bookA,1,0.9999907959534008,1.0,0.9999953979767005
organ_tablature,ammerbach_bookA,1,0.9999879489707709,1.0,0.9999939744853854
organ_tablature,ammerbach_bookA,1,0.9998678361666445,0.9914226516588686,0.9956452439127566
organ_tablature,ammerbach_bookA,1,0.999928303834901,1.0,0.9999641519174505
organ_tablature,ammerbach_bookA,1,0.9999826721640952,1.0,0.9999913360820476
organ_tablature,ammerbach_bookA,1,0.9999333212856193,0.9984353562005277,0.9991843387430734
organ_tablature,ammerbach_bookA,1,0.9865329021182287,0.9866691487277501,0.9866010254229894
organ_tablature,ammerbach_bookA,1,0.9999209442689634,1.0,0.9999604721344817
organ_tablature,ammerbach_bookA,1,0.9999723066172479,0.9954481079024871,0.9977102072598675
organ_tablature,ammerbach_bookA,1,0.9975444262197756,0.9972724792757947,0.9974084527477851
organ_tablature,ammerbach_bookA,1,0.999570765711627,0.9786629344048354,0.9891168500582312
organ_tablature,ammerbach_bookA,1,0.9999312931454892,1.0,0.9999656465727447
organ_tablature,ammerbach_bookA,1,0.9998104850236273,0.9959786697986486,0.997894577411138
organ_tablature,ammerbach_bookA,1,0.8442250782686409,0.9788063191257196,0.9115156986971802
organ_tablature,ammerbach_bookA,1,0.9959457473277716,1.0,0.9979728736638858
organ_tablature,ammerbach_bookA,1,0.9987249469742537,1.0,0.9993624734871269
organ_tablature,ammerbach_bookA,1,0.999135672568776,0.9967210831721469,0.9979283778704615
organ_tablature,ammerbach_bookA,1,0.9987679305138447,1.0,0.9993839652569223
organ_tablature,ammerbach_bookA,1,0.9998412700731439,0.996,0.9979206350365719
organ_tablature,ammerbach_bookA,1,0.9523303608738541,0.9919595329093384,0.9721449468915963
organ_tablature,ammerbach_bookA,1,0.999681359397819,0.9991351351351352,0.9994082472664771
organ_tablature,ammerbach_bookA,1,0.9999843579965659,1.0,0.999992178998283
organ_tablature,ammerbach_bookA,1,0.9999867054453233,1.0,0.9999933527226617
organ_tablature,ammerbach_bookA,1,0.9999478920577617,1.0,0.9999739460288808
organ_tablature,ammerbach_bookA,1,0.9998435871079114,1.0,0.9999217935539557
organ_tablature,ammerbach_bookA,1,0.998181301220265,0.9970397560813354,0.9976105286508002
organ_tablature,ammerbach_bookA,1,0.9984077300868546,0.9971602752943789,0.9977840026906167
organ_tablature,ammerbach_bookA,1,0.9991721044996196,1.0,0.9995860522498098
organ_tablature,ammerbach_bookA,1,0.9758072193758317,0.998,0.9869036096879158
organ_tablature,ammerbach_bookA,1,0.577152277939391,0.9870900966274635,0.7821211872834273
organ_tablature,ammerbach_bookA,1,0.9996533544296895,1.0,0.9998266772148448
organ_tablature,ammerbach_bookA,1,0.9999989882468796,0.9989322033898306,0.9994655958183551
organ_tablature,ammerbach_bookA,1,0.9999960332521569,0.8936259616654878,0.9468109974588224
organ_tablature,ammerbach_bookA,1,0.9905947487431503,0.8730922246128884,0.9318434866780194
organ_tablature,ammerbach_bookA,1,0.9998064764600035,0.9970500859307477,0.9984282811953756
organ_tablature,ammerbach_bookA,1,0.9999585195882291,1.0,0.9999792597941146
organ_tablature,ammerbach_bookA,1,0.9976300823283585,0.9985475751995089,0.9980888287639337
organ_tablature,ammerbach_bookA,1,0.9979999733739335,1.0,0.9989999866869668
organ_tablature,ammerbach_bookA,1,0.9999875335449367,1.0,0.9999937667724683
organ_tablature,ammerbach_bookA,1,0.9999687753271577,0.9964518250575468,0.9982103001923522
organ_tablature,ammerbach_bookA,1,0.9993380405280682,0.9776982977000777,0.988518169114073
organ_tablature,ammerbach_bookA,1,0.9997895178375809,0.9969018665728341,0.9983456922052074
organ_tablature,ammerbach_bookA,1,0.9983142703724263,0.9936952310443486,0.9960047507083875
organ_tablature,ammerbach_bookA,1,0.9828878172549554,0.9986618625277162,0.9907748398913359
organ_tablature,ammerbach_bookA,1,0.9978704879772043,0.9988855106888361,0.9983779993330202
organ_tablature,ammerbach_bookA,1,0.9785100935008504,0.9552856307283936,0.966897862114622
organ_tablature,ammerbach_bookA,1,0.8376700381468332,0.849427170670287,0.84354860440856
organ_tablature,ammerbach_bookA,1,0.9982035415047811,0.7327991489888225,0.8655013452468018
organ_tablature,ammerbach_bookA,1,0.9944438913936849,0.8709773843703291,0.932710637882007
organ_tablature,ammerbach_bookA,1,0.9921604035872634,0.8671153068236123,0.9296378552054378
organ_tablature,ammerbach_bookA,1,0.9999693431090064,0.9061331371402029,0.9530512401246047
organ_tablature,ammerbach_bookA,1,0.9999884909247573,0.9937336035153914,0.9968610472200743
organ_tablature,ammerbach_bookA,1,0.9992343249979239,1.0,0.9996171624989619
organ_tablature,ammerbach_bookA,1,0.9992951940949366,0.9901709071195327,0.9947330506072347
organ_tablature,ammerbach_bookA,1,0.9996143866588224,0.980416166493675,0.9900152765762487
organ_tablature,ammerbach_bookA,1,0.9987954240360452,0.9899040055325821,0.9943497147843137
organ_tablature,ammerbach_bookA,1,0.9999666316289895,0.9797005547022983,0.9898335931656439
organ_tablature,ammerbach_bookA,1,0.9999903465722689,0.9777005547022983,0.9888454506372837
organ_tablature,ammerbach_bookA,1,0.9999592805926476,1.0,0.9999796402963238
organ_tablature,ammerbach_bookA,1,0.9998937548435134,0.9968314539829853,0.9983626044132494
organ_tablature,ammerbach_bookA,1,0.9999681444816498,1.0,0.9999840722408249
organ_tablature,ammerbach_bookA,1,0.9999992360028421,0.9983172119487909,0.9991582239758166
organ_tablature,ammerbach_bookA,1,0.9999929711411667,0.9962987197724039,0.9981458454567853
organ_tablature,ammerbach_bookA,1,0.9976240919550653,0.9118632451300572,0.9547436685425612
organ_tablature,ammerbach_bookA,1,0.9975321997199769,0.9798310279608516,0.9886816138404142
organ_tablature,ammerbach_bookA,1,0.9997288774254701,0.9969147757716338,0.998321826598552
organ_tablature,ammerbach_bookA,1,0.9997757617024973,1.0,0.9998878808512486
organ_tablature,ammerbach_bookA,1,0.9998362557817568,1.0,0.9999181278908784
organ_tablature,ammerbach_bookA,1,0.973100595433977,1.0,0.9865502977169884
organ_tablature,ammerbach_bookA,1,0.999353541295921,0.9707864164088973,0.9850699788524091
organ_tablature,ammerbach_bookA,1,0.9998518496317003,0.9939477626194029,0.9968998061255516
organ_tablature,ammerbach_bookA,1,0.9998226790481162,1.0,0.9999113395240581
organ_tablature,ammerbach_bookA,1,0.99997613710493,1.0,0.999988068552465
organ_tablature,ammerbach_bookA,1,0.9995926275634446,1.0,0.9997963137817223
organ_tablature,ammerbach_bookA,1,0.9545232662753809,0.8534329141806227,0.9039780902280018
organ_tablature,ammerbach_bookA,1,0.9889469766033423,0.7552899878295237,0.872118482216433
organ_tablature,ammerbach_bookA,1,0.9414572516640213,0.8400726266023956,0.8907649391332084
organ_tablature,ammerbach_bookA,1,0.9999463259996091,0.997983908526554,0.9989651172630816
organ_tablature,ammerbach_bookA,1,0.9980596577649211,1.0,0.9990298288824606
organ_tablature,ammerbach_bookA,1,0.9993809437016227,1.0,0.9996904718508113
organ_tablature,ammerbach_bookA,1,0.8629369058342181,0.936922137344973,0.8999295215895955
organ_tablature,ammerbach_bookA,1,0.999403849757478,1.0,0.999701924878739
organ_tablature,ammerbach_bookA,1,0.9999066626127381,1.0,0.9999533313063691
organ_tablature,ammerbach_bookA,1,0.9993769686441575,1.0,0.9996884843220788
organ_tablature,ammerbach_bookA,1,0.9702718531536684,1.0,0.9851359265768342
organ_tablature,ammerbach_bookA,1,0.8677148250859121,0.9942008196840163,0.9309578223849642
organ_tablature,ammerbach_bookA,1,0.19149365043819447,0.9046889698473118,0.5480913101427531
organ_tablature,ammerbach_bookA,1,0.9994471358570824,1.0,0.9997235679285412
organ_tablature,ammerbach_bookA,1,0.9987976106558331,1.0,0.9993988053279166
organ_tablature,ammerbach_bookA,1,0.9998998785893101,0.9920697503781398,0.9959848144837249
organ_tablature,ammerbach_bookA,1,0.788718269934173,0.8463986020035796,0.8175584359688763
organ_tablature,ammerbach_bookA,1,0.9989476588216278,1.0,0.9994738294108139
organ_tablature,ammerbach_bookA,1,0.9999200385054194,1.0,0.9999600192527097
organ_tablature,ammerbach_bookA,1,0.9991244542969759,1.0,0.999562227148488
organ_tablature,ammerbach_bookA,1,0.984996599602527,0.9039917569321162,0.9444941782673215
organ_tablature,ammerbach_bookA,1,0.6431356648096604,0.9609991286037515,0.802067396706706
organ_tablature,ammerbach_bookA,1,0.8475522086100274,0.9579589502596542,0.9027555794348407
organ_tablature,ammerbach_bookA,1,0.994921834232746,0.9830723820224471,0.9889971081275966
organ_tablature,ammerbach_bookA,1,0.9993267714939846,1.0,0.9996633857469923
organ_tablature,ammerbach_bookA,1,0.9997427394085812,1.0,0.9998713697042906
organ_tablature,ammerbach_bookA,1,0.9793908873668611,1.0,0.9896954436834305
organ_tablature,ammerbach_bookA,1,0.9740331108732678,1.0,0.9870165554366339
organ_tablature,ammerbach_bookA,1,0.5306756787693593,0.9204816204325236,0.7255786496009414
organ_tablature,ammerbach_bookA,1,0.9707986587929929,0.8558182514712913,0.9133084551321421
organ_tablature,ammerbach_bookA,1,0.9999889369373478,0.8987911738021575,0.9493900553697526
organ_tablature,ammerbach_bookA,1,0.9999992403782397,0.9983776824034335,0.9991884613908366
organ_tablature,ammerbach_bookA,1,0.9999998778264543,0.9982916073968705,0.9991457426116623
organ_tablature,ammerbach_bookA,1,0.9999997691511104,0.9982916073968705,0.9991456882739904
organ_tablature,ammerbach_bookA,1,0.9999899477373946,1.0,0.9999949738686973
organ_tablature,ammerbach_bookA,1,0.9999788199865924,1.0,0.9999894099932962
organ_tablature,ammerbach_bookA,1,0.9999340150998671,1.0,0.9999670075499336
organ_tablature,ammerbach_bookA,1,0.9999423951835874,1.0,0.9999711975917938
organ_tablature,ammerbach_bookA,1,0.999954606874051,1.0,0.9999773034370255
organ_tablature,ammerbach_bookA,1,0.9999969453607486,1.0,0.9999984726803743
organ_tablature,ammerbach_bookA,1,0.9999968688307909,0.9983100995732574,0.9991534842020242
organ_tablature,ammerbach_bookA,1,0.9999742487966754,1.0,0.9999871243983377
organ_tablature,ammerbach_bookA,1,0.9999041344031642,1.0,0.999952067201582
organ_tablature,ammerbach_bookA,1,0.9998761291791468,1.0,0.9999380645895735
organ_tablature,ammerbach_bookA,1,0.9999182978087424,1.0,0.9999591489043712
organ_tablature,ammerbach_bookA,1,0.9998753075883153,0.9933893332174821,0.9966323204028987
organ_tablature,ammerbach_bookA,1,0.9999570026938193,1.0,0.9999785013469096
organ_tablature,ammerbach_bookA,1,0.993951549419736,0.8647049445483861,0.929328246984061
organ_tablature,ammerbach_bookA,1,0.9995436243684832,0.9949909698328224,0.9972672971006529
organ_tablature,ammerbach_bookA,1,0.9997482931474747,1.0,0.9998741465737373
organ_tablature,ammerbach_bookA,1,0.9996046128554295,1.0,0.9998023064277147
organ_tablature,ammerbach_bookA,1,0.9998835383254463,1.0,0.9999417691627231
organ_tablature,ammerbach_bookA,1,0.9954923660938724,0.9968752158699702,0.9961837909819213
organ_tablature,ammerbach_bookA,1,0.9968019633748482,0.9904456014534176,0.993623782414133
organ_tablature,ammerbach_bookA,1,0.9998823896690963,1.0,0.9999411948345481
organ_tablature,ammerbach_bookA,1,0.9975749036181807,0.9933825905327607,0.9954787470754707
organ_tablature,ammerbach_bookA,1,0.9998397926336862,1.0,0.9999198963168431
organ_tablature,ammerbach_bookA,1,0.9999547071044891,1.0,0.9999773535522445
organ_tablature,ammerbach_bookA,1,0.992353224472385,1.0,0.9961766122361926
organ_tablature,ammerbach_bookA,1,0.9962219472372773,0.9973458311291177,0.9967838891831975
organ_tablature,ammerbach_bookA,1,0.9999895353915981,0.998,0.9989947676957991
organ_tablature,ammerbach_bookA,1,0.9998031417207921,1.0,0.999901570860396
organ_tablature,ammerbach_bookA,1,0.9989712537676587,1.0,0.9994856268838294
organ_tablature,ammerbach_bookA,1,0.9997097308333793,1.0,0.9998548654166897
organ_tablature,ammerbach_bookA,1,0.9990204411967832,1.0,0.9995102205983917
organ_tablature,ammerbach_bookA,1,0.9997489269892679,0.9364658431338055,0.9681073850615367
organ_tablature,ammerbach_bookA,1,0.9993831170860462,1.0,0.999691558543023
organ_tablature,ammerbach_bookA,1,0.9998104671079525,0.998,0.9989052335539763
organ_tablature,ammerbach_bookA,1,0.9998952592384316,1.0,0.9999476296192158
organ_tablature,ammerbach_bookA,1,0.998242089185799,0.9974510463033797,0.9978465677445894
organ_tablature,ammerbach_bookA,1,0.9837116146492392,1.0,0.9918558073246195
organ_tablature,ammerbach_bookA,1,0.9790909279338824,0.9983200568990043,0.9887054924164433
organ_tablature,ammerbach_bookA,1,0.9970226154917617,0.9967527899878091,0.9968877027397854
organ_tablature,ammerbach_bookA,1,0.9998634601631923,1.0,0.9999317300815962
organ_tablature,ammerbach_bookA,1,0.9965526661912694,1.0,0.9982763330956347
organ_tablature,ammerbach_bookA,1,0.9999958501472648,1.0,0.9999979250736324
organ_tablature,ammerbach_bookA,1,0.9999973857189148,1.0,0.9999986928594574
organ_tablature,ammerbach_bookA,1,0.99982675928334,1.0,0.9999133796416699
organ_tablature,ammerbach_bookA,1,0.9907215411321,0.9968753435976807,0.9937984423648903
organ_tablature,ammerbach_bookA,1,0.9979980845119081,1.0,0.998999042255954
organ_tablature,ammerbach_bookA,1,0.9996475630497205,0.9955120138386073,0.997579788444164
organ_tablature,ammerbach_bookA,1,0.9999983697989779,0.9956786195834876,0.9978384946912328
organ_tablature,ammerbach_bookA,1,0.9999343675161606,0.998088638195004,0.9990115028555824
organ_tablature,ammerbach_bookA,1,0.99677912882941,0.8743244642528213,0.9355517965411156
organ_tablature,ammerbach_bookA,1,0.9960704144512255,0.8218100083670479,0.9089402114091367
organ_tablature,ammerbach_bookA,1,0.8682108955962687,0.8523566411446224,0.8602837683704456
organ_tablature,ammerbach_bookA,1,0.9620817014214211,0.8445244972926416,0.9033030993570313
organ_tablature,ammerbach_bookA,1,0.9999229233203347,0.9656029397649591,0.9827629315426469
organ_tablature,ammerbach_bookA,1,0.9998896747773751,0.9981260010678057,0.9990078379225904
organ_tablature,ammerbach_bookA,1,0.9983989005034166,1.0,0.9991994502517083
organ_tablature,ammerbach_bookA,1,0.9995527031515925,0.9210870753213962,0.9603198892364944
organ_tablature,ammerbach_bookA,1,0.9998459182057587,0.9898029620023397,0.9948244401040492
organ_tablature,ammerbach_bookA,1,0.9999794241997388,0.9969151848434692,0.998447304521604
organ_tablature,ammerbach_bookA,1,0.9997772784769625,1.0,0.9998886392384813
organ_tablature,ammerbach_bookA,1,0.9878749525674511,0.9929760690866828,0.990425510827067
organ_tablature,ammerbach_bookA,1,0.9990889127340332,0.9926856296921868,0.9958872712131099
organ_tablature,ammerbach_bookA,1,0.9999760826839519,0.9952845540498537,0.9976303183669029
organ_tablature,ammerbach_bookA,1,0.9999916581398276,0.9939211279244432,0.9969563930321355
organ_tablature,ammerbach_bookA,1,0.9999857619791005,0.9989623797025372,0.9994740708408189
organ_tablature,ammerbach_bookA,1,0.9998688289600337,1.0,0.9999344144800169
organ_tablature,ammerbach_bookA,1,0.9681480421444435,0.968897037823789,0.9685225399841162
organ_tablature,ammerbach_bookA,1,0.9216568653575558,0.8992521681278295,0.9104545167426926
organ_tablature,ammerbach_bookA,1,0.9993649397593782,0.9985873786407767,0.9989761592000774
organ_tablature,ammerbach_bookA,1,0.999950530644461,1.0,0.9999752653222305
organ_tablature,ammerbach_bookA,1,0.999973078121198,1.0,0.999986539060599
organ_tablature,ammerbach_bookA,1,0.9999852910103169,0.9921410011667403,0.9960631460885285
organ_tablature,ammerbach_bookA,1,0.9985910401906761,0.9520152194938599,0.9753031298422681
organ_tablature,ammerbach_bookA,1,0.5513338446471409,0.8602597289677162,0.7057967868074285
organ_tablature,ammerbach_bookA,1,0.999608959733901,0.9761573871088718,0.9878831734213864
organ_tablature,ammerbach_bookA,1,0.9999709350112204,1.0,0.9999854675056101
organ_tablature,ammerbach_bookA,1,0.9999860723842499,0.9952640093970352,0.9976250408906425
organ_tablature,ammerbach_bookA,1,0.9999605625604162,0.9972753242260081,0.9986179433932121
organ_tablature,ammerbach_bookA,1,0.99972816978556,0.9960517178105516,0.9978899437980557
organ_tablature,ammerbach_bookA,1,0.9998373917172337,0.996567483452277,0.9982024375847554
organ_tablature,ammerbach_bookA,1,0.22798666417004407,0.8215215731007658,0.5247541186354049
organ_tablature,ammerbach_bookA,1,0.7052291426133597,0.8141478996412529,0.7596885211273063
organ_tablature,ammerbach_bookA,1,0.9999998345507689,0.946381502642853,0.973190668596811
organ_tablature,ammerbach_bookA,1,0.9999979092809672,1.0,0.9999989546404836
organ_tablature,ammerbach_bookA,1,0.9995334401357748,1.0,0.9997667200678875
organ_tablature,ammerbach_bookA,1,0.9990926558499209,1.0,0.9995463279249605
organ_tablature,ammerbach_bookA,1,0.9449265273244798,0.9206600866207767,0.9327933069726282
organ_tablature,ammerbach_bookA,1,0.9949507498748852,0.9905062448485011,0.9927284973616932
organ_tablature,ammerbach_bookA,1,0.9955905243899122,0.992345455223138,0.9939679898065251
organ_tablature,ammerbach_bookA,1,0.9996918966417916,0.9957387732870808,0.9977153349644362
organ_tablature,ammerbach_bookA,1,0.9993878406208786,0.9883172248809392,0.9938525327509089
organ_tablature,ammerbach_bookA,1,0.9926983185378426,0.9967866625277162,0.9947424905327794
organ_tablature,ammerbach_bookA,1,0.9112144633659917,0.8992773959159517,0.9052459296409716
organ_tablature,ammerbach_bookA,1,0.989390218209228,0.9578107180627807,0.9736004681360044
organ_tablature,ammerbach_bookA,1,0.9989595719362359,0.9765174865736925,0.9877385292549642
organ_tablature,ammerbach_bookA,1,0.9994645943602833,0.9966529160739688,0.9980587552171261
organ_tablature,ammerbach_bookA,1,0.8968120505772914,0.9817480313739914,0.9392800409756414
organ_tablature,ammerbach_bookA,1,0.984117346660163,0.998227511901779,0.991172429280971
organ_tablature,ammerbach_bookA,1,0.9992834371498001,1.0,0.9996417185749
organ_tablature,ammerbach_bookA,1,0.9995275378515047,0.9929462987291762,0.9962369182903404
organ_tablature,ammerbach_bookA,1,0.5186901852077372,0.8845489954641138,0.7016195903359255
organ_tablature,ammerbach_bookA,1,0.9995079799083888,1.0,0.9997539899541944
organ_tablature,ammerbach_bookA,1,0.9996676037138323,1.0,0.9998338018569162
organ_tablature,ammerbach_bookA,1,0.9636596385890387,0.9829695293358841,0.9733145839624614
organ_tablature,ammerbach_bookA,1,0.9207175222034303,0.9840299705431196,0.9523737463732749
organ_tablature,ammerbach_bookA,1,0.9970012916870871,1.0,0.9985006458435435
organ_tablature,ammerbach_bookA,1,0.9995290512489656,0.9983399715504979,0.9989345113997318
organ_tablature,ammerbach_bookA,1,0.9999155332782115,0.9967360212993593,0.9983257772887855
organ_tablature,ammerbach_bookA,1,0.9943502042478832,0.9907244765433999,0.9925373403956416
organ_tablature,ammerbach_bookA,1,0.993043615340766,1.0,0.996521807670383
organ_tablature,ammerbach_bookA,1,0.999913376752077,1.0,0.9999566883760385
organ_tablature,ammerbach_bookA,1,0.9998924778628808,1.0,0.9999462389314404
organ_tablature,ammerbach_bookA,1,0.9971822258070284,0.9897909244031984,0.9934865751051134
organ_tablature,ammerbach_bookA,1,0.993983125788123,0.9664839653683764,0.9802335455782497
organ_tablature,ammerbach_bookA,1,0.4389477745808162,0.8384574311978006,0.6387026028893084
organ_tablature,ammerbach_bookA,1,0.9952145443146159,0.940826854439421,0.9680206993770184
organ_tablature,ammerbach_bookA,1,0.9982668863006687,0.9927789171417744,0.9955229017212215
organ_tablature,ammerbach_bookA,1,0.9963633694167002,1.0,0.9981816847083501
organ_tablature,ammerbach_bookA,1,0.7701749197008346,0.9751944035588545,0.8726846616298445
organ_tablature,ammerbach_bookA,1,0.8909876381769519,0.9802913945596001,0.935639516368276
organ_tablature,ammerbach_bookA,1,0.9932027018044814,0.996090927460093,0.9946468146322872
organ_tablature,ammerbach_bookA,1,0.9998860901743728,1.0,0.9999430450871865
organ_tablature,ammerbach_bookA,1,0.999934898470669,0.9982916073968705,0.9991132529337697
organ_tablature,ammerbach_bookA,1,0.9993397169731645,0.9626376976891495,0.980988707331157
organ_tablature,ammerbach_bookA,1,0.9469332867745154,0.9275481757687566,0.937240731271636
organ_tablature,ammerbach_bookA,1,0.9430078782884698,0.9612547968953981,0.9521313375919339
organ_tablature,ammerbach_bookA,1,0.7562656763053306,0.9064384581606808,0.8313520672330057
organ_tablature,ammerbach_bookA,1,0.996569527254607,0.9722471706844841,0.9844083489695455
organ_tablature,ammerbach_bookA,1,0.9999562852128732,1.0,0.9999781426064366
organ_tablature,ammerbach_bookA,1,0.9999863928102477,1.0,0.9999931964051239
organ_tablature,ammerbach_bookA,1,0.9999993610493495,0.993638827842222,0.9968190944457858
organ_tablature,ammerbach_bookA,1,0.9999983876719386,0.960363082104965,0.9801807348884518
organ_tablature,ammerbach_bookA,1,0.9999214480753533,0.9585661922862875,0.9792438201808205
organ_tablature,ammerbach_bookA,1,0.9928938087891194,0.9982370668006026,0.9955654377948611
organ_tablature,ammerbach_bookA,1,0.9996437416963754,1.0,0.9998218708481876
organ_tablature,ammerbach_bookA,1,0.9998362084204501,1.0,0.999918104210225
organ_tablature,ammerbach_bookA,1,0.9993594796985461,1.0,0.999679739849273
organ_tablature,ammerbach_bookA,1,0.9988364650700075,1.0,0.9994182325350037
organ_tablature,ammerbach_bookA,1,0.999962375452518,0.98225969316925,0.991111034310884
organ_tablature,ammerbach_bookA,1,0.9997602087108508,1.0,0.9998801043554254
organ_tablature,ammerbach_bookA,1,0.9999813645268416,1.0,0.9999906822634208
organ_tablature,ammerbach_bookA,1,0.9999861663830099,1.0,0.9999930831915049
organ_tablature,ammerbach_bookA,1,0.999996682517475,1.0,0.9999983412587374
organ_tablature,ammerbach_bookA,1,0.9999997542670087,1.0,0.9999998771335044
organ_tablature,ammerbach_bookA,1,0.9999885977232764,0.9796102068334824,0.9897994022783794
organ_tablature,ammerbach_bookA,1,0.9990913632898897,0.9732091376656943,0.9861502504777919
organ_tablature,ammerbach_bookA,1,0.9989522045351179,0.9984353562005277,0.9986937803678229
organ_tablature,ammerbach_bookA,1,0.9998877554565081,1.0,0.9999438777282541
organ_tablature,ammerbach_bookA,1,0.9955404217423627,1.0,0.9977702108711813
organ_tablature,ammerbach_bookA,1,0.9982869728151225,1.0,0.9991434864075612
organ_tablature,ammerbach_bookA,1,0.9999511633639794,1.0,0.9999755816819897
organ_tablature,ammerbach_bookA,1,0.9982113939458391,1.0,0.9991056969729195
organ_tablature,ammerbach_bookA,1,0.9998862676343068,0.9988855106888361,0.9993858891615715
organ_tablature,ammerbach_bookA,1,0.9998594685433088,1.0,0.9999297342716544
organ_tablature,ammerbach_bookA,1,0.9995810939105856,1.0,0.9997905469552928
organ_tablature,ammerbach_bookA,1,0.9993005982610973,1.0,0.9996502991305487
organ_tablature,ammerbach_bookA,1,0.9997281697263305,1.0,0.9998640848631652
organ_tablature,ammerbach_bookA,1,0.9967600593314766,0.9967322580645162,0.9967461586979964
organ_tablature,ammerbach_bookA,1,0.997658732177157,0.9891916835110053,0.9934252078440811
organ_tablature,ammerbach_bookA,1,0.9999841178335459,0.9077331558240631,0.9538586368288045
organ_tablature,ammerbach_bookA,1,0.9998947965747654,0.9844117801364856,0.9921532883556254
organ_tablature,ammerbach_bookA,1,0.9967332160719469,0.9981248,0.9974290080359735
organ_tablature,ammerbach_bookA,1,0.9963646761385695,0.969669776742874,0.9830172264407218
organ_tablature,ammerbach_bookA,1,0.9999904429843793,1.0,0.9999952214921897
organ_tablature,ammerbach_bookA,1,0.9999959255235509,1.0,0.9999979627617754
organ_tablature,ammerbach_bookA,1,0.9999964683128155,0.9953674742717129,0.9976819712922642
organ_tablature,ammerbach_bookA,1,0.999998948663066,1.0,0.999999474331533
organ_tablature,ammerbach_bookA,1,0.9999802781251856,1.0,0.9999901390625928
organ_tablature,ammerbach_bookA,1,0.9998650043119928,1.0,0.9999325021559964
organ_tablature,ammerbach_bookA,1,0.9999510616662532,0.9480175558972007,0.973984308781727
organ_tablature,ammerbach_bookA,1,0.9981991241045235,0.9350639122931429,0.9666315181988332
organ_tablature,ammerbach_bookA,1,0.6596368178867362,0.7472009514378443,0.7034188846622902
organ_tablature,ammerbach_bookA,1,0.9950732216966646,0.9829860659498117,0.9890296438232382
organ_tablature,ammerbach_bookA,1,0.9999905027297873,0.9758242727821154,0.9879073877559513
organ_tablature,ammerbach_bookA,1,0.999966866945895,0.8826995743420877,0.9413332206439913
organ_tablature,ammerbach_bookA,1,0.9996503669010771,0.9794424047924274,0.9895463858467523
organ_tablature,ammerbach_bookA,1,0.9999955856566841,1.0,0.9999977928283421
organ_tablature,ammerbach_bookA,1,0.9999873494973163,0.9473124122045271,0.9736498808509217
organ_tablature,ammerbach_bookA,1,0.9999289056483085,0.9543437824312708,0.9771363440397897
organ_tablature,ammerbach_bookA,1,0.9886171244664864,1.0,0.9943085622332433
organ_tablature,ammerbach_bookA,1,0.9894512319514672,1.0,0.9947256159757336
organ_tablature,ammerbach_bookA,1,0.988909190544366,0.9824911643880692,0.9857001774662175
organ_tablature,ammerbach_bookA,1,0.975469393178156,0.9777014439129129,0.9765854185455345
organ_tablature,ammerbach_bookA,1,0.9996624804864457,0.9946230440967283,0.9971427622915869
organ_tablature,ammerbach_bookA,1,0.9994585471708243,1.0,0.9997292735854122
organ_tablature,ammerbach_bookA,1,0.998457554661742,0.9940181239276448,0.9962378392946933
organ_tablature,ammerbach_bookA,1,0.9947230710528113,0.9940969035907657,0.9944099873217885
organ_tablature,ammerbach_bookA,1,0.9999179193669697,0.9952051866113439,0.9975615529891568
organ_tablature,ammerbach_bookA,1,0.9999309125899073,1.0,0.9999654562949536
organ_tablature,ammerbach_bookA,1,0.999979693496548,0.9951597483721053,0.9975697209343266
organ_tablature,ammerbach_bookA,1,0.9980371836533187,0.9948197768216075,0.9964284802374631
organ_tablature,ammerbach_bookA,1,0.9986781270922269,1.0,0.9993390635461135
organ_tablature,ammerbach_bookA,1,0.9997075483758485,1.0,0.9998537741879243
organ_tablature,ammerbach_bookA,1,0.9999958417453075,1.0,0.9999979208726537
organ_tablature,ammerbach_bookA,1,0.999998191867183,1.0,0.9999990959335915
organ_tablature,ammerbach_bookA,1,0.9999848692562154,1.0,0.9999924346281077
organ_tablature,ammerbach_bookA,1,0.9997897851949132,0.9971308482667314,0.9984603167308224
organ_tablature,ammerbach_bookA,1,0.9999781412552657,0.9983776824034335,0.9991779118293496
organ_tablature,ammerbach_bookA,1,0.9999742810378842,1.0,0.9999871405189421
organ_tablature,ammerbach_bookA,1,0.9999537520264415,1.0,0.9999768760132208
organ_tablature,ammerbach_bookA,1,0.9997906511775445,0.998090927460093,0.9989407893188187
organ_tablature,ammerbach_bookA,1,0.9984240264645253,0.9893045078830413,0.9938642671737833
organ_tablature,ammerbach_bookA,1,0.9999805128267922,1.0,0.9999902564133961
organ_tablature,ammerbach_bookA,1,0.9994865793029296,1.0,0.9997432896514649
organ_tablature,ammerbach_bookA,1,0.9999855721963072,0.9755479703907836,0.9877667712935454
organ_tablature,ammerbach_bookA,1,0.9999990685918927,1.0,0.9999995342959463
organ_tablature,ammerbach_bookA,1,0.9999905304829059,0.9769035585657675,0.9884470445243367
organ_tablature,ammerbach_bookA,1,0.9999985573676204,1.0,0.9999992786838102
organ_tablature,ammerbach_bookA,1,0.9999999733007445,1.0,0.9999999866503723
organ_tablature,ammerbach_bookA,1,0.9999988430343835,1.0,0.9999994215171917
organ_tablature,ammerbach_bookA,1,0.9999977129332307,1.0,0.9999988564666153
organ_tablature,ammerbach_bookA,1,0.9999778699479971,0.9970776400350094,0.9985277549915033
organ_tablature,ammerbach_bookA,1,0.9998671975299801,0.9970173210000449,0.9984422592650125
organ_tablature,ammerbach_bookA,1,0.9999976365546867,1.0,0.9999988182773434
organ_tablature,ammerbach_bookA,1,0.9999989764081919,1.0,0.9999994882040959
organ_tablature,ammerbach_bookA,1,0.9999692267570266,0.9987891837756636,0.999379205266345
organ_tablature,ammerbach_bookA,1,0.7145426686907134,0.9549582595044097,0.8347504640975616
organ_tablature,ammerbach_bookA,1,0.7408674680643512,0.93683121859502,0.8388493433296856
organ_tablature,ammerbach_bookA,1,0.9999427290270362,0.9956788021972202,0.9978107656121282
organ_tablature,ammerbach_bookA,1,0.9999998064386338,1.0,0.999999903219317
organ_tablature,ammerbach_bookA,1,0.9999112860037168,1.0,0.9999556430018584
organ_tablature,ammerbach_bookA,1,0.9992203154444279,0.9881224084659606,0.9936713619551942
organ_tablature,ammerbach_bookA,1,0.9995792867424326,1.0,0.9997896433712163
organ_tablature,ammerbach_bookA,1,0.9980128056948112,0.9942176386484433,0.9961152221716272
organ_tablature,ammerbach_bookA,1,0.9957079696684448,0.9968616692862543,0.9962848194773495
organ_tablature,ammerbach_bookA,1,0.9928718170455186,0.9988649687650167,0.9958683929052676
organ_tablature,ammerbach_bookA,1,0.999836507572034,1.0,0.999918253786017
organ_tablature,ammerbach_bookA,1,0.9998030402201774,0.9990260586319218,0.9994145494260496
organ_tablature,ammerbach_bookA,1,0.9997701964627542,0.9390553183223606,0.9694127573925574
organ_tablature,ammerbach_bookA,1,0.9999774684384038,0.9754209941342068,0.9876992312863053
organ_tablature,ammerbach_bookA,1,0.9989198441374665,0.9925369278533203,0.9957283859953934
organ_tablature,ammerbach_bookA,1,0.9999322224077644,1.0,0.9999661112038822
organ_tablature,ammerbach_bookA,1,0.9990847562822812,0.9938184316681924,0.9964515939752367
organ_tablature,ammerbach_bookA,1,0.9997513489555228,0.9570042304223885,0.9783777896889556
organ_tablature,ammerbach_bookA,1,0.9993906185652612,0.9306774416606596,0.9650340301129604
organ_tablature,ammerbach_bookA,1,0.9973403417802297,1.0,0.9986701708901149
organ_tablature,ammerbach_bookA,1,0.9998545968448074,0.9923230020111998,0.9960887994280037
organ_tablature,ammerbach_bookA,1,0.9999232201137147,0.965751416283174,0.9828373181984443
organ_tablature,ammerbach_bookA,1,0.999940892629832,0.9941576278667994,0.9970492602483156
organ_tablature,ammerbach_bookA,1,0.5839967639215123,0.9030837427793624,0.7435402533504374
organ_tablature,ammerbach_bookA,1,0.524900257930965,0.9237300768514384,0.7243151673912016
organ_tablature,ammerbach_bookA,1,0.9999887211189155,0.9637178374227412,0.9818532792708283
organ_tablature,ammerbach_bookA,1,0.9999986765288263,1.0,0.9999993382644132
organ_tablature,ammerbach_bookA,1,0.9999984903208651,1.0,0.9999992451604325
organ_tablature,ammerbach_bookA,1,0.9999872004592324,0.9869834935332431,0.9934853469962377
organ_tablature,ammerbach_bookA,1,0.9990526735834012,0.9292299930085391,0.9641413332959702
organ_tablature,ammerbach_bookA,1,0.9987697405087218,1.0,0.9993848702543608
organ_tablature,ammerbach_bookA,1,0.9998794170848142,0.9900472481320517,0.994963332608433
organ_tablature,ammerbach_bookA,1,0.9993635468186706,1.0,0.9996817734093353
organ_tablature,ammerbach_bookA,1,0.9976108104811005,1.0,0.9988054052405502
organ_tablature,ammerbach_bookA,1,0.9997599641389294,0.9973185291943828,0.998539246666656
organ_tablature,ammerbach_bookA,1,0.9998127742498056,0.998,0.9989063871249029
organ_tablature,ammerbach_bookA,1,0.9994453836451971,0.9880617254722027,0.9937535545587
organ_tablature,ammerbach_bookA,1,0.999944099881673,1.0,0.9999720499408364
organ_tablature,ammerbach_bookA,1,0.9997006938385858,1.0,0.999850346919293
organ_tablature,ammerbach_bookA,1,0.9997680032890923,1.0,0.9998840016445462
organ_tablature,ammerbach_bookA,1,0.9998546081436077,1.0,0.9999273040718039
organ_tablature,ammerbach_bookA,1,0.9995602621742475,0.9367905757848836,0.9681754189795655
organ_tablature,ammerbach_bookA,1,0.9987240864410941,1.0,0.999362043220547
organ_tablature,ammerbach_bookA,1,0.9998702699254992,0.998,0.9989351349627495
organ_tablature,ammerbach_bookA,1,0.9998980281906475,1.0,0.9999490140953238
organ_tablature,ammerbach_bookA,1,0.9987377515084339,1.0,0.999368875754217
organ_tablature,ammerbach_bookA,1,0.998540069977704,0.9257068423478747,0.9621234561627894
organ_tablature,ammerbach_bookA,1,0.9980652750363996,1.0,0.9990326375181998
organ_tablature,ammerbach_bookA,1,0.9999826799662236,0.9981260010678057,0.9990543405170147
organ_tablature,ammerbach_bookA,1,0.9999965097441533,1.0,0.9999982548720767
organ_tablature,ammerbach_bookA,1,0.9999837962781546,1.0,0.9999918981390773
organ_tablature,ammerbach_bookA,1,0.9979681104011311,0.9973916996734816,0.9976799050373064
organ_tablature,ammerbach_bookA,1,0.9965747034721838,0.8186901484122945,0.9076324259422391
organ_tablature,ammerbach_bookA,1,0.9998763361242615,0.998,0.9989381680621308
organ_tablature,ammerbach_bookA,1,0.9935750814156534,0.9914146523545807,0.992494866885117
organ_tablature,ammerbach_bookA,1,0.9998810363425236,1.0,0.9999405181712617
organ_tablature,ammerbach_bookA,1,0.999985640186669,0.9966988225181408,0.9983422313524049
organ_tablature,ammerbach_bookA,1,0.9999965257561995,0.9666922613803274,0.9833443935682634
organ_tablature,ammerbach_bookA,1,0.9999603187507925,0.9242900146237797,0.9621251666872861
organ_tablature,ammerbach_bookA,1,0.9999784994706891,0.9984353562005277,0.9992069278356084
organ_tablature,ammerbach_bookA,1,0.9994106973552602,0.9797005547022983,0.9895556260287792
organ_tablature,ammerbach_bookA,1,0.9999909313878985,1.0,0.9999954656939493
organ_tablature,ammerbach_bookA,1,0.9999720000685416,1.0,0.9999860000342708
organ_tablature,ammerbach_bookA,1,0.9999991457188572,1.0,0.9999995728594286
organ_tablature,ammerbach_bookA,1,0.998487992168256,0.9491971293744573,0.9738425607713567
organ_tablature,ammerbach_bookA,1,0.9930668847526841,1.0,0.9965334423763421
organ_tablature,ammerbach_bookA,1,0.9994728118987596,1.0,0.9997364059493798
organ_tablature,ammerbach_bookA,1,0.9980240337560897,1.0,0.9990120168780449
organ_tablature,ammerbach_bookA,1,0.9913869069001622,1.0,0.9956934534500811
organ_tablature,ammerbach_bookA,1,0.9980001933818489,0.9988829686013321,0.9984415809915905
organ_tablature,ammerbach_bookA,1,0.9951175724561284,0.994895466625256,0.9950065195406922
organ_tablature,ammerbach_bookA,1,0.994671703612323,0.9984572930354797,0.9965644983239014
organ_tablature,ammerbach_bookA,1,0.9993413943619989,1.0,0.9996706971809994
organ_tablature,ammerbach_bookA,1,0.9999826642953946,1.0,0.9999913321476973
organ_tablature,ammerbach_bookA,1,0.9997482781500775,1.0,0.9998741390750387
organ_tablature,ammerbach_bookA,1,0.9992286275262315,0.996956794889978,0.9980927112081048
organ_tablature,ammerbach_bookA,1,0.9993619679268739,0.9603450445119448,0.9798535062194094
organ_tablature,ammerbach_bookA,1,0.9956409717431215,1.0,0.9978204858715607
organ_tablature,ammerbach_bookA,1,0.9997568974707203,0.9968197768216075,0.9982883371461639
organ_tablature,ammerbach_bookA,1,0.9999611446311835,1.0,0.9999805723155917
organ_tablature,ammerbach_bookA,1,0.9999400847688578,1.0,0.9999700423844289
organ_tablature,ammerbach_bookA,1,0.9981932421495824,1.0,0.9990966210747911
organ_tablature,ammerbach_bookA,1,0.9997037715139758,0.9743483243352831,0.9870260479246294
organ_tablature,ammerbach_bookA,1,0.9988564813429572,0.997983908526554,0.9984201949347556
organ_tablature,ammerbach_bookA,1,0.9999583183410006,0.9768711215529761,0.9884147199469884
organ_tablature,ammerbach_bookA,1,0.9999485044531174,0.9153518907198654,0.9576501975864915
organ_tablature,ammerbach_bookA,1,0.9975521945316187,0.9197628310397818,0.9586575127857002
organ_tablature,ammerbach_bookA,1,0.9997706753233191,0.9988649687650167,0.9993178220441679
organ_tablature,ammerbach_bookA,1,0.9999863049438711,1.0,0.9999931524719355
organ_tablature,ammerbach_bookA,1,0.9999597545185998,1.0,0.9999798772592998
organ_tablature,ammerbach_bookA,1,0.9999851288543474,1.0,0.9999925644271737
organ_tablature,ammerbach_bookA,1,0.9999823044870509,0.9981747873163187,0.9990785459016849
organ_tablature,ammerbach_bookA,1,0.9997864546101262,0.8442801004857001,0.9220332775479132
organ_tablature,ammerbach_bookA,1,0.9996904553089262,1.0,0.9998452276544632
organ_tablature,ammerbach_bookA,1,0.999809167292305,1.0,0.9999045836461524
organ_tablature,ammerbach_bookA,1,0.9993488645161941,0.9961672447013488,0.9977580546087714
organ_tablature,ammerbach_bookA,1,0.9920516840356083,1.0,0.9960258420178041
organ_tablature,ammerbach_bookA,1,0.9982151304941743,1.0,0.9991075652470871
organ_tablature,ammerbach_bookA,1,0.9803403784948967,0.9296246915659223,0.9549825350304095
organ_tablature,ammerbach_bookA,1,0.996264511779598,0.9141902905101016,0.9552274011448498
organ_tablature,ammerbach_bookA,1,0.993005441983324,1.0,0.9965027209916619
organ_tablature,ammerbach_bookA,1,0.9991411637692864,0.9876474371445539,0.9933943004569201
organ_tablature,ammerbach_bookA,1,0.9887656705780451,1.0,0.9943828352890225
organ_tablature,ammerbach_bookA,1,0.9922922048995138,0.9985433312845727,0.9954177680920433
organ_tablature,ammerbach_bookA,1,0.9985676154646527,1.0,0.9992838077323263
organ_tablature,ammerbach_bookA,1,0.9362382526631684,0.9467223384763821,0.9414802955697752
organ_tablature,ammerbach_bookA,1,0.5865941707635978,0.929978427226824,0.7582862989952108
organ_tablature,ammerbach_bookA,1,0.4751971693551328,0.8714115534287525,0.6733043613919427
organ_tablature,ammerbach_bookA,1,0.9963289306806054,0.9988649687650167,0.997596949722811
organ_tablature,ammerbach_bookA,1,0.9999781885439855,1.0,0.9999890942719927
organ_tablature,ammerbach_bookA,1,0.998742026888576,1.0,0.999371013444288
organ_tablature,ammerbach_bookA,1,0.9994171036097225,1.0,0.9997085518048612
organ_tablature,ammerbach_bookA,1,0.9998164145188612,1.0,0.9999082072594305
organ_tablature,ammerbach_bookA,1,0.9985533465859244,0.9896046990312177,0.9940790228085711
organ_tablature,ammerbach_bookA,1,0.9227250287176674,0.8479090673188061,0.8853170480182367
organ_tablature,ammerbach_bookA,1,0.9986147546570199,1.0,0.9993073773285099
organ_tablature,ammerbach_bookA,1,0.9999117614873816,0.9954420998496322,0.9976769306685069
organ_tablature,ammerbach_bookA,1,0.9987220058097208,1.0,0.9993610029048604
organ_tablature,ammerbach_bookA,1,0.9997877376467933,1.0,0.9998938688233967
organ_tablature,ammerbach_bookA,1,0.7338098876273463,0.9222337854428345,0.8280218365350904
organ_tablature,ammerbach_bookA,1,0.9992216862426053,1.0,0.9996108431213027
organ_tablature,ammerbach_bookA,1,0.9999981901329325,1.0,0.9999990950664662
organ_tablature,ammerbach_bookA,1,0.9999910197860745,1.0,0.9999955098930373
organ_tablature,ammerbach_bookA,1,0.9986125759539126,1.0,0.9993062879769563
organ_tablature,ammerbach_bookA,1,0.9998295973542346,0.9158234953105441,0.9578265463323894
organ_tablature,ammerbach_bookA,1,0.9998183781980904,1.0,0.9999091890990452
organ_tablature,ammerbach_bookA,1,0.999994761541086,1.0,0.999997380770543
organ_tablature,ammerbach_bookA,1,0.9999991782408644,1.0,0.9999995891204322
organ_tablature,ammerbach_bookA,1,0.9999999313664432,1.0,0.9999999656832216
organ_tablature,ammerbach_bookA,1,0.9999999693956465,1.0,0.9999999846978233
organ_tablature,ammerbach_bookA,1,0.9999998187088601,0.998,0.9989999093544301
organ_tablature,ammerbach_bookA,1,0.9998631871289851,0.9626844727151849,0.981273829922085
organ_tablature,ammerbach_bookA,1,0.9997421344893739,0.997935533343199,0.9988388339162864
organ_tablature,ammerbach_bookA,1,0.999888106503218,0.9985068322981367,0.9991974694006773
organ_tablature,ammerbach_bookA,1,0.9938530583920772,1.0,0.9969265291960385
organ_tablature,ammerbach_bookA,1,0.9039984385770823,0.998,0.9509992192885411
organ_tablature,ammerbach_bookA,1,0.9542435938208331,1.0,0.9771217969104166
organ_tablature,ammerbach_bookA,1,0.9949491266210738,1.0,0.9974745633105369
organ_tablature,ammerbach_bookA,1,0.9997831317479955,1.0,0.9998915658739977
organ_tablature,ammerbach_bookA,1,0.9576207830752912,0.7010439415115363,0.8293323622934137
organ_tablature,ammerbach_bookA,1,0.9913175855453158,0.9030260901741074,0.9471718378597116
organ_tablature,ammerbach_bookA,1,0.999213672024491,0.9797005547022983,0.9894571133633947
organ_tablature,ammerbach_bookA,1,0.9992223408821584,0.9877269471456792,0.9934746440139188
organ_tablature,ammerbach_bookA,1,0.9994997149129682,0.9304063102661139,0.964953012589541
organ_tablature,ammerbach_bookA,1,0.9604283040815665,0.9360911544617417,0.9482597292716541
organ_tablature,ammerbach_bookA,1,0.9802752733913749,0.9919543252471295,0.9861147993192522
organ_tablature,ammerbach_bookA,1,0.9888369895373873,0.99613107452839,0.9924840320328887
organ_tablature,ammerbach_bookA,1,0.7147701486260359,0.9760084506294138,0.8453892996277248
organ_tablature,ammerbach_bookA,1,0.9833812584771146,0.9740750149951176,0.978728136736116
organ_tablature,ammerbach_bookA,1,0.9999234990236556,0.9787224006076325,0.9893229498156441
organ_tablature,ammerbach_bookA,1,0.9846464353798595,0.9826635622193078,0.9836549987995837
organ_tablature,ammerbach_bookA,1,0.9991944570219212,1.0,0.9995972285109607
organ_tablature,ammerbach_bookA,1,0.9991078237926163,0.9966618625277162,0.9978848431601662
organ_tablature,ammerbach_bookA,1,0.9698422055417975,0.9963304317316682,0.9830863186367329
organ_tablature,ammerbach_bookA,1,0.9894680277348687,0.9980557400379507,0.9937618838864097
organ_tablature,ammerbach_bookA,1,0.9974916342655994,1.0,0.9987458171327996
organ_tablature,ammerbach_bookA,1,0.9999775590371384,1.0,0.9999887795185691
organ_tablature,ammerbach_bookA,1,0.9999861988641129,0.98861532092378,0.9943007598939464
organ_tablature,ammerbach_bookA,1,0.9995653058994449,0.9987224622030237,0.9991438840512343
organ_tablature,ammerbach_bookA,1,0.9999465103430233,1.0,0.9999732551715117
organ_tablature,ammerbach_bookA,1,0.9999980374918812,1.0,0.9999990187459407
organ_tablature,ammerbach_bookA,1,0.9999998527915589,1.0,0.9999999263957795
organ_tablature,ammerbach_bookA,1,0.9999986554206952,1.0,0.9999993277103476
organ_tablature,ammerbach_bookA,1,0.9997893488843188,1.0,0.9998946744421594
organ_tablature,ammerbach_bookA,1,0.999995811999464,0.9968702041368943,0.9984330080681791
organ_tablature,ammerbach_bookA,1,0.9998646890673526,1.0,0.9999323445336763
organ_tablature,ammerbach_bookA,1,0.9994956831742039,1.0,0.999747841587102
organ_tablature,ammerbach_bookA,1,0.9988016785531438,1.0,0.9994008392765719
organ_tablature,ammerbach_bookA,1,0.9998880293996988,1.0,0.9999440146998494
organ_tablature,ammerbach_bookA,1,0.9987836801906091,0.9872770359669065,0.9930303580787578
organ_tablature,ammerbach_bookA,1,0.9978152816335119,0.9768616562868802,0.9873384689601961
organ_tablature,ammerbach_bookA,1,0.9812993410736571,1.0,0.9906496705368286
organ_tablature,ammerbach_bookA,1,0.996984365560159,1.0,0.9984921827800795
organ_tablature,ammerbach_bookA,1,0.9978750682676252,1.0,0.9989375341338126
organ_tablature,ammerbach_bookA,1,0.9998861086741344,0.9952282081659074,0.9975571584200209
organ_tablature,ammerbach_bookA,1,0.9997204195148266,1.0,0.9998602097574133
organ_tablature,ammerbach_bookA,1,0.9947211495746051,1.0,0.9973605747873026
organ_tablature,ammerbach_bookA,1,0.9997403993265335,1.0,0.9998701996632667
organ_tablature,ammerbach_bookA,1,0.9997838070352147,1.0,0.9998919035176074
organ_tablature,ammerbach_bookA,1,0.9999801365633734,1.0,0.9999900682816867
organ_tablature,ammerbach_bookA,1,0.9999512332708019,1.0,0.999975616635401
organ_tablature,ammerbach_bookA,1,0.9998809996153843,1.0,0.9999404998076922
organ_tablature,ammerbach_bookA,1,0.9839398454618313,0.996823479206761,0.9903816623342961
organ_tablature,ammerbach_bookA,1,0.8001205773049541,0.9842582692055798,0.892189423255267
organ_tablature,ammerbach_bookA,1,0.999775942349406,0.9934509528527005,0.9966134476010533
organ_tablature,ammerbach_bookA,1,0.9938191960211815,0.9873067135828155,0.9905629548019985
organ_tablature,ammerbach_bookA,1,0.9965486095396228,0.9902865715928556,0.9934175905662392
organ_tablature,ammerbach_bookA,1,0.9994390554561503,1.0,0.9997195277280752
organ_tablature,ammerbach_bookA,1,0.9991224408354655,1.0,0.9995612204177328
organ_tablature,ammerbach_bookA,1,0.9973190205501896,0.9918440722173655,0.9945815463837775
organ_tablature,ammerbach_bookA,1,0.9918861836629147,0.998875298614429,0.9953807411386719
organ_tablature,ammerbach_bookA,1,0.9870300020301314,1.0,0.9935150010150657
organ_tablature,ammerbach_bookA,1,0.9755713166461989,0.998,0.9867856583230994
organ_tablature,ammerbach_bookA,1,0.998403612926655,0.9874230306842463,0.9929133218054507
organ_tablature,ammerbach_bookA,1,0.9986446165360221,1.0,0.999322308268011
organ_tablature,ammerbach_bookA,1,0.9987064455219616,1.0,0.9993532227609808
organ_tablature,ammerbach_bookA,1,0.9986092625673365,1.0,0.9993046312836682
organ_tablature,ammerbach_bookA,1,0.9991691722974397,1.0,0.9995845861487198
organ_tablature,ammerbach_bookA,1,0.9980600557863493,1.0,0.9990300278931746
organ_tablature,ammerbach_bookA,1,0.9982745157709575,1.0,0.9991372578854787
organ_tablature,ammerbach_bookA,1,0.9999187435369183,1.0,0.9999593717684592
organ_tablature,ammerbach_bookA,1,0.9999589590540434,1.0,0.9999794795270217
organ_tablature,ammerbach_bookA,1,0.9967851082382513,0.9956834628746841,0.9962342855564676
organ_tablature,ammerbach_bookA,1,0.971521272758273,0.9797005547022983,0.9756109137302857
organ_tablature,ammerbach_bookA,1,0.9998525929506551,1.0,0.9999262964753275
organ_tablature,ammerbach_bookA,1,0.9999921156769233,0.9842354747533574,0.9921137952151403
organ_tablature,ammerbach_bookA,1,0.9999983018384525,0.9738023506071418,0.9869003262227971
organ_tablature,ammerbach_bookA,1,0.9992488991727251,1.0,0.9996244495863625
organ_tablature,ammerbach_bookA,1,0.9995537350426384,1.0,0.9997768675213192
organ_tablature,ammerbach_bookA,1,0.9973762719664643,1.0,0.9986881359832321
organ_tablature,ammerbach_bookA,1,0.9936062497327736,0.9955972268295329,0.9946017382811532
organ_tablature,ammerbach_bookA,1,0.9944522833985023,1.0,0.9972261416992512
organ_tablature,ammerbach_bookA,1,0.9980001713182449,0.989022219174146,0.9935111952461955
organ_tablature,ammerbach_bookA,1,0.9993595021837258,1.0,0.9996797510918629
organ_tablature,ammerbach_bookA,1,0.9992049558866508,1.0,0.9996024779433255
organ_tablature,ammerbach_bookA,1,0.9998988550287303,1.0,0.9999494275143652
organ_tablature,ammerbach_bookA,1,0.9857473706247849,0.9967076086956522,0.9912274896602186
organ_tablature,ammerbach_bookA,1,0.9977776505113255,0.9867155264618058,0.9922465884865657
organ_tablature,ammerbach_bookA,1,0.9995260696305371,1.0,0.9997630348152686
organ_tablature,ammerbach_bookA,1,0.9999879095125622,1.0,0.9999939547562811
organ_tablature,ammerbach_bookA,1,0.9998774157409557,1.0,0.9999387078704778
organ_tablature,ammerbach_bookA,1,0.9999927128076771,1.0,0.9999963564038385
organ_tablature,ammerbach_bookA,1,0.9999989391511196,1.0,0.9999994695755599
organ_tablature,ammerbach_bookA,1,0.999996901555242,1.0,0.999998450777621
organ_tablature,ammerbach_bookA,1,0.994436015882481,0.9985433312845727,0.9964896735835269
organ_tablature,ammerbach_bookA,1,0.9024155466778,0.998,0.9502077733389
organ_tablature,ammerbach_bookA,1,0.9994831056304265,1.0,0.9997415528152133
organ_tablature,ammerbach_bookA,1,0.9998991769848171,1.0,0.9999495884924086
organ_tablature,ammerbach_bookA,1,0.9987354855395556,0.9956772685598619,0.9972063770497088
organ_tablature,ammerbach_bookA,1,0.9988178707319931,0.993111273835905,0.9959645722839491
organ_tablature,ammerbach_bookA,1,0.9894845970032123,0.9254568802363139,0.9574707386197632
organ_tablature,ammerbach_bookA,1,0.3734520527906818,0.8427438984031601,0.6080979755969209
organ_tablature,ammerbach_bookA,1,0.998186041163044,0.9969310386523798,0.9975585399077118
organ_tablature,ammerbach_bookA,1,0.999748624056518,1.0,0.9998743120282589
organ_tablature,ammerbach_bookA,1,0.9998826647553599,1.0,0.99994133237768
organ_tablature,ammerbach_bookA,1,0.993037745710177,1.0,0.9965188728550884
organ_tablature,ammerbach_bookA,1,0.9976469256473157,0.9987224622030237,0.9981846939251697
organ_tablature,ammerbach_bookA,1,0.9975317454570655,0.9968980257399098,0.9972148855984877
organ_tablature,ammerbach_bookA,1,0.9750880608770649,0.9706809388554116,0.9728844998662383
organ_tablature,ammerbach_bookA,1,0.9975638199810646,0.9454917069524663,0.9715277634667654
organ_tablature,ammerbach_bookA,1,0.9949512250459143,0.9953345636570115,0.9951428943514629
organ_tablature,ammerbach_bookA,1,0.9990373743518425,0.9967322580645162,0.9978848162081793
organ_tablature,ammerbach_bookA,1,0.992770294613167,0.8203467276975958,0.9065585111553813
organ_tablature,ammerbach_bookA,1,0.9999671717208392,0.998564447159438,0.9992658094401385
organ_tablature,ammerbach_bookA,1,0.9999986780599952,1.0,0.9999993390299976
organ_tablature,ammerbach_bookA,1,0.9999979750294155,0.9868537941988617,0.9934258846141386
organ_tablature,ammerbach_bookA,1,0.9999957375516384,0.973408449449255,0.9867020935004467
organ_tablature,ammerbach_bookA,1,0.9999948521443673,0.9944955147372917,0.9972451834408296
organ_tablature,ammerbach_bookA,1,0.9993774150692238,1.0,0.9996887075346119
organ_tablature,ammerbach_bookA,1,0.9946965355873484,0.8952417779280508,0.9449691567576997
organ_tablature,ammerbach_bookA,1,0.9998553774388697,0.8785585808243263,0.939206979131598
organ_tablature,ammerbach_bookA,1,0.9999911904040641,0.7530018643318037,0.8764965273679339
organ_tablature,ammerbach_bookA,1,0.9999767469964297,0.954203302234797,0.9770900246156133
organ_tablature,ammerbach_bookA,1,0.9999698865225304,0.9971291553261614,0.9985495209243459
organ_tablature,ammerbach_bookA,1,0.9992993159348333,1.0,0.9996496579674167
organ_tablature,ammerbach_bookA,1,0.9996165646105585,1.0,0.9998082823052792
organ_tablature,ammerbach_bookA,1,0.9999728853876249,1.0,0.9999864426938124
organ_tablature,ammerbach_bookA,1,0.9853247005949934,0.8258744260488187,0.905599563321906
organ_tablature,ammerbach_bookA,1,0.9981134976862319,1.0,0.9990567488431159
organ_tablature,ammerbach_bookA,1,0.9962144902620941,1.0,0.9981072451310471
organ_tablature,ammerbach_bookA,1,0.9999881949261311,0.9983399715504979,0.9991640832383145
organ_tablature,ammerbach_bookA,1,0.9997933843927966,1.0,0.9998966921963983
organ_tablature,ammerbach_bookA,1,0.9875627467333157,0.9987322580645162,0.9931475023989159
organ_tablature,ammerbach_bookA,1,0.9967731271728103,0.9768546458154062,0.9868138864941083
organ_tablature,ammerbach_bookA,1,0.9984518012562491,0.9753915704290286,0.9869216858426388
organ_tablature,ammerbach_bookA,1,0.9936377207295972,0.9528583408807546,0.9732480308051759
organ_tablature,ammerbach_bookA,1,0.9839134575935058,0.9123751527807455,0.9481443051871257
organ_tablature,ammerbach_bookA,1,0.9818572391008341,0.9823080514024738,0.982082645251654
organ_tablature,ammerbach_bookA,1,0.9999772913563301,1.0,0.999988645678165
organ_tablature,ammerbach_bookA,1,0.9999739621984385,1.0,0.9999869810992192
organ_tablature,ammerbach_bookA,1,0.9996649170027809,1.0,0.9998324585013905
organ_tablature,ammerbach_bookA,1,0.9989470694411012,0.9918781657804866,0.9954126176107939
organ_tablature,ammerbach_bookA,1,0.9587432646172689,0.9848797294485707,0.9718114970329198
organ_tablature,ammerbach_bookA,1,0.9967770131039985,1.0,0.9983885065519993
organ_tablature,ammerbach_bookA,1,0.9921362978032503,1.0,0.9960681489016252
organ_tablature,ammerbach_bookA,1,0.9998873608282512,0.9940327466455391,0.9969600537368952
organ_tablature,ammerbach_bookA,1,0.9998675430446728,1.0,0.9999337715223364
organ_tablature,ammerbach_bookA,1,0.9979142645021569,1.0,0.9989571322510784
organ_tablature,ammerbach_bookA,1,0.9909305526384317,1.0,0.9954652763192158
organ_tablature,ammerbach_bookA,1,0.9997708222887153,1.0,0.9998854111443576
organ_tablature,ammerbach_bookA,1,0.9999988371598645,0.9987665289256198,0.9993826830427421
organ_tablature,ammerbach_bookA,1,0.9999999615042282,0.9145854705901889,0.9572927160472086
organ_tablature,ammerbach_bookA,1,0.9999988181232926,0.9201077398872298,0.9600532790052612
organ_tablature,ammerbach_bookA,1,0.9999998196062779,0.9981707609113957,0.9990852902588367
organ_tablature,ammerbach_bookA,1,0.9999556146948705,0.9967622760629108,0.9983589453788906
organ_tablature,ammerbach_bookA,1,0.9999972942398335,0.9968520240251927,0.9984246591325131
organ_tablature,ammerbach_bookA,1,0.9994555930279783,0.9975327560433929,0.9984941745356856
organ_tablature,ammerbach_bookA,1,0.9999237818315915,0.9985539215686274,0.9992388517001094
organ_tablature,ammerbach_bookA,1,0.9999552301514236,1.0,0.9999776150757118
organ_tablature,ammerbach_bookA,1,0.9999953448016118,1.0,0.999997672400806
organ_tablature,ammerbach_bookA,1,0.9999588097793309,1.0,0.9999794048896655
organ_tablature,ammerbach_bookA,1,0.9998885236041704,1.0,0.9999442618020852
organ_tablature,ammerbach_bookA,1,0.9986473563239936,0.9895459320150779,0.9940966441695358
organ_tablature,ammerbach_bookA,1,0.9998639175025991,0.9842729551985798,0.9920684363505894
organ_tablature,ammerbach_bookA,1,0.9999985464764749,1.0,0.9999992732382375
organ_tablature,ammerbach_bookA,1,0.9999985338411714,0.99942156133829,0.9997100475897307
organ_tablature,ammerbach_bookA,1,0.9999922684032899,1.0,0.999996134201645
organ_tablature,ammerbach_bookA,1,0.9999882390488526,0.9958814989694904,0.9979348690091715
organ_tablature,ammerbach_bookA,1,0.9999987624923761,1.0,0.999999381246188
organ_tablature,ammerbach_bookA,1,0.9999922537081558,1.0,0.9999961268540779
organ_tablature,ammerbach_bookA,1,0.9996524490220978,1.0,0.999826224511049
organ_tablature,ammerbach_bookA,1,0.9985483511640788,0.9894904758924511,0.994019413528265
organ_tablature,ammerbach_bookA,1,0.9981114696869496,1.0,0.9990557348434748
organ_tablature,ammerbach_bookA,1,0.999979138963003,0.9906762372694271,0.995327688116215
organ_tablature,ammerbach_bookA,1,0.99999385599309,1.0,0.999996927996545
organ_tablature,ammerbach_bookA,1,0.999954449211119,1.0,0.9999772246055595
organ_tablature,ammerbach_bookA,1,0.9995056046067634,0.9950707969888077,0.9972882007977856
organ_tablature,ammerbach_bookA,1,0.7653102467248388,0.9857286757616598,0.8755194612432493
organ_tablature,ammerbach_bookA,1,0.9933621405161139,1.0,0.996681070258057
organ_tablature,ammerbach_bookA,1,0.9999496189586438,1.0,0.9999748094793219
organ_tablature,ammerbach_bookA,1,0.9999959391182762,1.0,0.9999979695591381
organ_tablature,ammerbach_bookA,1,0.9999938938436558,1.0,0.999996946921828
organ_tablature,ammerbach_bookA,1,0.9999963752773687,1.0,0.9999981876386843
organ_tablature,ammerbach_bookA,1,0.9999842040868492,1.0,0.9999921020434246
organ_tablature,ammerbach_bookA,1,0.9996847465350943,0.9748389872084914,0.9872618668717928
organ_tablature,ammerbach_bookA,1,0.9993042971045948,0.9622383894244629,0.9807713432645289
organ_tablature,ammerbach_bookA,1,0.9999970637778833,0.9970948726442598,0.9985459682110716
organ_tablature,ammerbach_bookA,1,0.9999968406279464,1.0,0.9999984203139731
organ_tablature,ammerbach_bookA,1,0.9998436446832892,0.9987891837756636,0.9993164142294764
organ_tablature,ammerbach_bookA,1,0.991963488359361,0.9990143702451395,0.9954889293022502
organ_tablature,ammerbach_bookA,1,0.9999554338485469,0.9985539215686274,0.9992546777085871
organ_tablature,ammerbach_bookA,1,0.9999991168138551,1.0,0.9999995584069276
organ_tablature,ammerbach_bookA,1,0.9999956576068776,0.9983776824034335,0.9991866700051555
organ_tablature,ammerbach_bookA,1,0.9998169979744989,0.998,0.9989084989872494
organ_tablature,ammerbach_bookA,1,0.9999180743579977,1.0,0.9999590371789988
organ_tablature,ammerbach_bookA,1,0.999172575775789,1.0,0.9995862878878945
organ_tablature,ammerbach_bookA,1,0.9999843427425398,0.9984645669291339,0.9992244548358369
organ_tablature,ammerbach_bookA,1,0.9999718973045074,1.0,0.9999859486522538
organ_tablature,ammerbach_bookA,1,0.9999158862597981,1.0,0.999957943129899
organ_tablature,ammerbach_bookA,1,0.9999645923557899,0.9976621359166449,0.9988133641362174
organ_tablature,ammerbach_bookA,1,0.9999862217082509,1.0,0.9999931108541255
organ_tablature,ammerbach_bookA,1,0.9999411088214467,1.0,0.9999705544107234
organ_tablature,ammerbach_bookA,1,0.9999912512485069,0.9981260010678057,0.9990586261581562
organ_tablature,ammerbach_bookA,1,0.9999883166998434,1.0,0.9999941583499217
organ_tablature,ammerbach_bookA,1,0.9916648413685694,0.9936335635773346,0.992649202472952
organ_tablature,ammerbach_bookA,1,0.9937931818794116,0.9980666574471028,0.9959299196632572
organ_tablature,ammerbach_bookA,1,0.9997232086302921,1.0,0.999861604315146
organ_tablature,ammerbach_bookA,1,0.9999972953862227,1.0,0.9999986476931113
organ_tablature,ammerbach_bookA,1,0.9999807804850186,0.9966363609002642,0.9983085706926413
organ_tablature,ammerbach_bookA,1,0.995257824278012,1.0,0.9976289121390061
organ_tablature,ammerbach_bookA,1,0.997457878785292,1.0,0.998728939392646
organ_tablature,ammerbach_bookA,1,0.9995306473956135,1.0,0.9997653236978068
organ_tablature,ammerbach_bookA,1,0.9999960127522205,0.9982306920762287,0.9991133524142246
organ_tablature,ammerbach_bookA,1,0.9999745533360319,0.9982306920762287,0.9991026227061304
organ_tablature,ammerbach_bookA,1,0.9999667640472987,0.9988492486669898,0.9994080063571442
organ_tablature,ammerbach_bookA,1,0.9999868301526448,0.9983776824034335,0.9991822562780391
organ_tablature,ammerbach_bookA,1,0.9999668470519506,1.0,0.9999834235259752
organ_tablature,ammerbach_bookA,1,0.9999968054013805,1.0,0.9999984027006903
organ_tablature,ammerbach_bookA,1,0.999855880276959,1.0,0.9999279401384795
organ_tablature,ammerbach_bookA,1,0.9999911437510479,1.0,0.999995571875524
organ_tablature,ammerbach_bookA,1,0.9998623365064121,0.981073478323836,0.990467907415124
organ_tablature,ammerbach_bookA,1,0.9999973379890623,0.9984353562005277,0.999216347094795
organ_tablature,ammerbach_bookA,1,0.9999963373559273,0.9774040591228714,0.9887001982393994
organ_tablature,ammerbach_bookA,1,0.9997879649587814,0.9901495393505939,0.9949687521546877
organ_tablature,ammerbach_bookA,1,0.9979843202953369,0.9985454545454545,0.9982648874203957
organ_tablature,ammerbach_bookA,1,0.9996576300714822,0.9950340276956178,0.99734582888355
organ_tablature,ammerbach_bookA,1,0.9999424140911299,1.0,0.999971207045565
organ_tablature,ammerbach_bookA,1,0.9996468571693746,0.9927478491046375,0.9961973531370061
organ_tablature,ammerbach_bookA,1,0.9972245760191011,0.9919889447062483,0.9946067603626747
organ_tablature,ammerbach_bookA,1,0.9106831477882639,0.9209039540837225,0.9157935509359931
organ_tablature,ammerbach_bookA,1,0.9995735518552812,1.0,0.9997867759276406
organ_tablature,ammerbach_bookA,1,0.9998324994479737,1.0,0.9999162497239868
organ_tablature,ammerbach_bookA,1,0.999986137528976,1.0,0.999993068764488
organ_tablature,ammerbach_bookA,1,0.999845264428853,1.0,0.9999226322144266
organ_tablature,ammerbach_bookA,1,0.9998994666744759,1.0,0.999949733337238
organ_tablature,ammerbach_bookA,1,0.9794913702414592,0.9974129308049301,0.9884521505231947
organ_tablature,ammerbach_bookA,1,0.9913025067399894,0.9883097758982761,0.9898061413191328
organ_tablature,ammerbach_bookA,1,0.8996283182699807,0.9867372899391496,0.9431828041045651
organ_tablature,ammerbach_bookA,1,0.9992537205104893,1.0,0.9996268602552447
organ_tablature,ammerbach_bookA,1,0.9992589101351649,1.0,0.9996294550675824
organ_tablature,ammerbach_bookA,1,0.9940459551093485,1.0,0.9970229775546742
organ_tablature,ammerbach_bookA,1,0.993828894070167,0.9945362538453784,0.9941825739577727
organ_tablature,ammerbach_bookA,1,0.994697492056302,0.9906970417342731,0.9926972668952876
organ_tablature,ammerbach_bookA,1,0.9997834354156246,1.0,0.9998917177078124
organ_tablature,ammerbach_bookA,1,0.9984984001140313,1.0,0.9992492000570157
organ_tablature,ammerbach_bookA,1,0.9986939913456605,0.998,0.9983469956728303
organ_tablature,ammerbach_bookA,1,0.9792504817910148,0.9983200568990043,0.9887852693450095
organ_tablature,ammerbach_bookA,1,0.9977374195066163,1.0,0.9988687097533082
organ_tablature,ammerbach_bookA,1,0.9996891404825508,1.0,0.9998445702412754
organ_tablature,ammerbach_bookA,1,0.9999492339720589,1.0,0.9999746169860295
organ_tablature,ammerbach_bookA,1,0.9999964324690895,1.0,0.9999982162345448
organ_tablature,ammerbach_bookA,1,0.999987373042815,1.0,0.9999936865214075
organ_tablature,ammerbach_bookA,1,0.9997918330938053,0.9748848796733531,0.9873383563835791
organ_tablature,ammerbach_bookA,1,0.9995428604719286,0.9550666680598322,0.9773047642658804
organ_tablature,ammerbach_bookA,1,0.9999650598491465,0.9986925506223295,0.9993288052357381
organ_tablature,ammerbach_bookA,1,0.9999889509525035,0.9973560809651265,0.998672515958815
organ_tablature,ammerbach_bookA,1,0.9996785254235044,0.9983100995732574,0.9989943124983809
organ_tablature,ammerbach_bookA,1,0.9995413836053922,1.0,0.9997706918026961
organ_tablature,ammerbach_bookA,1,0.9992507608115084,1.0,0.9996253804057542
organ_tablature,ammerbach_bookA,1,0.9839851052814041,0.998424322538004,0.991204713909704
organ_tablature,ammerbach_bookA,1,0.9997692274556753,1.0,0.9998846137278377
organ_tablature,ammerbach_bookA,1,0.9981383735857042,1.0,0.9990691867928521
organ_tablature,ammerbach_bookA,1,0.9566410886501807,0.999024349286314,0.9778327189682474
organ_tablature,ammerbach_bookA,1,0.9751246525751371,0.9075126965371416,0.9413186745561394
organ_tablature,ammerbach_bookA,1,0.8213073651243733,0.8144703389544018,0.8178888520393875
organ_tablature,ammerbach_bookA,1,0.9988296728481538,0.9927909716022695,0.9958103222252117
organ_tablature,ammerbach_bookA,1,0.9999963788185643,0.9985068322981367,0.9992516055583505
organ_tablature,ammerbach_bookA,1,0.9999982071549183,0.9726385079847194,0.9863183575698189
organ_tablature,ammerbach_bookA,1,0.9997568861383938,1.0,0.9998784430691969
organ_tablature,ammerbach_bookA,1,0.9996525894588889,0.9926058029724963,0.9961291962156926
organ_tablature,ammerbach_bookA,1,0.9999330181415859,1.0,0.999966509070793
organ_tablature,ammerbach_bookA,1,0.9992700677960269,0.9962541331374957,0.9977621004667613
organ_tablature,ammerbach_bookA,1,0.999992557135606,1.0,0.9999962785678029
organ_tablature,ammerbach_bookA,1,0.9997620034194028,0.9919815963653658,0.9958717998923843
organ_tablature,ammerbach_bookA,1,0.9997228502083618,0.9983399715504979,0.9990314108794298
organ_tablature,ammerbach_bookA,1,0.999381580183734,1.0,0.999690790091867
organ_tablature,ammerbach_bookA,1,0.99571481125916,0.9584894032219586,0.9771021072405592
organ_tablature,ammerbach_bookA,1,0.9996135478014277,0.9856152874180963,0.992614417609762
organ_tablature,ammerbach_bookA,1,0.9999994436012147,0.9981260010678057,0.9990627223345102
organ_tablature,ammerbach_bookA,1,0.9999325062218731,1.0,0.9999662531109366
organ_tablature,ammerbach_bookA,1,0.999981854828652,1.0,0.9999909274143259
organ_tablature,ammerbach_bookA,1,0.999972302962476,1.0,0.999986151481238
organ_tablature,ammerbach_bookA,1,0.9978747625869134,0.9965482204955727,0.9972114915412431
organ_tablature,ammerbach_bookA,1,0.9973909809195767,0.9136474938011596,0.9555192373603681
organ_tablature,ammerbach_bookA,1,0.997477627991752,0.9935261337756421,0.9955018808836971
organ_tablature,ammerbach_bookA,1,0.9958747398402293,0.9802529113778501,0.9880638256090397
organ_tablature,ammerbach_bookA,1,0.998908978354509,0.8814599919728495,0.9401844851636793
organ_tablature,ammerbach_bookA,1,0.9998174805064124,0.9970992202755458,0.9984583503909791
organ_tablature,ammerbach_bookA,1,0.9999781072266104,1.0,0.9999890536133051
organ_tablature,ammerbach_bookA,1,0.9986534289677318,1.0,0.9993267144838659
organ_tablature,ammerbach_bookA,1,0.999861660577583,1.0,0.9999308302887915
organ_tablature,ammerbach_bookA,1,0.9999824757183168,1.0,0.9999912378591584
organ_tablature,ammerbach_bookA,1,0.9990860535733417,1.0,0.9995430267866708
organ_tablature,ammerbach_bookA,1,0.9997724319952966,1.0,0.9998862159976483
organ_tablature,ammerbach_bookA,1,0.9973702942531205,0.998750650702759,0.9980604724779398
organ_tablature,ammerbach_bookA,1,0.9995735832253949,1.0,0.9997867916126975
organ_tablature,ammerbach_bookA,1,0.9997943037310701,1.0,0.9998971518655351
organ_tablature,ammerbach_bookA,1,0.9983759140912204,1.0,0.9991879570456101
organ_tablature,ammerbach_bookA,1,0.9997895711235177,1.0,0.9998947855617588
organ_tablature,ammerbach_bookA,1,0.999977903519111,1.0,0.9999889517595555
organ_tablature,ammerbach_bookA,1,0.9972610210108556,0.994442011948791,0.9958515164798233
organ_tablature,ammerbach_bookA,1,0.9999702917134267,0.9178704052754209,0.9589203484944238
organ_tablature,ammerbach_bookA,1,0.9968178389798793,0.8598843140391291,0.9283510765095042
organ_tablature,ammerbach_bookA,1,0.8579389962820102,0.8344002707459234,0.8461696335139668
organ_tablature,ammerbach_bookA,1,0.7188865428783356,0.843265097142089,0.7810758200102124
organ_tablature,ammerbach_bookA,1,0.9968376458598596,0.9983200568990043,0.9975788513794319
organ_tablature,ammerbach_bookA,1,0.9988147504489284,0.9923137927364587,0.9955642715926936
organ_tablature,ammerbach_bookA,1,0.9999797506219045,1.0,0.9999898753109522
organ_tablature,ammerbach_bookA,1,0.9999435005156072,1.0,0.9999717502578036
organ_tablature,ammerbach_bookA,1,0.9993215771953128,1.0,0.9996607885976564
organ_tablature,ammerbach_bookA,1,0.9990661087653235,1.0,0.9995330543826617
organ_tablature,ammerbach_bookA,1,0.9964910208054821,0.9949601327721886,0.9957255767888353
organ_tablature,ammerbach_bookA,1,0.9955735377138545,0.9963154749963141,0.9959445063550842
organ_tablature,ammerbach_bookA,1,0.99993675381458,1.0,0.99996837690729
organ_tablature,ammerbach_bookA,1,0.9979733394266959,1.0,0.9989866697133479
organ_tablature,ammerbach_bookA,1,0.9535131022975346,0.925637413850183,0.9395752580738588
organ_tablature,ammerbach_bookA,1,0.7354108685932974,0.9873305039110917,0.8613706862521946
organ_tablature,ammerbach_bookA,1,0.9999654751754933,0.9939549402006238,0.9969602076880586
organ_tablature,ammerbach_bookA,1,0.9999819653451832,1.0,0.9999909826725917
organ_tablature,ammerbach_bookA,1,0.9992149224622634,1.0,0.9996074612311316
organ_tablature,ammerbach_bookA,1,0.35784579590360654,0.8604968187054243,0.6091713073045154
organ_tablature,ammerbach_bookA,1,0.9924122065994756,0.9893439233850344,0.9908780649922551
organ_tablature,ammerbach_bookA,1,0.999940339295028,0.9746555338169901,0.9872979365560091
organ_tablature,ammerbach_bookA,1,0.9472464620597094,0.8164689284095783,0.8818576952346439
organ_tablature,ammerbach_bookA,1,0.98476122771806,1.0,0.99238061385903
organ_tablature,ammerbach_bookA,1,0.9984724825274301,0.9973432348904323,0.9979078587089312
organ_tablature,ammerbach_bookA,1,0.9995473653740119,1.0,0.999773682687006
organ_tablature,ammerbach_bookA,1,0.9999292003630514,1.0,0.9999646001815257
organ_tablature,ammerbach_bookA,1,0.9994175926385104,1.0,0.9997087963192552
organ_tablature,ammerbach_bookA,1,0.9964220398518604,0.9984572930354797,0.99743966644367
organ_tablature,ammerbach_bookA,1,0.9589331715856652,0.9917935271900814,0.9753633493878733
organ_tablature,ammerbach_bookA,1,0.9900047451526759,0.9971927653118802,0.993598755232278
organ_tablature,ammerbach_bookA,1,0.9970048185846211,0.9967776606954689,0.996891239640045
organ_tablature,ammerbach_bookA,1,0.9990305083578767,0.9856141943860945,0.9923223513719857
organ_tablature,ammerbach_bookA,1,0.9986989614084403,0.9776017815027038,0.988150371455572
organ_tablature,ammerbach_bookA,1,0.9970241640336855,0.9893421050447815,0.9931831345392335
organ_tablature,ammerbach_bookA,1,0.9056333298623402,0.9555369377848286,0.9305851338235844
organ_tablature,ammerbach_bookA,1,0.9774515838805541,0.9980918470564435,0.9877717154684988
organ_tablature,ammerbach_bookA,1,0.9923637009206284,1.0,0.9961818504603142
organ_tablature,ammerbach_bookA,1,0.9994724329700836,0.9927241336138374,0.9960982832919605
organ_tablature,ammerbach_bookA,1,0.9998921025513104,0.8519968832741693,0.9259444929127398
organ_tablature,ammerbach_bookA,1,0.9999610193343024,0.7589285568203316,0.879444788077317
organ_tablature,ammerbach_bookA,1,0.9923870857354894,0.8653767446817385,0.928881915208614
organ_tablature,ammerbach_bookA,1,0.941361970060329,0.9722400350319115,0.9568010025461202
organ_tablature,ammerbach_bookA,1,0.9921250064773571,0.9347580816132758,0.9634415440453165
organ_tablature,ammerbach_bookA,1,0.9942076495432828,1.0,0.9971038247716414
organ_tablature,ammerbach_bookA,1,0.960859907120074,0.9757845306161206,0.9683222188680973
organ_tablature,ammerbach_bookA,1,0.9740304824528111,0.9028644556432719,0.9384474690480415
organ_tablature,ammerbach_bookA,1,0.9996160537178245,0.7986692786265139,0.8991426661721692
organ_tablature,ammerbach_bookA,1,0.9999166236803717,0.7424401744154242,0.871178399047898
organ_tablature,ammerbach_bookA,1,0.9972080957839589,0.7573153342720771,0.877261715028018
organ_tablature,ammerbach_bookA,1,0.9956357519239614,0.9235109734111691,0.9595733626675652
organ_tablature,ammerbach_bookA,1,0.994674598968194,0.9795042569165617,0.9870894279423779
organ_tablature,ammerbach_bookA,1,0.9949041486568907,0.9763109348151439,0.9856075417360173
organ_tablature,ammerbach_bookA,1,0.9930541048944669,0.9245768083331334,0.9588154566138001
organ_tablature,ammerbach_bookA,1,0.9697851331826348,0.9296539980748849,0.9497195656287598
organ_tablature,ammerbach_bookA,1,0.9997493959773364,0.9823394394716178,0.991044417724477
organ_tablature,ammerbach_bookA,1,0.9866540173092657,0.9718024341521911,0.9792282257307284
organ_tablature,ammerbach_bookA,1,0.9417250978225815,0.9272842602190946,0.934504679020838
organ_tablature,ammerbach_bookA,1,0.9934483568409749,0.9526440143300667,0.9730461855855208
organ_tablature,ammerbach_bookA,1,0.976985579890553,0.949443210549111,0.963214395219832
organ_tablature,ammerbach_bookA,1,0.8928387975277738,0.9461658009659251,0.9195022992468495
organ_tablature,ammerbach_bookA,1,0.999326494396341,0.9919605359547927,0.9956435151755669
organ_tablature,ammerbach_bookA,1,0.9999262187229019,0.9981707609113957,0.9990484898171488
organ_tablature,ammerbach_bookA,1,0.9967112586934012,0.9707093261313088,0.983710292412355
organ_tablature,ammerbach_bookA,1,0.7600826677464197,0.9464768371898692,0.8532797524681445
organ_tablature,ammerbach_bookA,1,0.9302231566734798,0.9897058137238802,0.9599644851986799
organ_tablature,ammerbach_bookA,1,0.9958908761807482,0.979567022109308,0.9877289491450281
organ_tablature,ammerbach_bookA,1,0.995098506021558,0.975453840289932,0.985276173155745
organ_tablature,ammerbach_bookA,1,0.9765994039061433,0.9955202615966415,0.9860598327513924
organ_tablature,ammerbach_bookA,1,0.9880169871775777,0.9892934481536527,0.9886552176656151
organ_tablature,ammerbach_bookA,1,0.7235367106510042,0.9093305430496482,0.8164336268503263
organ_tablature,ammerbach_bookA,1,0.9981884605955936,0.9967527899878091,0.9974706252917014
organ_tablature,ammerbach_bookA,1,0.999828763288619,1.0,0.9999143816443095
organ_tablature,ammerbach_bookA,1,0.9996730909760623,1.0,0.9998365454880311
organ_tablature,ammerbach_bookA,1,0.9994295354588971,1.0,0.9997147677294486
organ_tablature,ammerbach_bookA,1,0.9988903021649578,1.0,0.9994451510824789
organ_tablature,ammerbach_bookA,1,0.9971411705355597,1.0,0.9985705852677799
organ_tablature,ammerbach_bookA,1,0.6779973585265507,0.8255113368014543,0.7517543476640025
organ_tablature,ammerbach_bookA,1,0.966228667815878,0.9206731528244531,0.9434509103201656
organ_tablature,ammerbach_bookA,1,0.995627141522691,1.0,0.9978135707613456
organ_tablature,ammerbach_bookA,1,0.9995370817629174,0.9947527466824959,0.9971449142227067
organ_tablature,ammerbach_bookA,1,0.995415588081148,0.8407102247645304,0.9180629064228392
organ_tablature,ammerbach_bookA,1,0.9780467240669155,0.8925767306669141,0.9353117273669148
organ_tablature,ammerbach_bookA,1,0.9985526653241077,1.0,0.9992763326620538
organ_tablature,ammerbach_bookA,1,0.9992946591718563,1.0,0.9996473295859282
organ_tablature,ammerbach_bookA,1,0.9982427807219463,1.0,0.9991213903609731
organ_tablature,ammerbach_bookA,1,0.9999754146887928,0.9985390769230769,0.9992572458059348
organ_tablature,ammerbach_bookA,1,0.9999925447665208,0.9705476782477839,0.9852701115071523
organ_tablature,ammerbach_bookA,1,0.9973580761074294,0.9970078480595311,0.9971829620834802
organ_tablature,ammerbach_bookA,1,0.965176660808932,0.992948615541166,0.979062638175049
organ_tablature,ammerbach_bookA,1,0.9999336693096428,1.0,0.9999668346548214
organ_tablature,ammerbach_bookA,1,0.9977408438906548,1.0,0.9988704219453274
organ_tablature,ammerbach_bookA,1,0.9944889849000978,1.0,0.997244492450049
organ_tablature,ammerbach_bookA,1,0.9958962585188688,1.0,0.9979481292594343
organ_tablature,ammerbach_bookA,1,0.9718187409465282,0.9497424888793008,0.9607806149129146
organ_tablature,ammerbach_bookA,1,0.9888057406102766,1.0,0.9944028703051383
organ_tablature,ammerbach_bookA,1,0.9997894470414712,1.0,0.9998947235207356
organ_tablature,ammerbach_bookA,1,0.9998234119393746,1.0,0.9999117059696874
organ_tablature,ammerbach_bookA,1,0.999781721617575,0.9870496039402206,0.9934156627788977
organ_tablature,ammerbach_bookA,1,0.7794773191494585,0.9061870579480986,0.8428321885487786
organ_tablature,ammerbach_bookA,1,0.8493939093861648,0.9159016296852431,0.882647769535704
organ_tablature,ammerbach_bookA,1,0.9987999043885479,1.0,0.999399952194274
organ_tablature,ammerbach_bookA,1,0.9999839638675392,1.0,0.9999919819337696
organ_tablature,ammerbach_bookA,1,0.9997834721832907,1.0,0.9998917360916453
organ_tablature,ammerbach_bookA,1,0.999606464903652,1.0,0.999803232451826
organ_tablature,ammerbach_bookA,1,0.9953500625456568,1.0,0.9976750312728284
organ_tablature,ammerbach_bookA,1,0.9949075049074606,1.0,0.9974537524537304
organ_tablature,ammerbach_bookA,1,0.9963290137298118,1.0,0.9981645068649059
organ_tablature,ammerbach_bookA,1,0.9999871823475399,0.9935827605437739,0.9967849714456569
organ_tablature,ammerbach_bookA,1,0.9999915020447568,1.0,0.9999957510223785
organ_tablature,ammerbach_bookA,1,0.9999978000297873,0.9983776824034335,0.9991877412166104
organ_tablature,ammerbach_bookA,1,0.9992435659938248,0.9800852716255773,0.989664418809701
organ_tablature,ammerbach_bookA,1,0.9999615228668745,0.9983776824034335,0.999169602635154
organ_tablature,ammerbach_bookA,1,0.9998792752279498,1.0,0.9999396376139749
organ_tablature,ammerbach_bookA,1,0.9998945882605079,0.9968593979687921,0.99837699311465
organ_tablature,ammerbach_bookA,1,0.9999406582550221,0.9265814526001526,0.9632610554275873
organ_tablature,ammerbach_bookA,1,0.9999714636566219,1.0,0.999985731828311
organ_tablature,ammerbach_bookA,1,0.9999973540585247,0.9925676033697157,0.9962824787141202
organ_tablature,ammerbach_bookA,1,0.9999869372642503,0.9983776824034335,0.9991823098338419
organ_tablature,ammerbach_bookA,1,0.9999952386634429,0.99655145557624,0.9982733471198415
organ_tablature,ammerbach_bookA,1,0.9996448866775195,1.0,0.9998224433387597
organ_tablature,ammerbach_bookA,1,0.9996582139453972,1.0,0.9998291069726986
organ_tablature,ammerbach_bookA,1,0.9999977459049586,1.0,0.9999988729524794
organ_tablature,ammerbach_bookA,1,0.9999713685101749,1.0,0.9999856842550874
organ_tablature,ammerbach_bookA,1,0.9997657901216503,0.9609932918756475,0.9803795409986489
organ_tablature,ammerbach_bookA,1,0.9999916407960848,1.0,0.9999958203980424
organ_tablature,ammerbach_bookA,1,0.9999735107330014,0.9839069917151292,0.9919402512240654
organ_tablature,ammerbach_bookA,1,0.999990923165825,0.9983129445234709,0.999151933844648
organ_tablature,ammerbach_bookA,1,0.9999670550061663,0.9570732815231732,0.9785201682646698
organ_tablature,ammerbach_bookA,1,0.9999795443620714,0.9983129445234709,0.9991462444427711
organ_tablature,ammerbach_bookA,1,0.9995656441979087,0.9981260010678057,0.9988458226328571
organ_tablature,ammerbach_bookA,1,0.9992233522096065,1.0,0.9996116761048033
organ_tablature,ammerbach_bookA,1,0.992684344958532,0.9968886963132814,0.9947865206359067
organ_tablature,ammerbach_bookA,1,0.9998986377933866,1.0,0.9999493188966933
organ_tablature,ammerbach_bookA,1,0.9999998654014887,0.9983776824034335,0.9991887739024611
organ_tablature,ammerbach_bookA,1,0.9999975889854978,0.9983776824034335,0.9991876356944657
organ_tablature,ammerbach_bookA,1,0.9994492736992807,0.9898314663120474,0.9946403700056641
organ_tablature,ammerbach_bookA,1,0.9999594126265823,1.0,0.9999797063132911
organ_tablature,ammerbach_bookA,1,0.99981671520475,0.9983776824034335,0.9990971988040918
organ_tablature,ammerbach_bookA,1,0.9999484439339255,0.9760866211241679,0.9880175325290467
organ_tablature,ammerbach_bookA,1,0.8468714212247036,0.8429947592350765,0.84493309022989
organ_tablature,ammerbach_bookA,1,0.9985830170830828,0.9634053752049806,0.9809941961440317
organ_tablature,ammerbach_bookA,1,0.9994399189520324,0.9240055579017545,0.9617227384268935
organ_tablature,ammerbach_bookA,1,0.9999969927773094,0.9124501569824262,0.9562235748798678
organ_tablature,ammerbach_bookA,1,0.9999965211232006,1.0,0.9999982605616002
organ_tablature,ammerbach_bookA,1,0.9999528824108901,1.0,0.999976441205445
organ_tablature,ammerbach_bookA,1,0.9998743765803226,1.0,0.9999371882901613
organ_tablature,ammerbach_bookA,1,0.999163799394181,0.9763007356349297,0.9877322675145553
organ_tablature,ammerbach_bookA,1,0.9998189918784397,0.9985539215686274,0.9991864567235336
organ_tablature,ammerbach_bookA,1,0.9999986551112607,1.0,0.9999993275556304
organ_tablature,ammerbach_bookA,1,0.9999994570855949,0.9983129445234709,0.9991562008045329
organ_tablature,ammerbach_bookA,1,0.9988992506354011,0.998,0.9984496253177005
organ_tablature,ammerbach_bookA,1,0.9960792678707417,1.0,0.9980396339353709
organ_tablature,ammerbach_bookA,1,0.996916115808269,0.9814414216361175,0.9891787687221932
organ_tablature,ammerbach_bookA,1,0.9929149435013578,0.8409959804364128,0.9169554619688853
organ_tablature,ammerbach_bookA,1,0.9999677714310088,1.0,0.9999838857155043
organ_tablature,ammerbach_bookA,1,0.998464217960434,1.0,0.999232108980217
organ_tablature,ammerbach_bookA,1,0.9987651694825691,1.0,0.9993825847412845
organ_tablature,ammerbach_bookA,1,0.9998546969313531,0.9987891837756636,0.9993219403535083
organ_tablature,ammerbach_bookA,1,0.9996497257481887,1.0,0.9998248628740943
organ_tablature,ammerbach_bookA,1,0.9995391036663185,0.9905195501529948,0.9950293269096566
organ_tablature,ammerbach_bookA,1,0.9935961253210679,0.909167548113909,0.9513818367174884
organ_tablature,ammerbach_bookA,1,0.999999310339192,0.9984353562005277,0.9992173332698598
organ_tablature,ammerbach_bookA,1,0.9999988204187148,1.0,0.9999994102093575
organ_tablature,ammerbach_bookA,1,0.9985154587299144,0.9985454545454545,0.9985304566376845
organ_tablature,ammerbach_bookA,1,0.9992251470359151,1.0,0.9996125735179575
organ_tablature,ammerbach_bookA,1,0.9996962418814593,0.9981747873163187,0.998935514598889
organ_tablature,ammerbach_bookA,1,0.9917255154417498,1.0,0.995862757720875
organ_tablature,ammerbach_bookA,1,0.9995809422269569,1.0,0.9997904711134784
organ_tablature,ammerbach_bookA,1,0.9999662762484804,1.0,0.9999831381242402
organ_tablature,ammerbach_bookA,1,0.9998350110869774,0.9983129445234709,0.9990739778052241
organ_tablature,ammerbach_bookA,1,0.9998366681144172,0.9715213334737608,0.985679000794089
organ_tablature,ammerbach_bookA,1,0.9998392705189064,0.9955681797164052,0.9977037251176558
organ_tablature,ammerbach_bookA,1,0.9999941876190811,0.9240162576883824,0.9620052226537317
organ_tablature,ammerbach_bookA,1,0.9999785385596172,0.9568828910364225,0.9784307147980198
organ_tablature,ammerbach_bookA,1,0.9999551886979425,1.0,0.9999775943489713
organ_tablature,ammerbach_bookA,1,0.9999999710680105,0.9499476742953232,0.9749738226816669
organ_tablature,ammerbach_bookA,1,0.9999999908618974,0.9240374979360971,0.9620187443989973
organ_tablature,ammerbach_bookA,1,0.9999573011771816,0.9881128428520234,0.9940350720146025
organ_tablature,ammerbach_bookA,1,0.9999707373943606,0.9765710670223238,0.9882709022083422
organ_tablature,ammerbach_bookA,1,0.9996543349455099,1.0,0.999827167472755
organ_tablature,ammerbach_bookA,1,0.9999737564901218,0.9983100995732574,0.9991419280316896
organ_tablature,ammerbach_bookA,1,0.9999912248516862,1.0,0.9999956124258431
organ_tablature,ammerbach_bookA,1,0.999949214787548,1.0,0.999974607393774
organ_tablature,ammerbach_bookA,1,0.9999759238754343,0.9988880455407969,0.9994319847081157
organ_tablature,ammerbach_bookA,1,0.9985321300651525,0.9954303087005312,0.9969812193828418
organ_tablature,ammerbach_bookA,1,0.999765829792704,1.0,0.999882914896352
organ_tablature,ammerbach_bookA,1,0.9992376099163126,1.0,0.9996188049581562
organ_tablature,ammerbach_bookA,1,0.9997796128465847,1.0,0.9998898064232924
organ_tablature,ammerbach_bookA,1,0.9996500452929971,0.9965256393023004,0.9980878422976487
organ_tablature,ammerbach_bookA,1,0.888886305291455,0.9774407532457215,0.9331635292685883
organ_tablature,ammerbach_bookA,1,0.9999518737951761,1.0,0.999975936897588
organ_tablature,ammerbach_bookA,1,0.9999343682947992,0.976973033978093,0.988453701136446
organ_tablature,ammerbach_bookA,1,0.9997951500495237,1.0,0.9998975750247618
organ_tablature,ammerbach_bookA,1,0.9978404254147848,0.9987224622030237,0.9982814438089043
organ_tablature,ammerbach_bookA,1,0.9803567949171497,1.0,0.9901783974585748
organ_tablature,ammerbach_bookA,1,0.9968445080232882,0.9842002186598728,0.9905223633415805
organ_tablature,ammerbach_bookA,1,0.9889102014385035,1.0,0.9944551007192517
organ_tablature,ammerbach_bookA,1,0.9997070116607247,1.0,0.9998535058303624
organ_tablature,ammerbach_bookA,1,0.9996163433178762,1.0,0.9998081716589381
organ_tablature,ammerbach_bookA,1,0.9999578726341766,1.0,0.9999789363170883
organ_tablature,ammerbach_bookA,1,0.9981821107114982,1.0,0.999091055355749
organ_tablature,ammerbach_bookA,1,0.9787160310092443,0.9947279425408766,0.9867219867750605
organ_tablature,ammerbach_bookA,1,0.9982355319118711,1.0,0.9991177659559356
organ_tablature,ammerbach_bookA,1,0.9957884163301859,1.0,0.997894208165093
organ_tablature,ammerbach_bookA,1,0.9987673735725288,1.0,0.9993836867862644
organ_tablature,ammerbach_bookA,1,0.9997444474018342,1.0,0.9998722237009171
organ_tablature,ammerbach_bookA,1,0.813553698750983,0.7960244045174867,0.8047890516342349
organ_tablature,ammerbach_bookA,1,0.9998926722881155,0.9963172147487303,0.9981049435184228
organ_tablature,ammerbach_bookA,1,0.9994276121368407,0.9986406205113474,0.9990341163240941
organ_tablature,ammerbach_bookA,1,0.9959328915590425,0.9696593641939948,0.9827961278765187
organ_tablature,ammerbach_bookA,1,0.9958370079347361,1.0,0.997918503967368
organ_tablature,ammerbach_bookA,1,0.9986906116999682,1.0,0.9993453058499842
organ_tablature,ammerbach_bookA,1,0.9956688476238595,0.9881200184625883,0.991894433043224
organ_tablature,ammerbach_bookA,1,0.9963142031424346,1.0,0.9981571015712173
organ_tablature,ammerbach_bookA,1,0.9990556377442531,1.0,0.9995278188721266
organ_tablature,ammerbach_bookA,1,0.9998338284337527,1.0,0.9999169142168763
organ_tablature,ammerbach_bookA,1,0.9672828867395356,0.9953206954666336,0.9813017911030846
organ_tablature,ammerbach_bookA,1,0.9982463211612926,0.9981260010678057,0.9981861611145492
organ_tablature,ammerbach_bookA,1,0.9999892813792148,1.0,0.9999946406896074
organ_tablature,ammerbach_bookA,1,0.9998757830734953,1.0,0.9999378915367476
organ_tablature,ammerbach_bookA,1,0.9867209812175476,1.0,0.9933604906087738
organ_tablature,ammerbach_bookA,1,0.7665442773275903,0.9797796763150179,0.8731619768213041
organ_tablature,ammerbach_bookA,1,0.9256569881799598,0.9656647274754243,0.945660857827692
organ_tablature,ammerbach_bookA,1,0.9999648154092049,0.9980666574471028,0.9990157364281538
organ_tablature,ammerbach_bookA,1,0.9999382537004127,1.0,0.9999691268502063
organ_tablature,ammerbach_bookA,1,0.999800098169475,0.9955681797164052,0.9976841389429401
organ_tablature,ammerbach_bookA,1,0.9973999456271797,1.0,0.9986999728135899
organ_tablature,ammerbach_bookA,1,0.9850704520209828,0.9964639288478606,0.9907671904344217
organ_tablature,ammerbach_bookA,1,0.9837628069111456,1.0,0.9918814034555727
organ_tablature,ammerbach_bookA,1,0.9998918888695789,0.978207387000435,0.9890496379350069
organ_tablature,ammerbach_bookA,1,0.9998465651755049,0.9821764794913378,0.9910115223334213
organ_tablature,ammerbach_bookA,1,0.9861043517618735,0.9983200568990043,0.9922122043304389
organ_tablature,ammerbach_bookA,1,0.9986605339868486,0.9981206163655686,0.9983905751762086
organ_tablature,ammerbach_bookA,1,0.9998453838082177,1.0,0.9999226919041089
organ_tablature,ammerbach_bookA,1,0.9999926550403169,1.0,0.9999963275201584
organ_tablature,ammerbach_bookA,1,0.999869820399537,1.0,0.9999349101997685
organ_tablature,ammerbach_bookA,1,0.9982952564921054,0.9983200568990043,0.9983076566955549
organ_tablature,ammerbach_bookA,1,0.9971395039693283,0.9985539215686274,0.9978467127689779
organ_tablature,ammerbach_bookA,1,0.9993951511402249,1.0,0.9996975755701125
organ_tablature,ammerbach_bookA,1,0.9998365855800547,1.0,0.9999182927900274
organ_tablature,ammerbach_bookA,1,0.9998458788844207,0.9912246155640624,0.9955352472242416
organ_tablature,ammerbach_bookA,1,0.9955240791474749,0.9985728214503351,0.997048450298905
organ_tablature,ammerbach_bookA,1,0.9998732418427343,0.9932285565128455,0.9965508991777898
organ_tablature,ammerbach_bookA,1,0.9994537821531725,1.0,0.9997268910765862
organ_tablature,ammerbach_bookA,1,0.9998586457547163,1.0,0.9999293228773581
organ_tablature,ammerbach_bookA,1,0.9998234732980438,1.0,0.9999117366490219
organ_tablature,ammerbach_bookA,1,0.9866558223618748,0.9962541331374957,0.9914549777496853
organ_tablature,ammerbach_bookA,1,0.9995865134261965,0.9833036471298194,0.9914450802780079
organ_tablature,ammerbach_bookA,1,0.9999167692923299,0.9958268780259597,0.9978718236591448
organ_tablature,ammerbach_bookA,1,0.9999823582458863,1.0,0.9999911791229432
organ_tablature,ammerbach_bookA,1,0.9999919067993622,1.0,0.9999959533996812
organ_tablature,ammerbach_bookA,1,0.9999439098945653,1.0,0.9999719549472826
organ_tablature,ammerbach_bookA,1,0.9998652016562418,1.0,0.9999326008281209
organ_tablature,ammerbach_bookA,1,0.9999128280355725,1.0,0.9999564140177862
organ_tablature,ammerbach_bookA,1,0.9999996118862454,1.0,0.9999998059431228
organ_tablature,ammerbach_bookA,1,0.9999991235680264,1.0,0.9999995617840132
organ_tablature,ammerbach_bookA,1,0.9939395939580519,0.9318253835761184,0.9628824887670852
organ_tablature,ammerbach_bookA,1,0.9999458610256787,1.0,0.9999729305128393
organ_tablature,ammerbach_bookA,1,0.9996804038127365,0.9987891837756636,0.9992347937942001
organ_tablature,ammerbach_bookA,1,0.9999224926685776,1.0,0.9999612463342888
organ_tablature,ammerbach_bookA,1,0.9993439446279346,0.9983172119487909,0.9988305782883627
organ_tablature,ammerbach_bookA,1,0.9920268313534603,0.9965020136476305,0.9942644225005454
organ_tablature,ammerbach_bookA,1,0.9998674994016366,0.9986925506223295,0.9992800250119831
organ_tablature,ammerbach_bookA,1,0.9999690988198288,1.0,0.9999845494099144
organ_tablature,ammerbach_bookA,1,0.9993232437212244,1.0,0.9996616218606122
organ_tablature,ammerbach_bookA,1,0.994133699631275,0.9986618625277162,0.9963977810794955
organ_tablature,ammerbach_bookA,1,0.9746113108802434,0.6668718940132862,0.8207416024467649
organ_tablature,ammerbach_bookA,1,0.9952516545686728,0.8178472817509986,0.9065494681598357
organ_tablature,ammerbach_bookA,1,0.999999939347567,0.9231603861498523,0.9615801627487097
organ_tablature,ammerbach_bookA,1,0.9999986907318077,0.9787607428980406,0.9893797168149241
organ_tablature,ammerbach_bookA,1,0.9999941452766944,1.0,0.9999970726383471
organ_tablature,ammerbach_bookA,1,0.9998441723919356,1.0,0.9999220861959678
organ_tablature,ammerbach_bookA,1,0.9931256275553734,0.9920117152091755,0.9925686713822744
organ_tablature,ammerbach_bookA,1,0.9752599099196685,0.9696686338609404,0.9724642718903045
organ_tablature,ammerbach_bookA,1,0.9270263870616617,0.9799015838032469,0.9534639854324543
organ_tablature,ammerbach_bookA,1,0.9984953052553129,1.0,0.9992476526276565
organ_tablature,ammerbach_bookA,1,0.9995338370774564,0.9989623797025372,0.9992481083899968
organ_tablature,ammerbach_bookA,1,0.9993799528279027,1.0,0.9996899764139513
organ_tablature,ammerbach_bookA,1,0.9957280025466332,1.0,0.9978640012733166
organ_tablature,ammerbach_bookA,1,0.7514537359490028,0.9183807740838981,0.8349172550164504
organ_tablature,ammerbach_bookA,1,0.9974189073163927,0.9985539215686274,0.9979864144425101
organ_tablature,ammerbach_bookA,1,0.9999972119451911,1.0,0.9999986059725956
organ_tablature,ammerbach_bookA,1,0.9999754392988237,1.0,0.9999877196494118
organ_tablature,ammerbach_bookA,1,0.9983238791558486,1.0,0.9991619395779243
organ_tablature,ammerbach_bookA,1,0.9996890613883969,0.9970924806667958,0.9983907710275963
organ_tablature,ammerbach_bookA,1,0.9961643161208705,0.9941248,0.9951445580604352
organ_tablature,ammerbach_bookA,1,0.9983778941048134,1.0,0.9991889470524067
organ_tablature,ammerbach_bookA,1,0.9995847650109972,1.0,0.9997923825054986
organ_tablature,ammerbach_bookA,1,0.9988126466056313,1.0,0.9994063233028156
organ_tablature,ammerbach_bookA,1,0.9933577668635404,0.9968701884575026,0.9951139776605216
organ_tablature,ammerbach_bookA,1,0.9878239257551049,1.0,0.9939119628775525
organ_tablature,ammerbach_bookA,1,0.9991346370395433,1.0,0.9995673185197717
organ_tablature,ammerbach_bookA,1,0.9958446053278366,0.9980666574471028,0.9969556313874697
organ_tablature,ammerbach_bookA,1,0.9998358332021403,1.0,0.9999179166010701
organ_tablature,ammerbach_bookA,1,0.9974686641883554,0.9984572930354797,0.9979629786119175
organ_tablature,ammerbach_bookA,1,0.9791971685763842,0.9700601675695896,0.9746286680729869
organ_tablature,ammerbach_bookA,1,0.9998611232566634,1.0,0.9999305616283317
organ_tablature,ammerbach_bookA,1,0.9999996241633227,0.9844041773515805,0.9922019007574516
organ_tablature,ammerbach_bookA,1,0.9999989967030373,0.9080775399879691,0.9540382683455032
organ_tablature,ammerbach_bookA,1,0.9999997566808351,0.9749129169248151,0.9874563368028251
organ_tablature,ammerbach_bookA,1,0.9995541608398697,1.0,0.9997770804199348
organ_tablature,ammerbach_bookA,1,0.9997871060741498,1.0,0.999893553037075
organ_tablature,ammerbach_bookA,1,0.999426600128295,0.8760158948031029,0.937721247465699
organ_tablature,ammerbach_bookA,1,0.9993603355414233,1.0,0.9996801677707117
organ_tablature,ammerbach_bookA,1,0.9995662466498825,1.0,0.9997831233249412
organ_tablature,ammerbach_bookA,1,0.9987397821173115,1.0,0.9993698910586557
organ_tablature,ammerbach_bookA,1,0.9953610339609906,0.973548249709775,0.9844546418353828
organ_tablature,ammerbach_bookA,1,0.999873088722124,0.8358853118494997,0.9178792002858118
organ_tablature,ammerbach_bookA,1,0.9992243114671158,0.7629153662930616,0.8810698388800886
organ_tablature,ammerbach_bookA,1,0.9952316435320812,0.978207387000435,0.986719515266258
organ_tablature,ammerbach_bookA,1,0.9996161148321657,1.0,0.9998080574160828
organ_tablature,ammerbach_bookA,1,0.9995803767819267,1.0,0.9997901883909633
organ_tablature,ammerbach_bookA,1,0.9955106587281302,1.0,0.9977553293640651
organ_tablature,ammerbach_bookA,1,0.39724276458711694,0.8705025635080895,0.6338726640476032
organ_tablature,ammerbach_bookA,1,0.9996892038827118,0.9708205914680097,0.9852548976753608
organ_tablature,ammerbach_bookA,1,0.9928857039844203,1.0,0.9964428519922102
organ_tablature,ammerbach_bookA,1,0.9998560758572735,0.9911021282991344,0.9954791020782039
organ_tablature,ammerbach_bookA,1,0.9972390331643625,0.9986618625277162,0.9979504478460393
organ_tablature,ammerbach_bookA,1,0.9939034074885508,1.0,0.9969517037442754
organ_tablature,ammerbach_bookA,1,0.9758442855685524,0.9888865465357612,0.9823654160521569
organ_tablature,ammerbach_bookA,1,0.9999766773828144,1.0,0.9999883386914072
organ_tablature,ammerbach_bookA,1,0.9999995451013872,1.0,0.9999997725506936
organ_tablature,ammerbach_bookA,1,0.9999442061472097,1.0,0.9999721030736048
organ_tablature,ammerbach_bookA,1,0.9997116561517325,0.9955681797164052,0.9976399179340689
organ_tablature,ammerbach_bookA,1,0.9999080667408939,0.9955681797164052,0.9977381232286495
organ_tablature,ammerbach_bookA,1,0.9968799327418185,0.9947258557632067,0.9958028942525126
organ_tablature,ammerbach_bookA,1,0.9999013904903853,0.9103702980177626,0.9551358442540739
organ_tablature,ammerbach_bookA,1,0.9996518323800995,0.9980806078625702,0.9988662201213349
organ_tablature,ammerbach_bookA,1,0.9999926774397939,0.9971291553261614,0.9985609163829776
organ_tablature,ammerbach_bookA,1,0.9999646084928309,1.0,0.9999823042464154
organ_tablature,ammerbach_bookA,1,0.9996645915752939,0.9953542092337131,0.9975094004045035
organ_tablature,ammerbach_bookA,1,0.997786609562663,0.9970276655946565,0.9974071375786597
organ_tablature,ammerbach_bookA,1,0.9954578400682335,1.0,0.9977289200341167
organ_tablature,ammerbach_bookA,1,0.9973258702616183,1.0,0.9986629351308092
organ_tablature,ammerbach_bookA,1,0.9906370487707088,1.0,0.9953185243853544
organ_tablature,ammerbach_bookA,1,0.996434287116495,1.0,0.9982171435582474
organ_tablature,ammerbach_bookA,1,0.9999887174726378,1.0,0.9999943587363189
organ_tablature,ammerbach_bookA,1,0.9999947804479569,1.0,0.9999973902239785
organ_tablature,ammerbach_bookA,1,0.997549398550502,0.9983200568990043,0.9979347277247531
organ_tablature,ammerbach_bookA,1,0.9771473469036237,0.9624850800492519,0.9698162134764379
organ_tablature,ammerbach_bookA,1,0.924712816589919,1.0,0.9623564082949595
organ_tablature,ammerbach_bookA,1,0.9983571652331505,0.9780106542755558,0.9881839097543532
organ_tablature,ammerbach_bookA,1,0.9933342676717409,1.0,0.9966671338358705
organ_tablature,ammerbach_bookA,1,0.9900535035106721,1.0,0.9950267517553361
organ_tablature,ammerbach_bookA,1,0.9259837547816332,0.9941725828095548,0.9600781687955939
organ_tablature,ammerbach_bookA,1,0.9377954644271977,0.992532939408884,0.9651642019180409
organ_tablature,ammerbach_bookA,1,0.9930457426745761,0.9693791504276861,0.9812124465511312
organ_tablature,ammerbach_bookA,1,0.8338275392812615,0.8522605363094161,0.8430440377953388
organ_tablature,ammerbach_bookA,1,0.36026208306395185,0.8573675361026531,0.6088148095833025
organ_tablature,ammerbach_bookA,1,0.9999909854641706,1.0,0.9999954927320853
organ_tablature,ammerbach_bookA,1,0.9999992132629479,0.9967653856901532,0.9983822994765505
organ_tablature,ammerbach_bookA,1,0.9908912425122134,0.9981874756903928,0.9945393591013031
organ_tablature,ammerbach_bookA,1,0.9998839359606033,1.0,0.9999419679803017
organ_tablature,ammerbach_bookA,1,0.9992055291189438,0.9988855106888361,0.9990455199038899
organ_tablature,ammerbach_bookA,1,0.9572081253677907,0.996307254623044,0.9767576899954173
organ_tablature,ammerbach_bookA,1,0.9873395549963762,0.9950219756942297,0.9911807653453029
organ_tablature,ammerbach_bookA,1,0.9982075038480037,0.9988855106888361,0.9985465072684199
organ_tablature,ammerbach_bookA,1,0.9980936285012371,1.0,0.9990468142506186
organ_tablature,ammerbach_bookA,1,0.9997734065994608,1.0,0.9998867032997304
organ_tablature,ammerbach_bookA,1,0.9995241054336904,1.0,0.9997620527168452
organ_tablature,ammerbach_bookA,1,0.9905315941939946,1.0,0.9952657970969974
organ_tablature,ammerbach_bookA,1,0.9869627709945041,0.9947527899878091,0.9908577804911567
organ_tablature,ammerbach_bookA,1,0.9233370557538202,0.9930854568640185,0.9582112563089193
organ_tablature,ammerbach_bookA,1,0.9203782425741674,0.996,0.9581891212870837
organ_tablature,ammerbach_bookA,1,0.9998548249332379,0.9936979791470328,0.9967764020401353
organ_tablature,ammerbach_bookA,1,0.9999971301928288,0.998,0.9989985650964144
organ_tablature,ammerbach_bookA,1,0.9861370367856264,0.9987224622030237,0.992429749494325
organ_tablature,ammerbach_bookA,1,0.9892803766400445,0.9852565316865481,0.9872684541632963
organ_tablature,ammerbach_bookA,1,0.9991610078438071,1.0,0.9995805039219036
organ_tablature,ammerbach_bookA,1,0.9974475112627331,1.0,0.9987237556313666
organ_tablature,ammerbach_bookA,1,0.9902522039656209,1.0,0.9951261019828104
organ_tablature,ammerbach_bookA,1,0.7462818112172442,0.929010939908206,0.8376463755627251
organ_tablature,ammerbach_bookA,1,0.9385194294560631,0.996227511901779,0.9673734706789211
organ_tablature,ammerbach_bookA,1,0.9994780539227177,1.0,0.9997390269613589
organ_tablature,ammerbach_bookA,1,0.9998075457429614,1.0,0.9999037728714807
organ_tablature,ammerbach_bookA,1,0.9063906722479579,0.9919160615724156,0.9491533669101868
organ_tablature,ammerbach_bookA,1,0.38276394637083827,0.9132307279977165,0.6479973371842774
organ_tablature,ammerbach_bookA,1,0.9999970841087692,1.0,0.9999985420543847
organ_tablature,ammerbach_bookA,1,0.9999965659465853,1.0,0.9999982829732926
organ_tablature,ammerbach_bookA,1,0.9997539209778112,0.9985068322981367,0.999130376637974
organ_tablature,ammerbach_bookA,1,0.9999333317960621,0.9938009508172752,0.9968671413066686
organ_tablature,ammerbach_bookA,1,0.8560017993563346,0.9674842892983785,0.9117430443273565
organ_tablature,ammerbach_bookA,1,0.9747743718876101,0.9842497068195726,0.9795120393535913
organ_tablature,ammerbach_bookA,1,0.9991204876207954,1.0,0.9995602438103977
organ_tablature,ammerbach_bookA,1,0.977293621764566,1.0,0.988646810882283
organ_tablature,ammerbach_bookA,1,0.9841901106192951,0.9096018577362969,0.946895984177796
organ_tablature,ammerbach_bookA,1,0.8615479575184589,0.7104293459331195,0.7859886517257892
organ_tablature,ammerbach_bookA,1,0.9933862643630448,1.0,0.9966931321815224
organ_tablature,ammerbach_bookA,1,0.9991579006944452,1.0,0.9995789503472226
organ_tablature,ammerbach_bookA,1,0.9968228946343813,1.0,0.9984114473171907
organ_tablature,ammerbach_bookA,1,0.9996819354027332,1.0,0.9998409677013667
organ_tablature,ammerbach_bookA,1,0.9997660691277146,1.0,0.9998830345638573
organ_tablature,ammerbach_bookA,1,0.9797427090667796,0.9963143669985774,0.9880285380326785
organ_tablature,ammerbach_bookA,1,0.9557072367879176,0.9967866625277162,0.9762469496578169
organ_tablature,ammerbach_bookA,1,0.9997207897036621,1.0,0.999860394851831
organ_tablature,ammerbach_bookA,1,0.9998019264344541,0.9956927750950413,0.9977473507647476
organ_tablature,ammerbach_bookA,1,0.9823771019713597,0.9511201216459831,0.9667486118086714
organ_tablature,ammerbach_bookA,1,0.9735121666005536,0.998,0.9857560833002768
organ_tablature,ammerbach_bookA,1,0.9940490984034306,1.0,0.9970245492017153
organ_tablature,ammerbach_bookA,1,0.9998859890318744,1.0,0.9999429945159373
organ_tablature,ammerbach_bookA,1,0.9948701193662228,0.9906644052016539,0.9927672622839383
organ_tablature,ammerbach_bookA,1,0.9838850037849277,0.8938498903891885,0.9388674470870582
organ_tablature,ammerbach_bookA,1,0.999745153374485,0.9889267391989313,0.9943359462867081
organ_tablature,ammerbach_bookA,1,0.9997662275779174,1.0,0.9998831137889588
organ_tablature,ammerbach_bookA,1,0.9998874061287207,0.9985068322981367,0.9991971192134288
organ_tablature,ammerbach_bookA,1,0.9994459478312668,0.9986618625277162,0.9990539051794916
organ_tablature,ammerbach_bookA,1,0.9880557405736085,0.9973660781524558,0.9927109093630322
organ_tablature,ammerbach_bookA,1,0.755958148432199,0.9627630889872019,0.8593606187097005
organ_tablature,ammerbach_bookA,1,0.9940909594279945,1.0,0.9970454797139973
organ_tablature,ammerbach_bookA,1,0.9999863482218374,1.0,0.9999931741109187
organ_tablature,ammerbach_bookA,1,0.9993069709888172,1.0,0.9996534854944086
organ_tablature,ammerbach_bookA,1,0.9999609489218777,1.0,0.9999804744609389
organ_tablature,ammerbach_bookA,1,0.9993836813730098,1.0,0.999691840686505
organ_tablature,ammerbach_bookA,1,0.9974096441954707,0.9874238121662947,0.9924167281808827
organ_tablature,ammerbach_bookA,1,0.9995629850373917,0.998,0.9987814925186959
organ_tablature,ammerbach_bookA,1,0.9977436110044311,1.0,0.9988718055022155
organ_tablature,ammerbach_bookA,1,0.9973711846850339,0.9587580847979938,0.9780646347415138
organ_tablature,ammerbach_bookA,1,0.991134782338268,0.9836131519152068,0.9873739671267374
organ_tablature,ammerbach_bookB,1,0.9999602515966055,0.9797088641522874,0.9898345578744465
organ_tablature,ammerbach_bookB,1,0.9999313566562608,0.9981016042780749,0.9990164804671678
organ_tablature,ammerbach_bookB,1,0.9997107344102338,0.9966852565490547,0.9981979954796443
organ_tablature,ammerbach_bookB,1,0.9999988017486378,0.9987938342967245,0.9993963180226811
organ_tablature,ammerbach_bookB,1,0.9999382068510183,1.0,0.9999691034255092
organ_tablature,ammerbach_bookB,1,0.9997043240021474,1.0,0.9998521620010736
organ_tablature,ammerbach_bookB,1,0.9996422199261337,1.0,0.9998211099630668
organ_tablature,ammerbach_bookB,1,0.9887386050223332,0.9985184493227464,0.9936285271725398
organ_tablature,ammerbach_bookB,1,0.9994764761483632,0.9981350210970464,0.9988057486227049
organ_tablature,ammerbach_bookB,1,0.9999744741261375,1.0,0.9999872370630687
organ_tablature,ammerbach_bookB,1,0.9998187275299314,1.0,0.9999093637649656
organ_tablature,ammerbach_bookB,1,0.999329899618525,0.9963773361294169,0.997853617873971
organ_tablature,ammerbach_bookB,1,0.9912730319918023,0.9779599445344,0.9846164882631012
organ_tablature,ammerbach_bookB,1,0.9999872211204701,1.0,0.9999936105602351
organ_tablature,ammerbach_bookB,1,0.9999921824983302,1.0,0.9999960912491651
organ_tablature,ammerbach_bookB,1,0.9998269185769896,1.0,0.9999134592884948
organ_tablature,ammerbach_bookB,1,0.9973727487026565,0.9391797052771654,0.968276226989911
organ_tablature,ammerbach_bookB,1,0.9999152693544031,0.9919202125979079,0.9959177409761555
organ_tablature,ammerbach_bookB,1,0.999994925209204,1.0,0.999997462604602
organ_tablature,ammerbach_bookB,1,0.9999957679936445,1.0,0.9999978839968222
organ_tablature,ammerbach_bookB,1,0.9999925304496112,1.0,0.9999962652248056
organ_tablature,ammerbach_bookB,1,0.9994445065386623,0.9881555214286712,0.9938000139836668
organ_tablature,ammerbach_bookB,1,0.9998673098562253,1.0,0.9999336549281126
organ_tablature,ammerbach_bookB,1,0.9998544283394012,0.9990293467970969,0.999441887568249
organ_tablature,ammerbach_bookB,1,0.9999974268682271,0.9990293467970969,0.999513386832662
organ_tablature,ammerbach_bookB,1,0.999429906358921,1.0,0.9997149531794605
organ_tablature,ammerbach_bookB,1,0.9923322622184241,0.9984330312185298,0.995382646718477
organ_tablature,ammerbach_bookB,1,0.9996543796226802,0.9969410126694623,0.9982976961460712
organ_tablature,ammerbach_bookB,1,0.9999873521927308,1.0,0.9999936760963655
organ_tablature,ammerbach_bookB,1,0.9999971800878386,1.0,0.9999985900439192
organ_tablature,ammerbach_bookB,1,0.9999937470716009,1.0,0.9999968735358005
organ_tablature,ammerbach_bookB,1,0.9978785642949917,1.0,0.9989392821474958
organ_tablature,ammerbach_bookB,1,0.99992443302821,0.963568544085691,0.9817464885569505
organ_tablature,ammerbach_bookB,1,0.9999995767174494,0.962464688945969,0.9812321328317093
organ_tablature,ammerbach_bookB,1,0.9999276204299313,1.0,0.9999638102149657
organ_tablature,ammerbach_bookB,1,0.9994532382681549,1.0,0.9997266191340775
organ_tablature,ammerbach_bookB,1,0.9998362292102091,0.980588880980422,0.9902125550953156
organ_tablature,ammerbach_bookB,1,0.9997432195041696,0.9927828449583189,0.9962630322312442
organ_tablature,ammerbach_bookB,1,0.9997826560168831,0.9927525369612368,0.9962675964890599
organ_tablature,ammerbach_bookB,1,0.9999868701877849,0.9985617255621845,0.9992742978749847
organ_tablature,ammerbach_bookB,1,0.9997160939329238,0.9943622021634594,0.9970391480481916
organ_tablature,ammerbach_bookB,1,0.9979450707116988,0.9952966934040162,0.9966208820578575
organ_tablature,ammerbach_bookB,1,0.996260332102378,0.9255696505610412,0.9609149913317097
organ_tablature,ammerbach_bookB,1,0.9999362304951604,0.9921387650691598,0.9960374977821601
organ_tablature,ammerbach_bookB,1,0.999984964150418,1.0,0.9999924820752091
organ_tablature,ammerbach_bookB,1,0.9955512942299288,0.9985684210526317,0.9970598576412802
organ_tablature,ammerbach_bookB,1,0.974297536792559,0.9919346994227044,0.9831161181076318
organ_tablature,ammerbach_bookB,1,0.999269399259908,0.9923089895655748,0.9957891944127414
organ_tablature,ammerbach_bookB,1,0.9994926789536963,1.0,0.9997463394768482
organ_tablature,ammerbach_bookB,1,0.9999806974838109,1.0,0.9999903487419055
organ_tablature,ammerbach_bookB,1,0.9996768221254805,1.0,0.9998384110627403
organ_tablature,ammerbach_bookB,1,0.9987590252388693,1.0,0.9993795126194347
organ_tablature,ammerbach_bookB,1,0.9742137884218253,0.7780950368403171,0.8761544126310712
organ_tablature,ammerbach_bookB,1,0.9979688807493656,0.9868752875547343,0.9924220841520499
organ_tablature,ammerbach_bookB,1,0.9999985415587519,0.9984633050424363,0.999230923300594
organ_tablature,ammerbach_bookB,1,0.9999994202717354,1.0,0.9999997101358677
organ_tablature,ammerbach_bookB,1,0.999975294104897,1.0,0.9999876470524485
organ_tablature,ammerbach_bookB,1,0.9957725014298101,0.9984455594581034,0.9971090304439567
organ_tablature,ammerbach_bookB,1,0.9985351308085222,0.9966358157762716,0.9975854732923969
organ_tablature,ammerbach_bookB,1,0.9940055545211244,1.0,0.9970027772605622
organ_tablature,ammerbach_bookB,1,0.999976034045182,1.0,0.999988017022591
organ_tablature,ammerbach_bookB,1,0.9999209077415547,0.9763987499013954,0.988159828821475
organ_tablature,ammerbach_bookB,1,0.999487694064126,0.9308123053750276,0.9651499997195767
organ_tablature,ammerbach_bookB,1,0.9984068593403457,1.0,0.9992034296701728
organ_tablature,ammerbach_bookB,1,0.9999403223113367,1.0,0.9999701611556684
organ_tablature,ammerbach_bookB,1,0.9999662453010325,0.9899749707449903,0.9949706080230114
organ_tablature,ammerbach_bookB,1,0.9977886705778675,1.0,0.9988943352889337
organ_tablature,ammerbach_bookB,1,0.996805077612318,0.9980871700429711,0.9974461238276445
organ_tablature,ammerbach_bookB,1,0.9999993910886273,1.0,0.9999996955443137
organ_tablature,ammerbach_bookB,1,0.9999966116913465,1.0,0.9999983058456732
organ_tablature,ammerbach_bookB,1,0.9999942195673991,1.0,0.9999971097836995
organ_tablature,ammerbach_bookB,1,0.9996006428740577,1.0,0.9998003214370288
organ_tablature,ammerbach_bookB,1,0.9940635515870857,0.9982416713721061,0.9961526114795959
organ_tablature,ammerbach_bookB,1,0.9999240938122544,1.0,0.9999620469061272
organ_tablature,ammerbach_bookB,1,0.9998247927893787,1.0,0.9999123963946894
organ_tablature,ammerbach_bookB,1,0.9999727216391568,1.0,0.9999863608195785
organ_tablature,ammerbach_bookB,1,0.9999740077330811,0.9795010086208674,0.9897375081769743
organ_tablature,ammerbach_bookB,1,0.9999755899259646,0.9507870749585338,0.9753813324422491
organ_tablature,ammerbach_bookB,1,0.9999888358255381,0.9857754281536816,0.9928821319896098
organ_tablature,ammerbach_bookB,1,0.9983791404384399,0.9156831302453402,0.9570311353418901
organ_tablature,ammerbach_bookB,1,0.9928888081526996,1.0,0.9964444040763498
organ_tablature,ammerbach_bookB,1,0.9902755835918813,0.9940034601262483,0.9921395218590647
organ_tablature,ammerbach_bookB,1,0.99743388638328,0.9697699261420906,0.9836019062626853
organ_tablature,ammerbach_bookB,1,0.9931879993702472,0.9981768867924529,0.99568244308135
organ_tablature,ammerbach_bookB,1,0.9999989163923249,1.0,0.9999994581961624
organ_tablature,ammerbach_bookB,1,0.9998213413461498,0.897537698763511,0.9486795200548304
organ_tablature,ammerbach_bookB,1,0.9974638076335178,0.8673285144728241,0.932396161053171
organ_tablature,ammerbach_bookB,1,0.9990045425517383,0.7582730891631413,0.8786388158574399
organ_tablature,ammerbach_bookB,1,0.9993512994257097,0.9984222222222222,0.998886760823966
organ_tablature,ammerbach_bookB,1,0.9999965746512727,1.0,0.9999982873256363
organ_tablature,ammerbach_bookB,1,0.999967010023429,1.0,0.9999835050117145
organ_tablature,ammerbach_bookB,1,0.9907950039719536,0.8874933815118866,0.9391441927419202
organ_tablature,ammerbach_bookB,1,0.9983046169007224,0.9216099597426368,0.9599572883216796
organ_tablature,ammerbach_bookB,1,0.9999958911870849,0.9940729590085493,0.9970344250978171
organ_tablature,ammerbach_bookB,1,0.9999940799216447,1.0,0.9999970399608223
organ_tablature,ammerbach_bookB,1,0.9999611295455487,1.0,0.9999805647727744
organ_tablature,ammerbach_bookB,1,0.9999982138347059,1.0,0.9999991069173529
organ_tablature,ammerbach_bookB,1,0.9996659462570033,0.9984222222222222,0.9990440842396128
organ_tablature,ammerbach_bookB,1,0.9998804047823716,1.0,0.9999402023911859
organ_tablature,ammerbach_bookB,1,0.9999994335818359,1.0,0.9999997167909179
organ_tablature,ammerbach_bookB,1,0.9999290638165129,1.0,0.9999645319082564
organ_tablature,ammerbach_bookB,1,0.999749580692145,1.0,0.9998747903460725
organ_tablature,ammerbach_bookB,1,0.9991165940160467,0.852813118135342,0.9259648560756943
organ_tablature,ammerbach_bookB,1,0.9995541292869949,0.9729107660878312,0.9862324476874131
organ_tablature,ammerbach_bookB,1,0.9999576027023988,1.0,0.9999788013511994
organ_tablature,ammerbach_bookB,1,0.999996020062424,1.0,0.999998010031212
organ_tablature,ammerbach_bookB,1,0.9997624340043243,1.0,0.9998812170021621
organ_tablature,ammerbach_bookB,1,0.9994651747246437,0.9192139145631982,0.959339544643921
organ_tablature,ammerbach_bookB,1,0.999465190895259,0.8771192750135703,0.9382922329544147
organ_tablature,ammerbach_bookB,1,0.9999901918896834,1.0,0.9999950959448417
organ_tablature,ammerbach_bookB,1,0.9999762074700308,1.0,0.9999881037350153
organ_tablature,ammerbach_bookB,1,0.999995159896217,1.0,0.9999975799481085
organ_tablature,ammerbach_bookB,1,0.9999395962319239,0.9938902039980436,0.9969149001149837
organ_tablature,ammerbach_bookB,1,0.9998446849410996,0.9990293467970969,0.9994370158690982
organ_tablature,ammerbach_bookB,1,0.9999963373556557,0.9985617255621845,0.9992790314589202
organ_tablature,ammerbach_bookB,1,0.9999913011996003,1.0,0.9999956505998002
organ_tablature,ammerbach_bookB,1,0.9975176603000055,0.992572864321608,0.9950452623108068
organ_tablature,ammerbach_bookB,1,0.9995669107483128,1.0,0.9997834553741565
organ_tablature,ammerbach_bookB,1,0.9972989763999633,1.0,0.9986494881999817
organ_tablature,ammerbach_bookB,1,0.9999718784124877,1.0,0.9999859392062438
organ_tablature,ammerbach_bookB,1,0.999950192734552,0.9984455594581034,0.9991978760963277
organ_tablature,ammerbach_bookB,1,0.9999819833745057,0.997102350633093,0.9985421670037994
organ_tablature,ammerbach_bookB,1,0.9999994399092327,0.9889615172971009,0.9944804786031668
organ_tablature,ammerbach_bookB,1,0.9999384224483291,0.9972484320596604,0.9985934272539947
organ_tablature,ammerbach_bookB,1,0.9998525893259794,0.9391160325760958,0.9694843109510376
organ_tablature,ammerbach_bookB,1,0.9993020426329305,0.9865843245272631,0.9929431835800968
organ_tablature,ammerbach_bookB,1,0.9996456995814177,1.0,0.9998228497907089
organ_tablature,ammerbach_bookB,1,0.9999877873601627,0.9990293467970969,0.9995085670786298
organ_tablature,ammerbach_bookB,1,0.999943149905631,1.0,0.9999715749528155
organ_tablature,ammerbach_bookB,1,0.9994801470262867,1.0,0.9997400735131434
organ_tablature,ammerbach_bookB,1,0.9999988054884967,1.0,0.9999994027442484
organ_tablature,ammerbach_bookB,1,0.9999288204358164,1.0,0.9999644102179082
organ_tablature,ammerbach_bookB,1,0.999803261876177,0.9990293467970969,0.9994163043366369
organ_tablature,ammerbach_bookB,1,0.9999023199118074,1.0,0.9999511599559037
organ_tablature,ammerbach_bookB,1,0.9999731386400345,1.0,0.9999865693200172
organ_tablature,ammerbach_bookB,1,0.9999675305961295,1.0,0.9999837652980648
organ_tablature,ammerbach_bookB,1,0.9980770913544089,0.998,0.9980385456772045
organ_tablature,ammerbach_bookB,1,0.9976925795140108,1.0,0.9988462897570054
organ_tablature,ammerbach_bookB,1,0.9985892088190474,0.9679810412246834,0.9832851250218655
organ_tablature,ammerbach_bookB,1,0.9999292827128287,0.9814165015786138,0.9906728921457213
organ_tablature,ammerbach_bookB,1,0.9990770341255221,0.9984276348966212,0.9987523345110716
organ_tablature,ammerbach_bookB,1,0.9998093777997885,1.0,0.9999046888998943
organ_tablature,ammerbach_bookB,1,0.9998056140156071,0.9921400295113441,0.9959728217634756
organ_tablature,ammerbach_bookB,1,0.9979370386401678,0.9977850606886995,0.9978610496644337
organ_tablature,ammerbach_bookB,1,0.9956918545607246,0.9843256720554593,0.990008763308092
organ_tablature,ammerbach_bookB,1,0.9999185440049645,0.9984222222222222,0.9991703831135934
organ_tablature,ammerbach_bookB,1,0.9999941704890959,1.0,0.9999970852445479
organ_tablature,ammerbach_bookB,1,0.9999990356816515,0.9968021733101897,0.9984006044959206
organ_tablature,ammerbach_bookB,1,0.9999363298106153,0.9333335698494527,0.966634949830034
organ_tablature,ammerbach_bookB,1,0.9993610379069509,0.9945415478158527,0.9969512928614017
organ_tablature,ammerbach_bookB,1,0.9987960504133595,1.0,0.9993980252066798
organ_tablature,ammerbach_bookB,1,0.9999332489413212,1.0,0.9999666244706606
organ_tablature,ammerbach_bookB,1,0.9995877837011891,1.0,0.9997938918505945
organ_tablature,ammerbach_bookB,1,0.9999593885839554,1.0,0.9999796942919776
organ_tablature,ammerbach_bookB,1,0.9999969737801202,1.0,0.9999984868900601
organ_tablature,ammerbach_bookB,1,0.9999996844776563,1.0,0.9999998422388281
organ_tablature,ammerbach_bookB,1,0.9999256698379708,1.0,0.9999628349189854
organ_tablature,ammerbach_bookB,1,0.999679371293067,0.9924522526835374,0.9960658119883022
organ_tablature,ammerbach_bookB,1,0.9999244244630165,0.9983673469387755,0.999145885700896
organ_tablature,ammerbach_bookB,1,0.9999997849505792,0.9982913608131,0.9991455728818396
organ_tablature,ammerbach_bookB,1,0.9999580078227814,0.9987143447705664,0.9993361762966739
organ_tablature,ammerbach_bookB,1,0.9994474235715802,0.9794930978878051,0.9894702607296927
organ_tablature,ammerbach_bookB,1,0.9934339049071469,1.0,0.9967169524535735
organ_tablature,ammerbach_bookB,1,0.9999955361092244,1.0,0.9999977680546122
organ_tablature,ammerbach_bookB,1,0.9998269527317415,1.0,0.9999134763658708
organ_tablature,ammerbach_bookB,1,0.9998320072600132,0.9983949109414758,0.9991134591007444
organ_tablature,ammerbach_bookB,1,0.9999996273564443,0.9970494533338401,0.9985245403451422
organ_tablature,ammerbach_bookB,1,0.9999999875419129,1.0,0.9999999937709565
organ_tablature,ammerbach_bookB,1,0.9998157786280998,1.0,0.9999078893140498
organ_tablature,ammerbach_bookB,1,0.999483902674645,1.0,0.9997419513373225
organ_tablature,ammerbach_bookB,1,0.9985152256023743,1.0,0.9992576128011872
organ_tablature,ammerbach_bookB,1,0.9996184393727181,1.0,0.999809219686359
organ_tablature,ammerbach_bookB,1,0.9997317795698754,1.0,0.9998658897849377
organ_tablature,ammerbach_bookB,1,0.9577574665715366,0.9282715548279342,0.9430145106997354
organ_tablature,ammerbach_bookB,1,0.9998726168593156,0.9941034752373209,0.9969880460483183
organ_tablature,ammerbach_bookB,1,0.9999993712305345,1.0,0.9999996856152673
organ_tablature,ammerbach_bookB,1,0.9999981044558341,1.0,0.9999990522279171
organ_tablature,ammerbach_bookB,1,0.9998998590215513,1.0,0.9999499295107757
organ_tablature,ammerbach_bookB,1,0.9619377073608432,1.0,0.9809688536804215
organ_tablature,ammerbach_bookB,1,0.9917233283328675,1.0,0.9958616641664337
organ_tablature,ammerbach_bookB,1,0.9998760009908152,0.9983748014822658,0.9991254012365405
organ_tablature,ammerbach_bookB,1,0.9999983705927504,1.0,0.9999991852963752
organ_tablature,ammerbach_bookB,1,0.999980550856469,1.0,0.9999902754282345
organ_tablature,ammerbach_bookB,1,0.9987335757958797,1.0,0.9993667878979399
organ_tablature,ammerbach_bookB,1,0.9998300318151885,1.0,0.9999150159075942
organ_tablature,ammerbach_bookB,1,0.9999959696495252,1.0,0.9999979848247627
organ_tablature,ammerbach_bookB,1,0.9999998177111619,1.0,0.9999999088555809
organ_tablature,ammerbach_bookB,1,0.9999827039052245,1.0,0.9999913519526122
organ_tablature,ammerbach_bookB,1,0.9348175061326827,0.9984186046511628,0.9666180553919228
organ_tablature,ammerbach_bookB,1,0.9993770456120027,1.0,0.9996885228060013
organ_tablature,ammerbach_bookB,1,0.9999031422545752,1.0,0.9999515711272876
organ_tablature,ammerbach_bookB,1,0.9922907362213164,1.0,0.9961453681106582
organ_tablature,ammerbach_bookB,1,0.999933174066965,1.0,0.9999665870334825
organ_tablature,ammerbach_bookB,1,0.9940517904231976,1.0,0.9970258952115988
organ_tablature,ammerbach_bookB,1,0.9974777972583748,1.0,0.9987388986291874
organ_tablature,ammerbach_bookB,1,0.9999936872086327,1.0,0.9999968436043163
organ_tablature,ammerbach_bookB,1,0.999994498238364,1.0,0.999997249119182
organ_tablature,ammerbach_bookB,1,0.9995823958765432,1.0,0.9997911979382716
organ_tablature,ammerbach_bookB,1,0.9787319266767942,0.9966873428331936,0.9877096347549938
organ_tablature,ammerbach_bookB,1,0.9993759510027399,0.9479746289958791,0.9736752899993095
organ_tablature,ammerbach_bookB,1,0.9999966251327335,0.9166004990620807,0.9582985620974072
organ_tablature,ammerbach_bookB,1,0.999799945710387,0.9008387287893836,0.9503193372498853
organ_tablature,ammerbach_bookB,1,0.9999514065647835,0.9952396934217158,0.9975955499932496
organ_tablature,ammerbach_bookB,1,0.995313210702054,0.9410609074954948,0.9681870590987744
organ_tablature,ammerbach_bookB,1,0.9991396125750059,1.0,0.9995698062875029
organ_tablature,ammerbach_bookB,1,0.9998234177979873,1.0,0.9999117088989937
organ_tablature,ammerbach_bookB,1,0.9997595134586543,0.956272928251175,0.9780162208549147
organ_tablature,ammerbach_bookB,1,0.9999148090577012,0.8995709735609992,0.9497428913093502
organ_tablature,ammerbach_bookB,1,0.9998678689876135,1.0,0.9999339344938067
organ_tablature,ammerbach_bookB,1,0.9999942413696449,1.0,0.9999971206848224
organ_tablature,ammerbach_bookB,1,0.9998974083927648,0.9107018515282288,0.9552996299604968
organ_tablature,ammerbach_bookB,1,0.9999755004687988,0.9678629041981434,0.9839192023334711
organ_tablature,ammerbach_bookB,1,0.9988547454971487,1.0,0.9994273727485743
organ_tablature,ammerbach_bookB,1,0.99859706549704,0.9984330312185297,0.9985150483577848
organ_tablature,ammerbach_bookB,1,0.9999967926135596,1.0,0.9999983963067798
organ_tablature,ammerbach_bookB,1,0.9994128559913147,0.9991750741839762,0.9992939650876455
organ_tablature,ammerbach_bookB,1,0.9791399377452519,1.0,0.9895699688726259
organ_tablature,ammerbach_bookB,1,0.9978082145159469,0.9969137460077323,0.9973609802618396
organ_tablature,ammerbach_bookB,1,0.9999007437651763,1.0,0.9999503718825882
organ_tablature,ammerbach_bookB,1,0.999334185783308,0.9397520404973857,0.9695431131403469
organ_tablature,ammerbach_bookB,1,0.9988814707729399,0.9164575276067111,0.9576694991898255
organ_tablature,ammerbach_bookB,1,0.9999980140456851,0.9800294746787555,0.9900137443622203
organ_tablature,ammerbach_bookB,1,0.9997669452020674,1.0,0.9998834726010337
organ_tablature,ammerbach_bookB,1,0.9938366692416026,0.998,0.9959183346208014
organ_tablature,ammerbach_bookB,1,0.9993185779310967,1.0,0.9996592889655483
organ_tablature,ammerbach_bookB,1,0.9949355033125924,0.9914272119762342,0.9931813576444133
organ_tablature,ammerbach_bookB,1,0.9973275370233216,0.9764407718895696,0.9868841544564455
organ_tablature,ammerbach_bookB,1,0.9999535866377819,1.0,0.999976793318891
organ_tablature,ammerbach_bookB,1,0.9981113668502084,1.0,0.9990556834251042
organ_tablature,ammerbach_bookB,1,0.9962634761405472,1.0,0.9981317380702737
organ_tablature,ammerbach_bookB,1,0.9791732223117748,0.9944222222222222,0.9867977222669986
organ_tablature,ammerbach_bookB,1,0.9999966958740942,1.0,0.9999983479370471
organ_tablature,ammerbach_bookB,1,0.9999991070020374,0.9762196987025785,0.988109402852308
organ_tablature,ammerbach_bookB,1,0.9999963895887769,0.9832145373147806,0.9916054634517788
organ_tablature,ammerbach_bookB,1,0.9997737176092172,0.9782610722948248,0.989017394952021
organ_tablature,ammerbach_bookB,1,0.9997822334759032,0.9814880712528301,0.9906351523643666
organ_tablature,ammerbach_bookB,1,0.9998280845037767,1.0,0.9999140422518884
organ_tablature,ammerbach_bookB,1,0.9997431219168544,0.9956023955646939,0.9976727587407741
organ_tablature,ammerbach_bookB,1,0.9997600298656303,1.0,0.9998800149328151
organ_tablature,ammerbach_bookB,1,0.9999904772893492,1.0,0.9999952386446747
organ_tablature,ammerbach_bookB,1,0.9587407929060175,0.9635982517273194,0.9611695223166685
organ_tablature,ammerbach_bookB,1,0.9995102032547486,0.9983673469387755,0.998938775096762
organ_tablature,ammerbach_bookB,1,0.9999999752271957,1.0,0.9999999876135979
organ_tablature,ammerbach_bookB,1,0.9999985706766626,1.0,0.9999992853383313
organ_tablature,ammerbach_bookB,1,0.9999842723878056,0.9947270741142951,0.9973556732510503
organ_tablature,ammerbach_bookB,1,0.9815909251628727,0.9133235531386953,0.9474572391507841
organ_tablature,ammerbach_bookB,1,0.9997987501136275,0.9941490734316281,0.9969739117726277
organ_tablature,ammerbach_bookB,1,0.9999999834600306,0.9984633050424363,0.9992316442512335
organ_tablature,ammerbach_bookB,1,0.9999983370580046,1.0,0.9999991685290023
organ_tablature,ammerbach_bookB,1,0.9998865765538335,1.0,0.9999432882769168
organ_tablature,ammerbach_bookB,1,0.9996440491446322,0.9831956050541063,0.9914198270993693
organ_tablature,ammerbach_bookB,1,0.9965008250618133,0.9945116249148448,0.9955062249883291
organ_tablature,ammerbach_bookB,1,0.9998091396571234,1.0,0.9999045698285617
organ_tablature,ammerbach_bookB,1,0.9980041314817766,0.9921852268529128,0.9950946791673447
organ_tablature,ammerbach_bookB,1,0.9989439837761844,1.0,0.9994719918880922
organ_tablature,ammerbach_bookB,1,0.9957678159800706,0.8917335901637907,0.9437507030719307
organ_tablature,ammerbach_bookB,1,0.9800702657577883,0.7710434980228363,0.8755568818903123
organ_tablature,ammerbach_bookB,1,0.9996428121007862,0.9807253274562161,0.9901840697785012
organ_tablature,ammerbach_bookB,1,0.9999999291893783,1.0,0.9999999645946891
organ_tablature,ammerbach_bookB,1,0.9999974200310906,1.0,0.9999987100155453
organ_tablature,ammerbach_bookB,1,0.9999641415564504,0.9945133516029592,0.9972387465797048
organ_tablature,ammerbach_bookB,1,0.9999638727597113,0.9911169587713942,0.9955404157655527
organ_tablature,ammerbach_bookB,1,0.9996357235912229,0.9984222222222222,0.9990289729067225
organ_tablature,ammerbach_bookB,1,0.9999968633695894,0.9947396950875211,0.9973682792285552
organ_tablature,ammerbach_bookB,1,0.9998614658875876,0.9694459658872622,0.9846537158874249
organ_tablature,ammerbach_bookB,1,0.9989642240392689,1.0,0.9994821120196344
organ_tablature,ammerbach_bookB,1,0.9928431237490528,0.9736221931404242,0.9832326584447385
organ_tablature,ammerbach_bookB,1,0.9999671971687563,0.985427931278805,0.9926975642237806
organ_tablature,ammerbach_bookB,1,0.9999953717642411,1.0,0.9999976858821206
organ_tablature,ammerbach_bookB,1,0.9998863405683254,0.9967061855109652,0.9982962630396452
organ_tablature,ammerbach_bookB,1,0.9770079048482092,1.0,0.9885039524241046
organ_tablature,ammerbach_bookB,1,0.9845526907451158,0.9935499854032627,0.9890513380741892
organ_tablature,ammerbach_bookB,1,0.9666117931815604,1.0,0.9833058965907802
organ_tablature,ammerbach_bookB,1,0.9996553267646643,1.0,0.9998276633823322
organ_tablature,ammerbach_bookB,1,0.9999978137712259,1.0,0.999998906885613
organ_tablature,ammerbach_bookB,1,0.9997380942989992,0.998455764075067,0.9990969291870331
organ_tablature,ammerbach_bookB,1,0.9982069543626012,0.9941568230664651,0.9961818887145332
organ_tablature,ammerbach_bookB,1,0.9999858862272316,1.0,0.9999929431136159
organ_tablature,ammerbach_bookB,1,0.9999682450135654,1.0,0.9999841225067827
organ_tablature,ammerbach_bookB,1,0.9998961118860472,1.0,0.9999480559430236
organ_tablature,ammerbach_bookB,1,0.9999051217127642,0.9950455190554375,0.9974753203841009
organ_tablature,ammerbach_bookB,1,0.957257025800875,0.9904273872104972,0.9738422065056861
organ_tablature,ammerbach_bookB,1,0.9998526050086498,1.0,0.9999263025043249
organ_tablature,ammerbach_bookB,1,0.9999919529852964,1.0,0.9999959764926483
organ_tablature,ammerbach_bookB,1,0.9999224334689413,1.0,0.9999612167344707
organ_tablature,ammerbach_bookB,1,0.9995689262051414,0.9981356647573107,0.998852295481226
organ_tablature,ammerbach_bookB,1,0.9998375155179944,0.9981330924420356,0.998985303980015
organ_tablature,ammerbach_bookB,1,0.9994568328676324,0.9747085894646544,0.9870827111661434
organ_tablature,ammerbach_bookB,1,0.9999647436442886,0.9872235161677956,0.993594129906042
organ_tablature,ammerbach_bookB,1,0.999493581441398,0.9982619988706944,0.9988777901560462
organ_tablature,ammerbach_bookB,1,0.9983022231985936,1.0,0.9991511115992968
organ_tablature,ammerbach_bookB,1,0.9850134944937473,0.9953139895032563,0.9901637419985019
organ_tablature,ammerbach_bookB,1,0.9997275984981068,0.9772246525656394,0.988476125531873
organ_tablature,ammerbach_bookB,1,0.999993208469892,0.9684140724432131,0.9842036404565526
organ_tablature,ammerbach_bookB,1,0.9991175455632634,1.0,0.9995587727816317
organ_tablature,ammerbach_bookB,1,0.9097021038674817,0.9832164846390602,0.946459294253271
organ_tablature,ammerbach_bookB,1,0.9113090238097178,0.9512099027771943,0.9312594632934561
organ_tablature,ammerbach_bookB,1,0.9999683309156707,1.0,0.9999841654578354
organ_tablature,ammerbach_bookB,1,0.9999948597610155,1.0,0.9999974298805078
organ_tablature,ammerbach_bookB,1,0.9999601987188218,1.0,0.9999800993594109
organ_tablature,ammerbach_bookB,1,0.7850910989638611,0.9965795554426801,0.8908353272032705
organ_tablature,ammerbach_bookB,1,0.9484780700493368,0.9807100939689039,0.9645940820091203
organ_tablature,ammerbach_bookB,1,0.9993600351217782,0.9970157026436096,0.998187868882694
organ_tablature,ammerbach_bookB,1,0.9997265828134824,0.9921387650691598,0.995932673941321
organ_tablature,ammerbach_bookB,1,0.974882122033842,0.9348983227119989,0.9548902223729204
organ_tablature,ammerbach_bookB,1,0.9137024737608944,0.946607224345647,0.9301548490532707
organ_tablature,ammerbach_bookB,1,0.9978480683502967,0.8901645168985082,0.9440062926244024
organ_tablature,ammerbach_bookB,1,0.9997629752620242,0.9441004804684947,0.9719317278652595
organ_tablature,ammerbach_bookB,1,0.9999960138369088,0.988873725169635,0.9944348695032719
organ_tablature,ammerbach_bookB,1,0.9999763617023645,0.9987143447705664,0.9993453532364655
organ_tablature,ammerbach_bookB,1,0.999824640961384,0.9981442054247088,0.9989844231930465
organ_tablature,ammerbach_bookB,1,0.9952753927692013,0.9918052039808474,0.9935402983750243
organ_tablature,ammerbach_bookB,1,0.9997043322821162,0.9627731065957348,0.9812387194389255
organ_tablature,ammerbach_bookB,1,0.9999635698521808,0.9682430400953779,0.9841033049737793
organ_tablature,ammerbach_bookB,1,0.9999867654035312,1.0,0.9999933827017655
organ_tablature,ammerbach_bookB,1,0.999980916556895,1.0,0.9999904582784476
organ_tablature,ammerbach_bookB,1,0.9997121903495918,0.9946579630177835,0.9971850766836876
organ_tablature,ammerbach_bookB,1,0.9999450598398837,0.9651950717126161,0.98257006577625
organ_tablature,ammerbach_bookB,1,0.9999999630783567,0.9911653988004369,0.9955826809393968
organ_tablature,ammerbach_bookB,1,0.9999892526506848,0.9784804502959895,0.9892348514733371
organ_tablature,ammerbach_bookB,1,0.9999568118183878,0.9903478474945291,0.9951523296564584
organ_tablature,ammerbach_bookB,1,0.9973648679676945,0.9956743653847089,0.9965196166762017
organ_tablature,ammerbach_bookB,1,0.9991418245904868,1.0,0.9995709122952434
organ_tablature,ammerbach_bookB,1,0.9992942602999614,0.9985926597190756,0.9989434600095185
organ_tablature,ammerbach_bookB,1,0.9963046166483256,0.979310766319968,0.9878076914841468
organ_tablature,ammerbach_bookB,1,0.9715069379880656,0.9933399248059449,0.9824234313970053
organ_tablature,ammerbach_bookB,1,0.9998987563367084,1.0,0.9999493781683542
organ_tablature,ammerbach_bookB,1,0.9999827293666753,1.0,0.9999913646833376
organ_tablature,ammerbach_bookB,1,0.9984127774716991,1.0,0.9992063887358495
organ_tablature,ammerbach_bookB,1,0.9974545021196896,1.0,0.9987272510598448
organ_tablature,ammerbach_bookB,1,0.9996395107568087,0.9990293467970969,0.9993344287769528
organ_tablature,ammerbach_bookB,1,0.9999033047616369,1.0,0.9999516523808185
organ_tablature,ammerbach_bookB,1,0.9976408974098823,0.998577291381669,0.9981090943957756
organ_tablature,ammerbach_bookB,1,0.9946115308930931,0.9722396521789465,0.9834255915360197
organ_tablature,ammerbach_bookB,1,0.9997023138328119,0.9285221753618874,0.9641122445973497
organ_tablature,ammerbach_bookB,1,0.9948296863361983,0.923422758558584,0.9591262224473911
organ_tablature,ammerbach_bookB,1,0.999813278456765,1.0,0.9999066392283825
organ_tablature,ammerbach_bookB,1,0.9999994102936616,1.0,0.9999997051468308
organ_tablature,ammerbach_bookB,1,0.9999053341344537,1.0,0.9999526670672269
organ_tablature,ammerbach_bookB,1,0.9999889066709395,1.0,0.9999944533354698
organ_tablature,ammerbach_bookB,1,0.9999643558269038,1.0,0.9999821779134519
organ_tablature,ammerbach_bookB,1,0.9995871947694586,0.9910093457258811,0.9952982702476698
organ_tablature,ammerbach_bookB,1,0.9983104488716592,0.9948608572009467,0.996585653036303
organ_tablature,ammerbach_bookB,1,0.9935705647041384,0.9881937392537001,0.9908821519789193
organ_tablature,ammerbach_bookB,1,0.9210407730185584,0.9811703612500283,0.9511055671342934
organ_tablature,ammerbach_bookB,1,0.9999277686049544,1.0,0.9999638843024772
organ_tablature,ammerbach_bookB,1,0.9986508402671531,1.0,0.9993254201335766
organ_tablature,ammerbach_bookB,1,0.99948219856356,1.0,0.99974109928178
organ_tablature,ammerbach_bookB,1,0.9979860781043781,0.9749896581996219,0.986487868152
organ_tablature,ammerbach_bookB,1,0.9982753036674479,1.0,0.9991376518337239
organ_tablature,ammerbach_bookB,1,0.9997490557751364,1.0,0.9998745278875683
organ_tablature,ammerbach_bookB,1,0.9992672922931057,1.0,0.9996336461465529
organ_tablature,ammerbach_bookB,1,0.9948789876476981,1.0,0.9974394938238491
organ_tablature,ammerbach_bookB,1,0.9990338164382114,0.9987143447705664,0.998874080604389
organ_tablature,ammerbach_bookB,1,0.9974361283576841,0.9761338229466665,0.9867849756521754
organ_tablature,ammerbach_bookB,1,0.9992216410843949,0.9752090767174635,0.9872153589009292
organ_tablature,ammerbach_bookB,1,0.9910928927623979,0.9981518833535845,0.9946223880579912
organ_tablature,ammerbach_bookB,1,0.9978702593040838,0.9953718562542737,0.9966210577791788
organ_tablature,ammerbach_bookB,1,0.9983442426053771,1.0,0.9991721213026885
organ_tablature,ammerbach_bookB,1,0.9984344336450102,1.0,0.9992172168225051
organ_tablature,ammerbach_bookB,1,0.998122362842739,1.0,0.9990611814213695
organ_tablature,ammerbach_bookB,1,0.9547068955319475,1.0,0.9773534477659738
organ_tablature,ammerbach_bookB,1,0.9994719199878818,0.9956969901453782,0.99758445506663
organ_tablature,ammerbach_bookB,1,0.9928751213854561,0.9824441638588461,0.9876596426221511
organ_tablature,ammerbach_bookB,1,0.9999924105101485,0.9982619988706944,0.9991272046904215
organ_tablature,ammerbach_bookB,1,0.999952008319909,1.0,0.9999760041599546
organ_tablature,ammerbach_bookB,1,0.9997012630727838,1.0,0.999850631536392
organ_tablature,ammerbach_bookB,1,0.9934938775655036,0.9626404387671538,0.9780671581663287
organ_tablature,ammerbach_bookB,1,0.9987595533297198,0.8442771668370643,0.921518360083392
organ_tablature,ammerbach_bookB,1,0.9990138660140455,0.9725704298558778,0.9857921479349616
organ_tablature,ammerbach_bookB,1,0.9936530637067726,1.0,0.9968265318533863
organ_tablature,ammerbach_bookB,1,0.7211470176607278,0.9599096290390368,0.8405283233498823
organ_tablature,ammerbach_bookB,1,0.9977284176588699,0.9873374818474041,0.992532949753137
organ_tablature,ammerbach_bookB,1,0.99660894104777,0.9964384112619407,0.9965236761548553
organ_tablature,ammerbach_bookB,1,0.9999852066811384,1.0,0.9999926033405693
organ_tablature,ammerbach_bookB,1,0.999199795904149,0.9950653368167821,0.9971325663604655
organ_tablature,ammerbach_bookB,1,0.995349716260935,0.9865040697059982,0.9909268929834667
organ_tablature,ammerbach_bookB,1,0.9134973750295383,0.9386846652883262,0.9260910201589323
organ_tablature,ammerbach_bookB,1,0.9997495527560771,0.9505085410631599,0.9751290469096185
organ_tablature,ammerbach_bookB,1,0.9999208640410755,0.9330552405820406,0.966488052311558
organ_tablature,ammerbach_bookB,1,0.9994899146612761,0.9494229280882513,0.9744564213747637
organ_tablature,ammerbach_bookB,1,0.9829689848382833,1.0,0.9914844924191417
organ_tablature,ammerbach_bookB,1,0.8328103624274406,0.9566400769001033,0.8947252196637719
organ_tablature,ammerbach_bookB,1,0.9284881543630917,0.9759078308832504,0.9521979926231711
organ_tablature,ammerbach_bookB,1,0.9998557384188665,1.0,0.9999278692094333
organ_tablature,ammerbach_bookB,1,0.9772479514710855,0.9987094902610858,0.9879787208660856
organ_tablature,ammerbach_bookB,1,0.9989731560540828,0.9929927141485481,0.9959829351013154
organ_tablature,ammerbach_bookB,1,0.9999894517158259,0.9984222222222222,0.999205836969024
organ_tablature,ammerbach_bookB,1,0.9999732990502354,0.9878216508799958,0.9938974749651156
organ_tablature,ammerbach_bookB,1,0.9997018444268866,0.9870627309073916,0.9933822876671391
organ_tablature,ammerbach_bookB,1,0.9975804670620507,0.9933419281639074,0.995461197612979
organ_tablature,ammerbach_bookB,1,0.9974315965704819,0.985648988655596,0.991540292613039
organ_tablature,ammerbach_bookB,1,0.9996911127409933,1.0,0.9998455563704967
organ_tablature,ammerbach_bookB,1,0.9999589830597675,1.0,0.9999794915298837
organ_tablature,ammerbach_bookB,1,0.9999637032237833,1.0,0.9999818516118917
organ_tablature,ammerbach_bookB,1,0.9870460029595493,1.0,0.9935230014797747
organ_tablature,ammerbach_bookB,1,0.9983211018037568,1.0,0.9991605509018784
organ_tablature,ammerbach_bookB,1,0.9997299218609242,0.998361369063412,0.9990456454621681
organ_tablature,ammerbach_bookB,1,0.9998760150761059,0.9967837761546876,0.9983298956153968
organ_tablature,ammerbach_bookB,1,0.9998643917827568,1.0,0.9999321958913784
organ_tablature,ammerbach_bookB,1,0.9999195598760162,1.0,0.9999597799380081
organ_tablature,ammerbach_bookB,1,0.9997075273893815,1.0,0.9998537636946907
organ_tablature,ammerbach_bookB,1,0.9999052814153147,1.0,0.9999526407076573
organ_tablature,ammerbach_bookB,1,0.9999644688556547,1.0,0.9999822344278273
organ_tablature,ammerbach_bookB,1,0.9993377349379998,1.0,0.999668867469
organ_tablature,ammerbach_bookB,1,0.9561410756722383,0.9968924722469816,0.9765167739596099
organ_tablature,ammerbach_bookB,1,0.8921164873484376,0.9872932670880247,0.9397048772182311
organ_tablature,ammerbach_bookB,1,0.9967358609481856,0.9750192090042066,0.9858775349761961
organ_tablature,ammerbach_bookB,1,0.9977285586004028,1.0,0.9988642793002014
organ_tablature,ammerbach_bookB,1,0.9999211357754687,1.0,0.9999605678877344
organ_tablature,ammerbach_bookB,1,0.9999819597839701,1.0,0.999990979891985
organ_tablature,ammerbach_bookB,1,0.999545531914564,0.8787007517607617,0.9391231418376629
organ_tablature,ammerbach_bookB,1,0.9990549025611154,1.0,0.9995274512805576
organ_tablature,ammerbach_bookB,1,0.9999802890701494,1.0,0.9999901445350747
organ_tablature,ammerbach_bookB,1,0.9996322776116462,0.99356412924706,0.996598203429353
organ_tablature,ammerbach_bookB,1,0.9985325799653662,0.9695294433857626,0.9840310116755644
organ_tablature,ammerbach_bookB,1,0.9995850170348198,0.979333403772815,0.9894592104038173
organ_tablature,ammerbach_bookB,1,0.9998269653461141,1.0,0.9999134826730571
organ_tablature,ammerbach_bookB,1,0.9981387680189657,1.0,0.9990693840094829
organ_tablature,ammerbach_bookB,1,0.9709736064332442,0.9947056058628481,0.9828396061480461
organ_tablature,ammerbach_bookB,1,0.9994468463316596,0.9983856175091194,0.9989162319203895
organ_tablature,ammerbach_bookB,1,0.9990774225150921,1.0,0.999538711257546
organ_tablature,ammerbach_bookB,1,0.998598146075635,1.0,0.9992990730378175
organ_tablature,ammerbach_bookB,1,0.9954785106137224,0.9949430686597197,0.995210789636721
organ_tablature,ammerbach_bookB,1,0.9889363453598251,0.9966712458008178,0.9928037955803215
organ_tablature,ammerbach_bookB,1,0.9975971147203684,0.9498033809646362,0.9737002478425023
organ_tablature,ammerbach_bookB,1,0.9999984817531242,1.0,0.9999992408765621
organ_tablature,ammerbach_bookB,1,0.9999692039420105,1.0,0.9999846019710052
organ_tablature,ammerbach_bookB,1,0.995582418271812,1.0,0.997791209135906
organ_tablature,ammerbach_bookB,1,0.999524064125424,1.0,0.9997620320627121
organ_tablature,ammerbach_bookB,1,0.9990522703532294,0.9964649802518779,0.9977586253025537
organ_tablature,ammerbach_bookB,1,0.9949978054241915,1.0,0.9974989027120957
organ_tablature,ammerbach_bookB,1,0.9987543340188427,1.0,0.9993771670094214
organ_tablature,ammerbach_bookB,1,0.9989466918241382,1.0,0.999473345912069
organ_tablature,ammerbach_bookB,1,0.9997340483642567,0.998,0.9988670241821284
organ_tablature,ammerbach_bookB,1,0.9987389742138327,1.0,0.9993694871069163
organ_tablature,ammerbach_bookB,1,0.9953389853640167,0.9893943119824006,0.9923666486732086
organ_tablature,ammerbach_bookB,1,0.9999750830681,0.9835522635245046,0.9917636732963023
organ_tablature,ammerbach_bookB,1,0.999999472600564,1.0,0.9999997363002819
organ_tablature,ammerbach_bookB,1,0.9988818027342098,1.0,0.9994409013671048
organ_tablature,ammerbach_bookB,1,0.999953808841566,0.9897528927344976,0.9948533507880318
organ_tablature,ammerbach_bookB,1,0.9999135795381588,1.0,0.9999567897690794
organ_tablature,ammerbach_bookB,1,0.9999474202705656,1.0,0.9999737101352828
organ_tablature,ammerbach_bookB,1,0.997901408982534,0.993127732496421,0.9955145707394775
organ_tablature,ammerbach_bookB,1,0.9987224177060577,0.9990293467970969,0.9988758822515773
organ_tablature,ammerbach_bookB,1,0.6680326860978074,0.9738679650479546,0.820950325572881
organ_tablature,ammerbach_bookB,1,0.9780634939787927,0.9983930753564154,0.988228284667604
organ_tablature,ammerbach_bookB,1,0.9997944720199838,1.0,0.9998972360099919
organ_tablature,ammerbach_bookB,1,0.9998836895086491,1.0,0.9999418447543246
organ_tablature,ammerbach_bookB,1,0.9999704123491603,1.0,0.9999852061745802
organ_tablature,ammerbach_bookB,1,0.9986481186905459,0.9982416713721061,0.998444895031326
organ_tablature,ammerbach_bookB,1,0.9989866535916472,0.9835568721516367,0.9912717628716419
organ_tablature,ammerbach_bookB,1,0.9999886821830264,0.9985860972285325,0.9992873897057795
organ_tablature,ammerbach_bookB,1,0.9999948083468698,0.9982371541501976,0.9991159812485337
organ_tablature,ammerbach_bookB,1,0.9999856082346517,1.0,0.9999928041173258
organ_tablature,ammerbach_bookB,1,0.9651528208583835,1.0,0.9825764104291917
organ_tablature,ammerbach_bookB,1,0.9757183037777248,0.9965417292231542,0.9861300165004395
organ_tablature,ammerbach_bookB,1,0.9882701487196812,0.9277869810239586,0.9580285648718199
organ_tablature,ammerbach_bookB,1,0.9999374727380465,1.0,0.9999687363690233
organ_tablature,ammerbach_bookB,1,0.9999747413822031,0.9872235161677956,0.9935991287749993
organ_tablature,ammerbach_bookB,1,0.9992649118608391,0.9970083194507547,0.9981366156557969
organ_tablature,ammerbach_bookB,1,0.998052895949894,1.0,0.999026447974947
organ_tablature,ammerbach_bookB,1,0.9903640724996154,0.9386564857103777,0.9645102791049966
organ_tablature,ammerbach_bookB,1,0.9986062736936409,0.9954299129152444,0.9970180933044426
organ_tablature,ammerbach_bookB,1,0.9999973296600948,1.0,0.9999986648300474
organ_tablature,ammerbach_bookB,1,0.9999426269689683,0.998240542066629,0.9990915845177987
organ_tablature,ammerbach_bookB,1,0.9919310851189209,0.9726295031751696,0.9822802941470452
organ_tablature,ammerbach_bookB,1,0.9958103859863424,0.9880097285708982,0.9919100572786204
organ_tablature,ammerbach_bookB,1,0.9999959917155637,1.0,0.9999979958577818
organ_tablature,ammerbach_bookB,1,0.9999995039146191,0.9507641567689826,0.9753818303418009
organ_tablature,ammerbach_bookB,1,0.9999807835469187,1.0,0.9999903917734594
organ_tablature,ammerbach_bookB,1,0.9999792087853816,1.0,0.9999896043926908
organ_tablature,ammerbach_bookB,1,0.9872936370809845,0.8670347837054573,0.9271642103932209
organ_tablature,ammerbach_bookB,1,0.9987592781802057,0.9969659396780235,0.9978626089291146
organ_tablature,ammerbach_bookB,1,0.9999988056633451,1.0,0.9999994028316725
organ_tablature,ammerbach_bookB,1,0.9978953050285663,0.9847161374661725,0.9913057212473694
organ_tablature,ammerbach_bookB,1,0.9979329883103596,0.9950622146187974,0.9964976014645786
organ_tablature,ammerbach_bookB,1,0.9984935666548523,1.0,0.9992467833274261
organ_tablature,ammerbach_bookB,1,0.9998957010478419,1.0,0.999947850523921
organ_tablature,ammerbach_bookB,1,0.9999965743163285,0.998240542066629,0.9991185581914788
organ_tablature,ammerbach_bookB,1,0.9999409475389694,1.0,0.9999704737694848
organ_tablature,ammerbach_bookB,1,0.996505108502611,1.0,0.9982525542513054
organ_tablature,ammerbach_bookB,1,0.8108933895632037,0.9983493751661793,0.9046213823646915
organ_tablature,ammerbach_bookB,1,0.9081940394645667,0.9942231258284028,0.9512085826464847
organ_tablature,ammerbach_bookB,1,0.9999452401562278,1.0,0.9999726200781138
organ_tablature,ammerbach_bookB,1,0.9999508673688218,1.0,0.9999754336844109
organ_tablature,ammerbach_bookB,1,0.9998869343505616,1.0,0.9999434671752808
organ_tablature,ammerbach_bookB,1,0.9982105236639132,0.995038170550303,0.9966243471071081
organ_tablature,ammerbach_bookB,1,0.9997827701052637,0.9990293467970969,0.9994060584511804
organ_tablature,ammerbach_bookB,1,0.9990025930866684,0.9956743653847089,0.9973384792356886
organ_tablature,ammerbach_bookB,1,0.9998501540831892,1.0,0.9999250770415946
organ_tablature,ammerbach_bookB,1,0.9999401166483673,1.0,0.9999700583241837
organ_tablature,ammerbach_bookB,1,0.9999864111079126,1.0,0.9999932055539563
organ_tablature,ammerbach_bookB,1,0.9999309786881454,1.0,0.9999654893440727
organ_tablature,ammerbach_bookB,1,0.9996995654353946,1.0,0.9998497827176973
organ_tablature,ammerbach_bookB,1,0.9999994073701178,0.9982619988706944,0.9991307031204062
organ_tablature,ammerbach_bookB,1,0.9637996157807865,0.9990293467970969,0.9814144812889417
organ_tablature,ammerbach_bookB,1,0.9962903865866584,1.0,0.9981451932933292
organ_tablature,ammerbach_bookB,1,0.9536135882192665,1.0,0.9768067941096332
organ_tablature,ammerbach_bookB,1,0.9763521111631948,0.9887833455264365,0.9825677283448156
organ_tablature,ammerbach_bookB,1,0.9982075857005971,1.0,0.9991037928502986
organ_tablature,ammerbach_bookB,1,0.9651379169511187,0.9912970790430203,0.9782174979970695
organ_tablature,ammerbach_bookB,1,0.9981149291466213,1.0,0.9990574645733106
organ_tablature,ammerbach_bookB,1,0.9943651285515962,0.9933630005640273,0.9938640645578117
organ_tablature,ammerbach_bookB,1,0.9993224931041478,0.9764110321931003,0.987866762648624
organ_tablature,ammerbach_bookB,1,0.9985051139250625,0.9775163501086249,0.9880107320168436
organ_tablature,ammerbach_bookB,1,0.9999981407129671,0.998240542066629,0.9991193413897981
organ_tablature,ammerbach_bookB,1,0.9999995627999942,1.0,0.9999997813999971
organ_tablature,ammerbach_bookB,1,0.9999998492944934,1.0,0.9999999246472466
organ_tablature,ammerbach_bookB,1,0.9980390853444253,1.0,0.9990195426722126
organ_tablature,ammerbach_bookB,1,0.999317988401042,0.9881622909469799,0.993740139674011
organ_tablature,ammerbach_bookB,1,0.9999980574242628,0.9889615172971009,0.9944797873606819
organ_tablature,ammerbach_bookB,1,0.9999917701170681,1.0,0.999995885058534
organ_tablature,ammerbach_bookB,1,0.9994717352239938,1.0,0.999735867611997
organ_tablature,ammerbach_bookB,1,0.9577147379433902,0.9987546558704453,0.9782346969069178
organ_tablature,ammerbach_bookB,1,0.996498316331357,0.9984222222222222,0.9974602692767895
organ_tablature,ammerbach_bookB,1,0.999998880394294,0.9879908640941978,0.9939948722442459
organ_tablature,ammerbach_bookB,1,0.9999517237255875,1.0,0.9999758618627937
organ_tablature,ammerbach_bookB,1,0.9999844948867728,1.0,0.9999922474433864
organ_tablature,ammerbach_bookB,1,0.9998145426121057,1.0,0.9999072713060528
organ_tablature,ammerbach_bookB,1,0.9880526145785429,0.9832169395409237,0.9856347770597333
organ_tablature,ammerbach_bookB,1,0.9906007842088971,0.9479498647337677,0.9692753244713324
organ_tablature,ammerbach_bookB,1,0.9999868082504222,0.9988292682926828,0.9994080382715524
organ_tablature,ammerbach_bookB,1,0.9999994581546701,1.0,0.999999729077335
organ_tablature,ammerbach_bookB,1,0.9999372044585352,0.9968644825779776,0.9984008435182563
organ_tablature,ammerbach_bookB,1,0.8669572247126998,0.9933689808855344,0.9301631027991171
organ_tablature,ammerbach_bookB,1,0.9998030113328964,0.9894827747113568,0.9946428930221266
organ_tablature,ammerbach_bookB,1,0.9999644660454405,0.9985970149253732,0.9992807404854069
organ_tablature,ammerbach_bookB,1,0.9999823710593027,1.0,0.9999911855296513
organ_tablature,ammerbach_bookB,1,0.9998054864349923,1.0,0.9999027432174962
organ_tablature,ammerbach_bookB,1,0.9989516863529355,1.0,0.9994758431764678
organ_tablature,ammerbach_bookB,1,0.8830946585643531,0.9795374157306531,0.9313160371475031
organ_tablature,ammerbach_bookB,1,0.9991276574604636,0.996729173445128,0.9979284154527959
organ_tablature,ammerbach_bookB,1,0.9999223442930996,0.9933996220364086,0.9966609831647542
organ_tablature,ammerbach_bookB,1,0.9991901313336792,0.9957637477100496,0.9974769395218643
organ_tablature,ammerbach_bookB,1,0.9970577771583837,1.0,0.9985288885791919
organ_tablature,ammerbach_bookB,1,0.993322580246383,0.9937656569799372,0.9935441186131602
organ_tablature,ammerbach_bookB,1,0.9994269741149651,0.9990293467970969,0.9992281604560309
organ_tablature,ammerbach_bookB,1,0.999992848036605,1.0,0.9999964240183026
organ_tablature,ammerbach_bookB,1,0.9999918392510329,1.0,0.9999959196255164
organ_tablature,ammerbach_bookB,1,0.999023729940386,1.0,0.9995118649701931
organ_tablature,ammerbach_bookB,1,0.9945195211088491,1.0,0.9972597605544246
organ_tablature,ammerbach_bookB,1,0.9998254232212246,0.9407336258947657,0.9702795245579952
organ_tablature,ammerbach_bookB,1,0.9999561700291748,0.998,0.9989780850145874
organ_tablature,ammerbach_bookB,1,0.9999987089402638,1.0,0.9999993544701319
organ_tablature,ammerbach_bookB,1,0.9999156872195891,1.0,0.9999578436097946
organ_tablature,ammerbach_bookB,1,0.9989899341875591,1.0,0.9994949670937796
organ_tablature,ammerbach_bookB,1,0.9515362047609384,0.9920126247855904,0.9717744147732643
organ_tablature,ammerbach_bookB,1,0.9999585809529978,0.9970184237797114,0.9984885023663546
organ_tablature,ammerbach_bookB,1,0.9999812729385328,1.0,0.9999906364692663
organ_tablature,ammerbach_bookB,1,0.9998822171281184,0.9491745985157068,0.9745284078219126
organ_tablature,ammerbach_bookB,1,0.9999890498365063,0.9821318577336682,0.9910604537850872
organ_tablature,ammerbach_bookB,1,0.9966741439691092,0.8401113548641008,0.9183927494166051
organ_tablature,ammerbach_bookB,1,0.9925754434082475,0.9205911164625963,0.9565832799354219
organ_tablature,ammerbach_bookB,1,0.9999932520668897,0.9984330312185297,0.9992131416427097
organ_tablature,ammerbach_bookB,1,0.994247492636538,1.0,0.9971237463182689
organ_tablature,ammerbach_bookB,1,0.9990882446534487,1.0,0.9995441223267243
organ_tablature,ammerbach_bookB,1,0.9997169486767526,1.0,0.9998584743383763
organ_tablature,ammerbach_bookB,1,0.9938745214792554,0.9971239645062207,0.9954992429927381
organ_tablature,ammerbach_bookB,1,0.9954862695319387,0.9969995136038912,0.9962428915679149
organ_tablature,ammerbach_bookB,1,0.999988342158707,1.0,0.9999941710793535
organ_tablature,ammerbach_bookB,1,0.9850800212895198,0.9971243852837863,0.991102203286653
organ_tablature,ammerbach_bookB,1,0.9981973908331626,0.993069259425127,0.9956333251291448
organ_tablature,ammerbach_bookB,1,0.9997843863187889,0.9615810540465397,0.9806827201826642
organ_tablature,ammerbach_bookB,1,0.9938285462806825,0.98558727063185,0.9897079084562663
organ_tablature,ammerbach_bookB,1,0.9436137479246548,0.9464169067955046,0.9450153273600796
organ_tablature,ammerbach_bookB,1,0.9963669384452466,1.0,0.9981834692226232
organ_tablature,ammerbach_bookB,1,0.9998708107587224,0.9872528781102009,0.9935618444344616
organ_tablature,ammerbach_bookB,1,0.9999871007818717,0.9964776962168267,0.9982323984993492
organ_tablature,ammerbach_bookB,1,0.9999133442921464,1.0,0.9999566721460732
organ_tablature,ammerbach_bookB,1,0.9983421576299446,1.0,0.9991710788149724
organ_tablature,ammerbach_bookB,1,0.9961566652466493,0.970511982048987,0.9833343236478181
organ_tablature,ammerbach_bookB,1,0.9980914431132115,1.0,0.9990457215566058
organ_tablature,ammerbach_bookB,1,0.9999704195975971,0.9889615172971009,0.994465968447349
organ_tablature,ammerbach_bookB,1,0.9990732733996175,0.9921092892606072,0.9955912813301123
organ_tablature,ammerbach_bookB,1,0.998109021150451,0.9969137460077323,0.9975113835790916
organ_tablature,ammerbach_bookB,1,0.9953075466489945,0.9945860000071699,0.9949467733280821
organ_tablature,ammerbach_bookB,1,0.9999929598749331,1.0,0.9999964799374665
organ_tablature,ammerbach_bookB,1,0.9999988311378718,1.0,0.9999994155689359
organ_tablature,ammerbach_bookB,1,0.9968518354882988,1.0,0.9984259177441495
organ_tablature,ammerbach_bookB,1,0.9914310445421006,1.0,0.9957155222710503
organ_tablature,ammerbach_bookB,1,0.9942458798669422,0.9403227194497682,0.9672842996583553
organ_tablature,ammerbach_bookB,1,0.9979041582822633,0.9872215900913432,0.9925628741868033
organ_tablature,ammerbach_bookB,1,0.9999911774448089,0.9972698888637259,0.9986305331542674
organ_tablature,ammerbach_bookB,1,0.9999824629934375,1.0,0.9999912314967188
organ_tablature,ammerbach_bookB,1,0.999835470135804,0.9990293467970969,0.9994324084664504
organ_tablature,ammerbach_bookB,1,0.9372497616692713,0.9783478315690166,0.9577987966191439
organ_tablature,ammerbach_bookB,1,0.8180695263046426,0.773498661691558,0.7957840939981002
organ_tablature,ammerbach_bookB,1,0.9989614158995214,1.0,0.9994807079497607
organ_tablature,ammerbach_bookB,1,0.9999601089905417,1.0,0.9999800544952708
organ_tablature,ammerbach_bookB,1,0.9991249793980174,1.0,0.9995624896990087
organ_tablature,ammerbach_bookB,1,0.9969776078929777,0.9983856175091194,0.9976816127010486
organ_tablature,ammerbach_bookB,1,0.8117637699062035,0.9813650017034996,0.8965643858048515
organ_tablature,ammerbach_bookB,1,0.9546316003461689,0.998,0.9763158001730845
organ_tablature,ammerbach_bookB,1,0.9986831977675341,0.9984222222222222,0.9985527099948781
organ_tablature,ammerbach_bookB,1,0.9998398537491773,1.0,0.9999199268745886
organ_tablature,ammerbach_bookB,1,0.9995545393685203,1.0,0.9997772696842602
organ_tablature,ammerbach_bookB,1,0.9996085538347447,0.9981350210970464,0.9988717874658956
organ_tablature,ammerbach_bookB,1,0.9989057614242427,0.9983936188659616,0.9986496901451021
organ_tablature,ammerbach_bookB,1,0.9998227562584759,1.0,0.9999113781292379
organ_tablature,ammerbach_bookB,1,0.999987468031266,0.9974497611477791,0.9987186145895226
organ_tablature,ammerbach_bookB,1,0.9999612836313193,0.998572864321608,0.9992670739764636
organ_tablature,ammerbach_bookB,1,0.9993732328175373,1.0,0.9996866164087687
organ_tablature,ammerbach_bookB,1,0.9932548128248962,0.9987021630615641,0.9959784879432302
organ_tablature,ammerbach_bookB,1,0.9999946179744952,1.0,0.9999973089872476
organ_tablature,ammerbach_bookB,1,0.9999939623366828,0.998240542066629,0.9991172522016559
organ_tablature,ammerbach_bookB,1,0.9999931180727046,1.0,0.9999965590363523
organ_tablature,ammerbach_bookB,1,0.999770381817376,1.0,0.999885190908688
organ_tablature,ammerbach_bookB,1,0.999175652443617,1.0,0.9995878262218085
organ_tablature,ammerbach_bookB,1,0.9997453130782386,0.9403996414310554,0.970072477254647
organ_tablature,ammerbach_bookB,1,0.9999697159926614,1.0,0.9999848579963306
organ_tablature,ammerbach_bookB,1,0.9999315223425526,1.0,0.9999657611712762
organ_tablature,ammerbach_bookB,1,0.9998202811884933,1.0,0.9999101405942467
organ_tablature,ammerbach_bookB,1,0.9999926691086345,0.9984276348966212,0.9992101520026279
organ_tablature,ammerbach_bookB,1,0.9999985780634917,1.0,0.9999992890317458
organ_tablature,ammerbach_bookB,1,0.999995376313772,1.0,0.9999976881568859
organ_tablature,ammerbach_bookB,1,0.9996655775886795,1.0,0.9998327887943397
organ_tablature,ammerbach_bookB,1,0.9999473042427683,0.9984330312185298,0.9991901677306491
organ_tablature,ammerbach_bookB,1,0.9993253126924339,0.9425425774970174,0.9709339450947256
organ_tablature,ammerbach_bookB,1,0.9998997667501429,0.9923746969485012,0.996137231849322
organ_tablature,ammerbach_bookB,1,0.9999666960586251,0.9889615172971009,0.994464106677863
organ_tablature,ammerbach_bookB,1,0.983814593747531,1.0,0.9919072968737654
organ_tablature,ammerbach_bookB,1,0.9984122986088328,1.0,0.9992061493044164
organ_tablature,ammerbach_bookB,1,0.9960423113160759,1.0,0.998021155658038
organ_tablature,ammerbach_bookB,1,0.9886064099930991,1.0,0.9943032049965496
organ_tablature,ammerbach_bookB,1,0.9976115476819761,0.9966982105110724,0.9971548790965243
organ_tablature,ammerbach_bookB,1,0.9990938512106297,0.9938902039980436,0.9964920276043366
organ_tablature,ammerbach_bookB,1,0.9997598267669827,0.9984330312185297,0.9990964289927562
organ_tablature,ammerbach_bookB,1,0.9845293434535038,1.0,0.9922646717267519
organ_tablature,ammerbach_bookB,1,0.9977450062619314,0.9981016042780749,0.9979233052700032
organ_tablature,ammerbach_bookB,1,0.9999938361804699,0.9990293467970969,0.9995115914887833
organ_tablature,ammerbach_bookB,1,0.9999061191818682,1.0,0.9999530595909341
organ_tablature,ammerbach_bookB,1,0.9981289144955205,1.0,0.9990644572477603
organ_tablature,ammerbach_bookB,1,0.9748002743274744,1.0,0.9874001371637372
organ_tablature,ammerbach_bookB,1,0.9998786748393816,0.9966950300892241,0.9982868524643029
organ_tablature,ammerbach_bookB,1,0.9994064692857779,1.0,0.9997032346428889
organ_tablature,ammerbach_bookB,1,0.9997554082225334,1.0,0.9998777041112668
organ_tablature,ammerbach_bookB,1,0.9999789772241262,1.0,0.999989488612063
organ_tablature,ammerbach_bookB,1,0.7857229295361693,0.9841430519265872,0.8849329907313783
organ_tablature,ammerbach_bookB,1,0.9975857053278269,0.9981324503311259,0.9978590778294764
organ_tablature,ammerbach_bookB,1,0.9999921124161912,1.0,0.9999960562080956
organ_tablature,ammerbach_bookB,1,0.9990329149664046,1.0,0.9995164574832023
organ_tablature,ammerbach_bookB,1,0.9992366493155018,0.9981356647573107,0.9986861570364063
organ_tablature,ammerbach_bookB,1,0.9999553052071002,1.0,0.9999776526035501
organ_tablature,ammerbach_bookB,1,0.9999358118215933,1.0,0.9999679059107967
organ_tablature,ammerbach_bookB,1,0.9876349634637619,0.9980880606184722,0.9928615120411171
organ_tablature,ammerbach_bookB,1,0.9974239233495653,0.9445019481123683,0.9709629357309668
organ_tablature,ammerbach_bookB,1,0.9999985932631559,0.9800906626884033,0.9900446279757795
organ_tablature,ammerbach_bookB,1,0.9999222751611477,1.0,0.9999611375805739
organ_tablature,ammerbach_bookB,1,0.9991660938690508,0.9981011398963731,0.9986336168827119
organ_tablature,ammerbach_bookB,1,0.9941681245495669,0.9895294667066122,0.9918487956280896
organ_tablature,ammerbach_bookB,1,0.996155610878957,1.0,0.9980778054394785
organ_tablature,ammerbach_bookB,1,0.9999848286078742,1.0,0.9999924143039371
organ_tablature,ammerbach_bookB,1,0.9999973650712775,0.9589146211655987,0.9794559931184381
organ_tablature,ammerbach_bookB,1,0.9998726516356783,0.9393600840935815,0.9696163678646299
organ_tablature,ammerbach_bookB,1,0.999095424652842,0.9961365544417699,0.9976159895473059
organ_tablature,ammerbach_bookB,1,0.9972787015202448,0.9984384112619407,0.9978585563910927
organ_tablature,ammerbach_bookB,1,0.9839421009889366,0.9976854717792147,0.9908137863840757
organ_tablature,ammerbach_bookB,1,0.9904987901576524,1.0,0.9952493950788261
organ_tablature,ammerbach_bookB,1,0.9985619191365682,0.9454100973322759,0.971986008234422
organ_tablature,ammerbach_bookB,1,0.9989192312151172,0.9937745567063571,0.9963468939607372
organ_tablature,ammerbach_bookB,1,0.9999812505348578,1.0,0.9999906252674289
organ_tablature,ammerbach_bookB,1,0.9999867839585508,1.0,0.9999933919792754
organ_tablature,ammerbach_bookB,1,0.9995138422881495,1.0,0.9997569211440748
organ_tablature,ammerbach_bookB,1,0.997453652800043,1.0,0.9987268264000215
organ_tablature,ammerbach_bookB,1,0.9984726357624334,1.0,0.9992363178812167
organ_tablature,ammerbach_bookB,1,0.9999552662258013,0.9702215832913124,0.9850884247585568
organ_tablature,ammerbach_bookB,1,0.9954435324639495,1.0,0.9977217662319747
organ_tablature,ammerbach_bookB,1,0.7845961294511077,1.0,0.8922980647255538
organ_tablature,ammerbach_bookB,1,0.9888848638820359,0.957911425718383,0.9733981448002094
organ_tablature,ammerbach_bookB,1,0.9980561951074957,0.9943289704465903,0.996192582777043
organ_tablature,ammerbach_bookB,1,0.9997448202425333,0.9424829640802973,0.9711138921614153
organ_tablature,ammerbach_bookB,1,0.999032049657831,0.9698343202265508,0.9844331849421909
organ_tablature,ammerbach_bookB,1,0.9998509982592854,0.9960009619159408,0.997925980087613
organ_tablature,ammerbach_bookB,1,0.9998754293991803,0.998240542066629,0.9990579857329047
organ_tablature,ammerbach_bookB,1,0.9986375699054835,1.0,0.9993187849527417
organ_tablature,ammerbach_bookB,1,0.9975781969655539,1.0,0.998789098482777
organ_tablature,ammerbach_bookB,1,0.9998939746361324,0.9665700452331081,0.9832320099346202
organ_tablature,ammerbach_bookB,1,0.999353301781893,0.9780038328005998,0.9886785672912464
organ_tablature,ammerbach_bookB,1,0.9999879624374833,1.0,0.9999939812187417
organ_tablature,ammerbach_bookB,1,0.9999965841158077,1.0,0.9999982920579038
organ_tablature,ammerbach_bookB,1,0.9960360600487171,1.0,0.9980180300243586
organ_tablature,ammerbach_bookB,1,0.9996616680332566,0.9984330312185297,0.9990473496258931
organ_tablature,ammerbach_bookB,1,0.9913171187521538,0.9964384112619407,0.9938777650070472
organ_tablature,ammerbach_bookB,1,0.9997073948907715,1.0,0.9998536974453858
organ_tablature,ammerbach_bookB,1,0.9519863048311737,0.9772954956371634,0.9646409002341686
organ_tablature,ammerbach_bookB,1,0.9944757896556522,1.0,0.9972378948278261
organ_tablature,ammerbach_bookB,1,0.9999414482488601,1.0,0.99997072412443
organ_tablature,ammerbach_bookB,1,0.9999515609270697,0.9663241592212001,0.983137860074135
organ_tablature,ammerbach_bookB,1,0.9966068905851769,0.9796830434187137,0.9881449670019453
organ_tablature,ammerbach_bookB,1,0.9978860096954264,0.9952396934217158,0.9965628515585712
organ_tablature,ammerbach_bookB,1,0.9984465288002362,0.9874944361106434,0.9929704824554397
organ_tablature,ammerbach_bookB,1,0.9999638725361899,0.9954432400856754,0.9977035563109327
organ_tablature,ammerbach_bookB,1,0.9999994620888824,0.9889615172971009,0.9944804896929916
organ_tablature,ammerbach_bookB,1,0.9999998786002199,1.0,0.99999993930011
organ_tablature,ammerbach_bookB,1,0.9998013053847601,0.9949827935233684,0.9973920494540642
organ_tablature,ammerbach_bookB,1,0.9992149589886309,1.0,0.9996074794943155
organ_tablature,ammerbach_bookB,1,0.9998593063079784,0.9983673469387755,0.9991133266233769
organ_tablature,ammerbach_bookB,1,0.9999994284433715,0.996848096099227,0.9984237622712993
organ_tablature,ammerbach_bookB,1,0.9999876867117687,0.9972913456677913,0.9986395161897801
organ_tablature,ammerbach_bookB,1,0.9994784443068406,1.0,0.9997392221534203
organ_tablature,ammerbach_bookB,1,0.9871033408155729,0.9964127432228944,0.9917580420192337
organ_tablature,ammerbach_bookB,1,0.9833663035438276,0.9664380556228402,0.9749021795833339
organ_tablature,ammerbach_bookB,1,0.9997098167588737,1.0,0.9998549083794368
organ_tablature,ammerbach_bookB,1,0.9997931458872088,1.0,0.9998965729436045
organ_tablature,ammerbach_bookB,1,0.9990936759946287,1.0,0.9995468379973144
organ_tablature,ammerbach_bookB,1,0.9986815102565143,0.9699810412246834,0.9843312757405989
organ_tablature,ammerbach_bookB,1,0.9999649799725999,0.995332939101914,0.997648959537257
organ_tablature,ammerbach_bookB,1,0.9999866775935513,0.9562339041895757,0.9781102908915635
organ_tablature,ammerbach_bookB,1,0.9999955515045439,1.0,0.999997775752272
organ_tablature,ammerbach_bookB,1,0.9999941898247775,1.0,0.9999970949123888
organ_tablature,ammerbach_bookB,1,0.9941879410250687,0.9985926597190756,0.9963903003720722
organ_tablature,ammerbach_bookB,1,0.9996788225562367,1.0,0.9998394112781184
organ_tablature,ammerbach_bookB,1,0.9999362031280576,1.0,0.9999681015640288
organ_tablature,ammerbach_bookB,1,0.9999786789153633,1.0,0.9999893394576816
organ_tablature,ammerbach_bookB,1,0.9997888334754997,1.0,0.9998944167377499
organ_tablature,ammerbach_bookB,1,0.9994582034223813,0.8993960790863201,0.9494271412543507
organ_tablature,ammerbach_bookB,1,0.9951197389346689,0.9690877935186247,0.9821037662266467
organ_tablature,ammerbach_bookB,1,0.9999594552847859,0.9897595706099614,0.9948595129473736
organ_tablature,ammerbach_bookB,1,0.9999319915262972,1.0,0.9999659957631486
organ_tablature,ammerbach_bookB,1,0.9999820051793171,1.0,0.9999910025896586
organ_tablature,ammerbach_bookB,1,0.9992786809550682,0.9875991589861365,0.9934389199706024
organ_tablature,ammerbach_bookB,1,0.9931515057643839,0.9455827749364735,0.9693671403504287
organ_tablature,ammerbach_bookB,1,0.9999874150599714,1.0,0.9999937075299856
organ_tablature,ammerbach_bookB,1,0.9999930424100993,1.0,0.9999965212050497
organ_tablature,ammerbach_bookB,1,0.9993858210072406,0.9768085562253028,0.9880971886162717
organ_tablature,ammerbach_bookB,1,0.9994878791087536,0.9949729367600593,0.9972304079344064
organ_tablature,ammerbach_bookB,1,0.9998600151461436,0.99248108091425,0.9961705480301968
organ_tablature,ammerbach_bookB,1,0.9999855486961209,0.9564361203373668,0.9782108345167438
organ_tablature,ammerbach_bookB,1,0.9908758459476087,0.9922783935534213,0.991577119750515
organ_tablature,ammerbach_bookB,1,0.9992593647217787,0.9985860972285325,0.9989227309751556
organ_tablature,ammerbach_bookB,1,0.999981296599932,0.9985970149253732,0.9992891557626526
organ_tablature,ammerbach_bookB,1,0.9999852683866407,1.0,0.9999926341933203
organ_tablature,ammerbach_bookB,1,0.9998499463738539,1.0,0.999924973186927
organ_tablature,ammerbach_bookB,1,0.986990507187345,0.9501050662845023,0.9685477867359237
organ_tablature,ammerbach_bookB,1,0.9946526966966034,0.9600221604483089,0.9773374285724561
organ_tablature,ammerbach_bookB,1,0.9999970026152742,0.9534422560712211,0.9767196293432476
organ_tablature,ammerbach_bookB,1,0.9999027388039475,1.0,0.9999513694019737
organ_tablature,ammerbach_bookB,1,0.9997493925578625,1.0,0.9998746962789313
organ_tablature,ammerbach_bookB,1,0.9999799249070835,0.9895504009811724,0.994765162944128
organ_tablature,ammerbach_bookB,1,0.9995996520662895,0.942420316007438,0.9710099840368638
organ_tablature,ammerbach_bookB,1,0.9999880295562081,0.9616775876965211,0.9808328086263647
organ_tablature,ammerbach_bookB,1,0.9999961045175282,1.0,0.9999980522587641
organ_tablature,ammerbach_bookB,1,0.9999501084023468,1.0,0.9999750542011734
organ_tablature,ammerbach_bookB,1,0.9997205475014123,1.0,0.9998602737507061
organ_tablature,ammerbach_bookB,1,0.9992489142471407,0.987460431653765,0.9933546729504528
organ_tablature,ammerbach_bookB,1,0.9993978797433213,0.9911567902427167,0.9952773349930191
organ_tablature,ammerbach_bookB,1,0.9996802141894526,0.9915129511057883,0.9955965826476205
organ_tablature,ammerbach_bookB,1,0.9976627169757358,0.9981605324980423,0.9979116247368891
organ_tablature,ammerbach_bookB,1,0.9973319071695472,0.9970293467970969,0.9971806269833221
organ_tablature,ammerbach_bookB,1,0.999142922603496,0.9919202125979079,0.9955315676007019
organ_tablature,ammerbach_bookB,1,0.9997796868217163,1.0,0.9998898434108581
organ_tablature,ammerbach_bookB,1,0.9999849970099042,1.0,0.9999924985049521
organ_tablature,ammerbach_bookB,1,0.9999931242223681,1.0,0.999996562111184
organ_tablature,ammerbach_bookB,1,0.9995816576938712,1.0,0.9997908288469356
organ_tablature,ammerbach_bookB,1,0.9713862495124433,0.9531217975639442,0.9622540235381938
organ_tablature,ammerbach_bookB,1,0.9993719269752744,0.9953758527100449,0.9973738898426596
organ_tablature,ammerbach_bookB,1,0.9999879807575037,0.9614155888258265,0.980701784791665
organ_tablature,ammerbach_bookB,1,0.9999978149179829,0.9780025988071464,0.9890002068625646
organ_tablature,ammerbach_bookB,1,0.9997773192632495,1.0,0.9998886596316248
organ_tablature,ammerbach_bookB,1,0.9998091504134126,1.0,0.9999045752067063
organ_tablature,ammerbach_bookB,1,0.9992412589078047,0.8983233539186227,0.9487823064132137
organ_tablature,ammerbach_bookB,1,0.9991110329204861,0.920379387394832,0.9597452101576591
organ_tablature,ammerbach_bookB,1,0.9999908915070956,0.985180552699783,0.9925857221034393
organ_tablature,ammerbach_bookB,1,0.9990477789365717,0.9970157026436096,0.9980317407900907
organ_tablature,ammerbach_bookB,1,0.9997515457266756,0.9946983359050975,0.9972249408158865
organ_tablature,ammerbach_bookB,1,0.9999779160517682,0.9966358157762716,0.99830686591402
organ_tablature,ammerbach_bookB,1,0.9999750999553768,0.9990293467970969,0.9995022233762368
organ_tablature,ammerbach_bookB,1,0.9999658759852009,1.0,0.9999829379926004
organ_tablature,ammerbach_bookB,1,0.9999819152972436,0.9971587404875577,0.9985703278924006
organ_tablature,ammerbach_bookB,1,0.9974815848974017,1.0,0.9987407924487008
organ_tablature,ammerbach_bookB,1,0.991834303387756,0.8319087235486733,0.9118715134682147
organ_tablature,ammerbach_bookB,1,0.9957137177649468,0.9822733383688881,0.9889935280669174
organ_tablature,ammerbach_bookB,1,0.9999707529885352,0.9990293467970969,0.999500049892816
organ_tablature,ammerbach_bookB,1,0.9999107672816905,1.0,0.9999553836408452
organ_tablature,ammerbach_bookB,1,0.9996546877282406,1.0,0.9998273438641203
organ_tablature,ammerbach_bookB,1,0.9996582866193655,0.9990293467970969,0.9993438167082311
organ_tablature,ammerbach_bookB,1,0.9999790456951718,0.9469586338701957,0.9734688397826838
organ_tablature,ammerbach_bookB,1,0.9999994159330631,0.9499718803770059,0.9749856481550345
organ_tablature,ammerbach_bookB,1,0.9999905098933802,0.9611192952734021,0.9805549025833912
organ_tablature,ammerbach_bookB,1,0.9999056028138699,0.9785097926007434,0.9892076977073067
organ_tablature,ammerbach_bookB,1,0.9997926830561427,0.9920915228892867,0.9959421029727147
organ_tablature,ammerbach_bookB,1,0.9999863285655413,0.9576459729823146,0.9788161507739279
organ_tablature,ammerbach_bookB,1,0.9999980632853281,0.9984348263714141,0.9992164448283711
organ_tablature,ammerbach_bookB,1,0.9998651625990927,1.0,0.9999325812995463
organ_tablature,ammerbach_bookB,1,0.9716110768442211,1.0,0.9858055384221105
organ_tablature,ammerbach_bookB,1,0.9971959186664585,0.9990293467970969,0.9981126327317777
organ_tablature,ammerbach_bookB,1,0.9999373737307137,0.9741961046646437,0.9870667391976786
organ_tablature,ammerbach_bookB,1,0.9999793908857272,0.9465329294637546,0.9732561601747409
organ_tablature,ammerbach_bookB,1,0.9999378431474564,0.9990293467970969,0.9994835949722767
organ_tablature,ammerbach_bookB,1,0.9997237870898361,1.0,0.9998618935449181
organ_tablature,ammerbach_bookB,1,0.9996370050666047,1.0,0.9998185025333024
organ_tablature,ammerbach_bookB,1,0.9988714075020801,0.9424034016511955,0.9706374045766378
organ_tablature,ammerbach_bookB,1,0.9995140790459915,1.0,0.9997570395229958
organ_tablature,ammerbach_bookB,1,0.9999774529818902,1.0,0.9999887264909451
organ_tablature,ammerbach_bookB,1,0.9993470970302889,1.0,0.9996735485151445
organ_tablature,ammerbach_bookB,1,0.999701956850179,0.9971391105540872,0.9984205337021331
organ_tablature,ammerbach_bookB,1,0.9974063050222968,1.0,0.9987031525111484
organ_tablature,ammerbach_bookB,1,0.9933243568299126,0.9577008880975304,0.9755126224637215
organ_tablature,ammerbach_bookB,1,0.9999171103016925,1.0,0.9999585551508463
organ_tablature,ammerbach_bookB,1,0.9999975505621993,0.9833251204458703,0.9916613355040348
organ_tablature,ammerbach_bookB,1,0.9995930609657283,1.0,0.9997965304828642
organ_tablature,ammerbach_bookB,1,0.9995542555205554,1.0,0.9997771277602777
organ_tablature,ammerbach_bookB,1,0.9960166112952031,0.9971617960933757,0.9965892036942894
organ_tablature,ammerbach_bookB,1,0.9999472190134887,0.986154894158502,0.9930510565859954
organ_tablature,ammerbach_bookB,1,0.9999982219955094,0.9623559606890391,0.9811770913422742
organ_tablature,ammerbach_bookB,1,0.9999248379560106,0.9952053487639103,0.9975650933599605
organ_tablature,ammerbach_bookB,1,0.9986279735477281,0.928995166040124,0.963811569793926
organ_tablature,ammerbach_bookB,1,0.9999530033905419,0.9785518882390714,0.9892524458148066
organ_tablature,ammerbach_bookB,1,0.9999310676342701,1.0,0.999965533817135
organ_tablature,ammerbach_bookB,1,0.9967157092977104,1.0,0.9983578546488552
organ_tablature,ammerbach_bookB,1,0.9991517125835688,0.9547544967079146,0.9769531046457417
organ_tablature,ammerbach_bookB,1,0.9998880411103894,0.995676238722218,0.9977821399163037
organ_tablature,ammerbach_bookB,1,0.9999933146856196,0.9491111024815637,0.9745522085835916
organ_tablature,ammerbach_bookB,1,0.9979112377447933,0.9951011178819661,0.9965061778133797
organ_tablature,ammerbach_bookB,1,0.999941227173824,1.0,0.999970613586912
organ_tablature,ammerbach_bookB,1,0.999740009921154,0.9943434687902467,0.9970417393557003
organ_tablature,ammerbach_bookB,1,0.9996792812694498,0.9984222222222222,0.999050751745836
organ_tablature,ammerbach_bookB,1,0.9999972444355482,1.0,0.9999986222177741
organ_tablature,ammerbach_bookB,1,0.999069226966114,1.0,0.9995346134830569
organ_tablature,ammerbach_bookB,1,0.9998895487004683,1.0,0.9999447743502341
organ_tablature,ammerbach_bookB,1,0.9917191391007033,1.0,0.9958595695503516
organ_tablature,ammerbach_bookB,1,0.9970294304459353,0.9777929169937558,0.9874111737198455
organ_tablature,ammerbach_bookB,1,0.9999635095207058,0.9861165683599177,0.9930400389403118
organ_tablature,ammerbach_bookB,1,0.9990669366046735,0.9982190852625635,0.9986430109336185
organ_tablature,ammerbach_bookB,1,0.9988205999728986,1.0,0.9994102999864494
organ_tablature,ammerbach_bookB,1,0.9928363173911957,0.9940823295558833,0.9934593234735395
organ_tablature,ammerbach_bookB,1,0.9670663303536511,0.994572864321608,0.9808195973376295
organ_tablature,ammerbach_bookB,1,0.9949908912610478,0.9178458733478693,0.9564183823044585
organ_tablature,ammerbach_bookB,1,0.9998885751069707,0.9699469945802422,0.9849177848436065
organ_tablature,ammerbach_bookB,1,0.994371000238635,1.0,0.9971855001193175
organ_tablature,ammerbach_bookB,1,0.9308177841984931,0.982183161434162,0.9565004728163276
organ_tablature,ammerbach_bookB,1,0.9995471274274754,1.0,0.9997735637137377
organ_tablature,ammerbach_bookB,1,0.9999819734642195,0.9827124902940849,0.9913472318791522
organ_tablature,ammerbach_bookB,1,0.9987862911368546,0.9981016042780749,0.9984439477074647
organ_tablature,ammerbach_bookB,1,0.990869880556822,1.0,0.9954349402784111
organ_tablature,ammerbach_bookB,1,0.9999224371046421,1.0,0.999961218552321
organ_tablature,ammerbach_bookB,1,0.9999570400688058,1.0,0.9999785200344029
organ_tablature,ammerbach_bookB,1,0.9999975315998372,1.0,0.9999987657999185
organ_tablature,ammerbach_bookB,1,0.9993289834976623,1.0,0.9996644917488311
organ_tablature,ammerbach_bookB,1,0.9805618952671654,0.9984076269002835,0.9894847610837245
organ_tablature,ammerbach_bookB,1,0.991375646068244,1.0,0.995687823034122
organ_tablature,ammerbach_bookB,1,0.9787379116486276,0.9893953644711958,0.9840666380599117
organ_tablature,ammerbach_bookB,1,0.999902806096139,1.0,0.9999514030480695
organ_tablature,ammerbach_bookB,1,0.9998181558233417,1.0,0.9999090779116708
organ_tablature,ammerbach_bookB,1,0.9997091771500314,1.0,0.9998545885750156
organ_tablature,ammerbach_bookB,1,0.9966633866795378,1.0,0.9983316933397689
organ_tablature,ammerbach_bookB,1,0.9999437844802778,0.9537663241654608,0.9768550543228693
organ_tablature,ammerbach_bookB,1,0.9999921486153258,0.9857332930118219,0.9928627208135739
organ_tablature,ammerbach_bookB,1,0.9999872996992358,1.0,0.9999936498496179
organ_tablature,ammerbach_bookB,1,0.99999518054581,0.9984402010050251,0.9992176907754176
organ_tablature,ammerbach_bookB,1,0.997279729165489,0.9925218755487076,0.9949008023570983
organ_tablature,ammerbach_bookB,1,0.9983931826919186,0.9863472533852261,0.9923702180385723
organ_tablature,ammerbach_bookB,1,0.9996747628203994,0.98720205936373,0.9934384110920647
organ_tablature,ammerbach_bookB,1,0.9998741821801399,0.9981356647573107,0.9990049234687253
organ_tablature,ammerbach_bookB,1,0.9999305937393143,1.0,0.9999652968696571
organ_tablature,ammerbach_bookB,1,0.9894976243927237,1.0,0.9947488121963619
organ_tablature,ammerbach_bookB,1,0.8821432048809681,0.9415549655054855,0.9118490851932268
organ_tablature,ammerbach_bookB,1,0.9745991767203647,0.9824739132470759,0.9785365449837202
organ_tablature,ammerbach_bookB,1,0.9999655868182408,0.9990293467970969,0.9994974668076688
organ_tablature,ammerbach_bookB,1,0.9999962125536147,0.990582507999797,0.9952893602767059
organ_tablature,ammerbach_bookB,1,0.9999422473829764,0.9718578592828118,0.9859000533328941
organ_tablature,ammerbach_bookB,1,0.9994380729508282,0.9987021630615641,0.9990701180061962
organ_tablature,ammerbach_bookB,1,0.9999826133799944,1.0,0.9999913066899973
organ_tablature,ammerbach_bookB,1,0.9997150078188393,1.0,0.9998575039094196
organ_tablature,ammerbach_bookB,1,0.9984300653233841,0.9870133915896433,0.9927217284565137
organ_tablature,ammerbach_bookB,1,0.9859388721209117,0.9966514504033502,0.991295161262131
organ_tablature,ammerbach_bookB,1,0.9995648509950673,0.9990293467970969,0.9992970988960821
organ_tablature,ammerbach_bookB,1,0.9999711552430415,1.0,0.9999855776215207
organ_tablature,ammerbach_bookB,1,0.9996525812362346,0.9965712745025623,0.9981119278693984
organ_tablature,ammerbach_bookB,1,0.9735232971490843,0.9981020535158681,0.9858126753324762
organ_tablature,ammerbach_bookB,1,0.9928441995803792,0.9889693904495642,0.9909067950149717
organ_tablature,ammerbach_bookB,1,0.996700089685673,0.9971138538393505,0.9969069717625118
organ_tablature,ammerbach_bookB,1,0.9999605606342211,1.0,0.9999802803171105
organ_tablature,ammerbach_bookB,1,0.9871939418354495,0.996577291381669,0.9918856166085592
organ_tablature,ammerbach_bookB,1,0.9992907376463332,0.9723274006532923,0.9858090691498127
organ_tablature,ammerbach_bookB,1,0.9965970160245587,0.9990579314528358,0.9978274737386973
organ_tablature,ammerbach_bookB,1,0.999885512444159,1.0,0.9999427562220795
organ_tablature,ammerbach_bookB,1,0.9996551257103822,1.0,0.9998275628551911
organ_tablature,ammerbach_bookB,1,0.9996862338675314,0.991864424704953,0.9957753292862421
organ_tablature,ammerbach_bookB,1,0.998683753509726,0.9604413559745589,0.9795625547421425
organ_tablature,ammerbach_bookB,1,0.9976554835415334,1.0,0.9988277417707667
organ_tablature,ammerbach_bookB,1,0.9925677231334569,1.0,0.9962838615667284
organ_tablature,ammerbach_bookB,1,0.9601062983107299,0.9829199009983502,0.97151309965454
organ_tablature,ammerbach_bookB,1,0.8452138645795192,0.8942907592015333,0.8697523118905263
organ_tablature,ammerbach_bookB,1,0.9993874519641532,1.0,0.9996937259820766
organ_tablature,ammerbach_bookB,1,0.995643031910339,1.0,0.9978215159551695
organ_tablature,ammerbach_bookB,1,0.9994302325633778,1.0,0.9997151162816889
organ_tablature,ammerbach_bookB,1,0.9998219187175553,1.0,0.9999109593587776
organ_tablature,ammerbach_bookB,1,0.9874871629893445,0.9618748964098957,0.97468102969962
organ_tablature,ammerbach_bookB,1,0.9993418379744955,0.989879066196465,0.9946104520854803
organ_tablature,ammerbach_bookB,1,0.9999945689967802,0.9889002807397009,0.9944474248682406
organ_tablature,ammerbach_bookB,1,0.9999360409034714,1.0,0.9999680204517357
organ_tablature,ammerbach_bookB,1,0.9999015937207351,1.0,0.9999507968603676
organ_tablature,ammerbach_bookB,1,0.9985645618592558,0.9129513613119943,0.9557579615856251
organ_tablature,ammerbach_bookB,1,0.9999055007009174,0.9971309510751718,0.9985182258880446
organ_tablature,ammerbach_bookB,1,0.9999247617964361,1.0,0.9999623808982181
organ_tablature,ammerbach_bookB,1,0.9996766461708423,1.0,0.9998383230854211
organ_tablature,ammerbach_bookB,1,0.9961013620670729,1.0,0.9980506810335364
organ_tablature,ammerbach_bookB,1,0.9989151899660323,0.9967157026833163,0.9978154463246743
organ_tablature,ammerbach_bookB,1,0.9987890649816761,0.9887992121088802,0.9937941385452782
organ_tablature,ammerbach_bookB,1,0.9999286104149547,0.9925504690070825,0.9962395397110186
organ_tablature,ammerbach_bookB,1,0.9964780358433301,1.0,0.998239017921665
organ_tablature,ammerbach_bookB,1,0.9999738766856532,1.0,0.9999869383428266
organ_tablature,ammerbach_bookB,1,0.999997699571834,1.0,0.999998849785917
organ_tablature,ammerbach_bookB,1,0.9999951719779424,1.0,0.9999975859889711
organ_tablature,ammerbach_bookB,1,0.9997527583843382,0.9969190073205415,0.9983358828524398
organ_tablature,ammerbach_bookB,1,0.9999795449586069,0.9985970149253732,0.99928827994199
organ_tablature,ammerbach_bookB,1,0.9999995111651492,1.0,0.9999997555825746
organ_tablature,ammerbach_bookB,1,0.9999997912587042,1.0,0.9999998956293521
organ_tablature,ammerbach_bookB,1,0.9999623998933792,0.9984330312185298,0.9991977155559545
organ_tablature,ammerbach_bookB,1,0.9998110031253702,0.989644851565355,0.9947279273453626
organ_tablature,ammerbach_bookB,1,0.9999972091858973,1.0,0.9999986045929486
organ_tablature,ammerbach_bookB,1,0.9999999060924697,1.0,0.9999999530462349
organ_tablature,ammerbach_bookB,1,0.9999270501466878,1.0,0.9999635250733439
organ_tablature,ammerbach_bookB,1,0.9997165219755364,1.0,0.9998582609877682
organ_tablature,ammerbach_bookB,1,0.9991881087941685,0.9608713948715569,0.9800297518328627
organ_tablature,ammerbach_bookB,1,0.9999984181848763,0.9901766009302438,0.9950875095575601
organ_tablature,ammerbach_bookB,1,0.9995653752851857,0.9982049635036496,0.9988851693944176
organ_tablature,ammerbach_bookB,1,0.9999666080379858,0.9748176293819364,0.987392118709961
organ_tablature,ammerbach_bookB,1,0.9999269707240892,1.0,0.9999634853620446
organ_tablature,ammerbach_bookB,1,0.9999994794774085,0.9959694369712833,0.9979844582243459
organ_tablature,ammerbach_bookB,1,0.9999988582411743,1.0,0.9999994291205871
organ_tablature,ammerbach_bookB,1,0.9997682394848803,1.0,0.9998841197424402
organ_tablature,ammerbach_bookB,1,0.9996425869360935,1.0,0.9998212934680468
organ_tablature,ammerbach_bookB,1,0.9999922801698763,1.0,0.9999961400849382
organ_tablature,ammerbach_bookB,1,0.999999766128613,0.9856619764897349,0.9928308713091739
organ_tablature,ammerbach_bookB,1,0.9999146039162701,0.9957885997199687,0.9978516018181194
organ_tablature,ammerbach_bookB,1,0.9932053902231237,0.9548573855242698,0.9740313878736968
organ_tablature,ammerbach_bookB,1,0.9995193994806176,0.9588418150748359,0.9791806072777267
organ_tablature,ammerbach_bookB,1,0.9999097282484296,1.0,0.9999548641242149
organ_tablature,ammerbach_bookB,1,0.9997589027246064,1.0,0.9998794513623033
organ_tablature,ammerbach_bookB,1,0.982157049112953,0.9950793077237173,0.9886181784183352
organ_tablature,ammerbach_bookB,1,0.9998520322390633,0.9870977137998491,0.9934748730194563
organ_tablature,ammerbach_bookB,1,0.9999751004125832,0.9810066070692303,0.9904908537409067
organ_tablature,ammerbach_bookB,1,0.9999966589838769,0.9898062808703213,0.994901469927099
organ_tablature,ammerbach_bookB,1,0.9999924394489285,1.0,0.9999962197244643
organ_tablature,ammerbach_bookB,1,0.9992055056424547,1.0,0.9996027528212273
organ_tablature,ammerbach_bookB,1,0.9975314414710627,0.9946151790430294,0.996073310257046
organ_tablature,ammerbach_bookB,1,0.9983325939764626,0.9984222222222222,0.9983774080993424
organ_tablature,ammerbach_bookB,1,0.9999927582657769,1.0,0.9999963791328885
organ_tablature,ammerbach_bookB,1,0.9999980431607959,1.0,0.999999021580398
organ_tablature,ammerbach_bookB,1,0.9998828526899471,1.0,0.9999414263449735
organ_tablature,ammerbach_bookB,1,0.9993656955907451,1.0,0.9996828477953725
organ_tablature,ammerbach_bookB,1,0.9989707313959345,0.9984330312185297,0.9987018813072321
organ_tablature,ammerbach_bookB,1,0.9998827834961918,1.0,0.9999413917480959
organ_tablature,ammerbach_bookB,1,0.9998725292094504,1.0,0.9999362646047252
organ_tablature,ammerbach_bookB,1,0.9990127619398791,0.9772084863410893,0.9881106241404842
organ_tablature,ammerbach_bookB,1,0.9999713608077416,1.0,0.9999856804038708
organ_tablature,ammerbach_bookB,1,0.9999998751128405,0.9820827575500635,0.991041316331452
organ_tablature,ammerbach_bookB,1,0.9999928764817386,0.9983748014822658,0.9991838389820022
organ_tablature,ammerbach_bookB,1,0.9966115542346857,0.9285847620213985,0.9625981581280421
organ_tablature,ammerbach_bookB,1,0.9992277971971425,0.9842429493529637,0.9917353732750531
organ_tablature,ammerbach_bookB,1,0.9999789375030653,0.9990293467970969,0.9995041421500811
organ_tablature,ammerbach_bookB,1,0.9999985294055868,0.9859296275367978,0.9929640784711923
organ_tablature,ammerbach_bookB,1,0.9999720353158578,0.9965461391572981,0.998259087236578
organ_tablature,ammerbach_bookB,1,0.9973060187168337,0.9765141685544986,0.9869100936356661
organ_tablature,ammerbach_bookB,1,0.9715888869479705,0.944480753472839,0.9580348202104048
organ_tablature,ammerbach_bookB,1,0.9996135212754667,1.0,0.9998067606377333
organ_tablature,ammerbach_bookB,1,0.9999999231288695,1.0,0.9999999615644348
organ_tablature,ammerbach_bookB,1,0.9999980203778769,1.0,0.9999990101889384
organ_tablature,ammerbach_bookB,1,0.9980783697394879,0.9966041794030245,0.9973412745712562
organ_tablature,ammerbach_bookB,1,0.9962634207516372,0.9559317660491574,0.9760975934003973
organ_tablature,ammerbach_bookB,1,0.999984238105684,1.0,0.999992119052842
organ_tablature,ammerbach_bookB,1,0.9999999618881256,1.0,0.9999999809440627
organ_tablature,ammerbach_bookB,1,0.9997961400225307,1.0,0.9998980700112654
organ_tablature,ammerbach_bookB,1,0.998029916907812,0.9845730902988715,0.9913015036033417
organ_tablature,ammerbach_bookB,1,0.9994654556806748,0.9704991022792003,0.9849822789799376
organ_tablature,ammerbach_bookB,1,0.99993511817578,0.996572864321608,0.998253991248694
organ_tablature,ammerbach_bookB,1,0.9999087617855446,0.9956582875611811,0.9977835246733628
organ_tablature,ammerbach_bookB,1,0.9999773570392246,0.9913734283614749,0.9956753927003498
organ_tablature,ammerbach_bookB,1,0.999730077417772,0.9723157649719837,0.9860229211948779
organ_tablature,ammerbach_bookB,1,0.9994166913346803,0.990725512481207,0.9950711019079437
organ_tablature,ammerbach_bookB,1,0.999994267153024,1.0,0.999997133576512
organ_tablature,ammerbach_bookB,1,0.9994188773534187,1.0,0.9997094386767094
organ_tablature,ammerbach_bookB,1,0.9999554734791227,0.9761297630359089,0.9880426182575158
organ_tablature,ammerbach_bookB,1,0.9999445025852666,0.9810019318142557,0.9904732171997611
organ_tablature,ammerbach_bookB,1,0.9999792613137423,0.987634082318504,0.9938066718161231
organ_tablature,ammerbach_bookB,1,0.9999999824419853,1.0,0.9999999912209927
organ_tablature,ammerbach_bookB,1,0.999942870206395,0.9984222222222222,0.9991825462143087
organ_tablature,ammerbach_bookB,1,0.9986340935150947,1.0,0.9993170467575474
organ_tablature,ammerbach_bookB,1,0.9996339338114352,0.9957762134531244,0.9977050736322798
organ_tablature,ammerbach_bookB,1,0.9986038093119549,0.9956066381787658,0.9971052237453604
organ_tablature,ammerbach_bookB,1,0.9999951087782968,0.977149695484776,0.9885724021315364
organ_tablature,ammerbach_bookB,1,0.9999904155478295,1.0,0.9999952077739147
organ_tablature,ammerbach_bookB,1,0.9998454504134866,0.902521445473086,0.9511834479432864
organ_tablature,ammerbach_bookB,1,0.9090688018759038,0.9403253093997924,0.9246970556378481
organ_tablature,ammerbach_bookB,1,0.9999793924094275,0.9983673469387755,0.9991733696741014
organ_tablature,ammerbach_bookB,1,0.9999590579284795,0.9976081054025059,0.9987835816654926
organ_tablature,ammerbach_bookB,1,0.9999713237779584,0.9976081054025059,0.9987897145902321
organ_tablature,ammerbach_bookB,1,0.9999573775908541,1.0,0.9999786887954271
organ_tablature,ammerbach_bookB,1,0.9999978315502946,0.9796214921445376,0.9898096618474161
organ_tablature,ammerbach_bookB,1,0.9999992616399239,1.0,0.9999996308199619
organ_tablature,ammerbach_bookB,1,0.9999948774781824,1.0,0.9999974387390912
organ_tablature,ammerbach_bookB,1,0.9999920262210372,1.0,0.9999960131105186
organ_tablature,ammerbach_bookB,1,0.9999177801490581,0.9891627773430888,0.9945402787460734
organ_tablature,ammerbach_bookB,1,0.9997956878575679,0.9985860972285325,0.9991908925430502
organ_tablature,ammerbach_bookB,1,0.9992460404863158,1.0,0.999623020243158
organ_tablature,ammerbach_bookB,1,0.9953267934438483,1.0,0.9976633967219242
organ_tablature,ammerbach_bookB,1,0.9619160209716984,0.9871387741106579,0.9745273975411781
organ_tablature,ammerbach_bookB,1,0.9995861855029307,0.9949586528717113,0.997272419187321
organ_tablature,ammerbach_bookB,1,0.9999129907206398,1.0,0.9999564953603199
organ_tablature,ammerbach_bookB,1,0.9987994051903507,1.0,0.9993997025951753
organ_tablature,ammerbach_bookB,1,0.994008911271713,0.9939502437078694,0.9939795774897913
organ_tablature,ammerbach_bookB,1,0.999226485205254,0.9829892349682825,0.9911078600867682
organ_tablature,ammerbach_bookB,1,0.9996828094689472,0.9457104818427191,0.9726966456558331
organ_tablature,ammerbach_bookB,1,0.9990446026630645,0.9470546789729248,0.9730496408179947
organ_tablature,ammerbach_bookB,1,0.9978035131204989,0.9985926597190756,0.9981980864197872
organ_tablature,ammerbach_bookB,1,0.9580688930810579,0.9416782571827497,0.9498735751319038
organ_tablature,ammerbach_bookB,1,0.9067905278630665,0.8748332711936857,0.890811899528376
organ_tablature,ammerbach_bookB,1,0.9966798149707208,0.9985926597190756,0.9976362373448981
organ_tablature,ammerbach_bookB,1,0.9997345520996647,0.9982416713721061,0.9989881117358854
organ_tablature,ammerbach_bookB,1,0.9930990097577996,0.9834606379527101,0.9882798238552548
organ_tablature,ammerbach_bookB,1,0.9997900874247733,0.9981768867924529,0.9989834871086131
organ_tablature,ammerbach_bookB,1,0.9999775029037585,1.0,0.9999887514518793
organ_tablature,ammerbach_bookB,1,0.9998786361012739,0.9803222281845712,0.9901004321429225
organ_tablature,ammerbach_bookB,1,0.999619540795555,0.9877906592548232,0.9937051000251891
organ_tablature,ammerbach_bookB,1,0.9995166516831305,0.954760699567392,0.9771386756252612
organ_tablature,ammerbach_bookB,1,0.9996753611773711,0.9617456083475069,0.980710484762439
organ_tablature,ammerbach_bookB,1,0.999576418868236,1.0,0.999788209434118
organ_tablature,ammerbach_bookB,1,0.9999526173374309,1.0,0.9999763086687155
organ_tablature,ammerbach_bookB,1,0.9999606847728727,0.9834043166771024,0.9916825007249875
organ_tablature,ammerbach_bookB,1,0.9999955773531282,0.9796604491775865,0.9898280132653574
organ_tablature,ammerbach_bookB,1,0.9994047642672175,1.0,0.9997023821336087
organ_tablature,ammerbach_bookB,1,0.9975200474072284,0.9927362630529104,0.9951281552300695
organ_tablature,ammerbach_bookB,1,0.9689871402715409,0.9393789742644804,0.9541830572680106
organ_tablature,ammerbach_bookB,1,0.9997698351435814,0.9984222222222222,0.9990960286829018
organ_tablature,ammerbach_bookB,1,0.9991244748536062,0.9984791252485089,0.9988018000510576
organ_tablature,ammerbach_bookB,1,0.9989264582361201,1.0,0.9994632291180601
organ_tablature,ammerbach_bookB,1,0.9992962841664631,0.9901852268529128,0.9947407555096879
organ_tablature,ammerbach_bookB,1,0.9999973385285597,1.0,0.9999986692642798
organ_tablature,ammerbach_bookB,1,0.9999939972373535,1.0,0.9999969986186767
organ_tablature,ammerbach_bookB,1,0.9946044862343086,0.9986947807933194,0.996649633513814
organ_tablature,ammerbach_bookB,1,0.9987281099614684,0.9982529644268775,0.998490537194173
organ_tablature,ammerbach_bookB,1,0.9998094822211904,1.0,0.9999047411105952
organ_tablature,ammerbach_bookB,1,0.9704553091756112,0.9860106293471269,0.978232969261369
organ_tablature,ammerbach_bookB,1,0.9323455557938299,0.8564339002140451,0.8943897280039375
organ_tablature,ammerbach_bookB,1,0.9996436876440586,0.9686088387787962,0.9841262632114274
organ_tablature,ammerbach_bookB,1,0.999877386907612,0.9497426848196086,0.9748100358636103
organ_tablature,ammerbach_bookB,1,0.9972419179422559,0.9490418384760051,0.9731418782091306
organ_tablature,ammerbach_bookB,1,0.9894097626917704,0.7511884976622041,0.8702991301769872
organ_tablature,ammerbach_bookB,1,0.9739310823492008,0.9049993136858304,0.9394651980175156
organ_tablature,ammerbach_bookB,1,0.9999937071949339,1.0,0.9999968535974669
organ_tablature,ammerbach_bookB,1,0.9999344959390617,1.0,0.9999672479695308
organ_tablature,ammerbach_bookB,1,0.9999564674505916,0.9365232090348793,0.9682398382427355
organ_tablature,ammerbach_bookB,1,0.9972828681391697,0.9787381388331395,0.9880105034861546
organ_tablature,ammerbach_bookB,1,0.99863223566976,0.9654188996439574,0.9820255676568588
organ_tablature,ammerbach_bookB,1,0.9999725592887668,0.9955318877344205,0.9977522235115936
organ_tablature,ammerbach_bookB,1,0.999810417121439,1.0,0.9999052085607195
organ_tablature,ammerbach_bookB,1,0.9996900715878604,0.9299627019723394,0.9648263867800999
organ_tablature,ammerbach_bookB,1,0.9987517865590078,0.8711264776575384,0.9349391321082731
organ_tablature,ammerbach_bookB,1,0.9999273976314734,0.9976154440256294,0.9987714208285514
organ_tablature,ammerbach_bookB,1,0.9961853535713983,0.998572864321608,0.9973791089465032
organ_tablature,ammerbach_bookB,1,0.9993946534531545,1.0,0.9996973267265772
organ_tablature,ammerbach_bookB,1,0.9999998379576566,1.0,0.9999999189788282
organ_tablature,ammerbach_bookB,1,0.9999973401127333,0.9957331939061622,0.9978652670094478
organ_tablature,ammerbach_bookB,1,0.9999488788065776,1.0,0.9999744394032888
organ_tablature,ammerbach_bookB,1,0.9893589121290962,0.9966901449275363,0.9930245285283162
organ_tablature,ammerbach_bookB,1,0.9994805069160082,1.0,0.9997402534580041
organ_tablature,ammerbach_bookB,1,0.9998672061699241,1.0,0.999933603084962
organ_tablature,ammerbach_bookB,1,0.9999700292229244,0.9982619988706944,0.9991160140468094
organ_tablature,ammerbach_bookB,1,0.9614149260394164,0.9794950876603561,0.9704550068498863
organ_tablature,ammerbach_bookB,1,0.9758179835025461,0.9412959998019215,0.9585569916522338
organ_tablature,ammerbach_bookB,1,0.9972053459884369,0.9233588443483376,0.9602820951683873
organ_tablature,ammerbach_bookB,1,0.9985020791402097,0.9990293467970969,0.9987657129686534
organ_tablature,ammerbach_bookB,1,0.9997426546517211,1.0,0.9998713273258606
organ_tablature,ammerbach_bookB,1,0.9996423336106836,1.0,0.9998211668053418
organ_tablature,ammerbach_bookB,1,0.9997324611353552,1.0,0.9998662305676775
organ_tablature,ammerbach_bookB,1,0.9999154326777868,1.0,0.9999577163388934
organ_tablature,ammerbach_bookB,1,0.9994126646740921,0.9874731697591298,0.9934429172166109
organ_tablature,ammerbach_bookB,1,0.9999331617895674,0.8954285981585687,0.947680879974068
organ_tablature,ammerbach_bookB,1,0.9998675576738143,0.9234260300932761,0.9616467938835451
organ_tablature,ammerbach_bookB,1,0.9998975376218153,1.0,0.9999487688109077
organ_tablature,ammerbach_bookB,1,0.9208570794168613,0.9447727966452658,0.9328149380310635
organ_tablature,ammerbach_bookB,1,0.9997263836310326,1.0,0.9998631918155163
organ_tablature,ammerbach_bookB,1,0.9999990098474439,0.9982619988706944,0.9991305043590692
organ_tablature,ammerbach_bookB,1,0.9998770613039587,0.998240542066629,0.9990588016852939
organ_tablature,ammerbach_bookB,1,0.8763098040811715,0.9568708885731259,0.9165903463271488
organ_tablature,ammerbach_bookB,1,0.998991746201282,1.0,0.9994958731006409
organ_tablature,ammerbach_bookB,1,0.9998760511403354,1.0,0.9999380255701678
organ_tablature,ammerbach_bookB,1,0.9808463290298224,0.9929021681015445,0.9868742485656834
organ_tablature,ammerbach_bookB,1,0.9996329586521366,1.0,0.9998164793260683
organ_tablature,ammerbach_bookB,1,0.9884798826528938,0.9820869740773797,0.9852834283651367
organ_tablature,ammerbach_bookB,1,0.9998503797706516,1.0,0.9999251898853259
organ_tablature,ammerbach_bookB,1,0.9999848323966875,1.0,0.9999924161983438
organ_tablature,ammerbach_bookB,1,0.9970086797247697,0.9950999622796857,0.9960543210022277
organ_tablature,ammerbach_bookB,1,0.9996291228200597,0.9471157372691607,0.9733724300446102
organ_tablature,ammerbach_bookB,1,0.9999985117369181,1.0,0.9999992558684591
organ_tablature,ammerbach_bookB,1,0.9999860934747796,1.0,0.9999930467373899
organ_tablature,ammerbach_bookB,1,0.9999858846515103,1.0,0.9999929423257552
organ_tablature,ammerbach_bookB,1,0.9998517272939254,0.988005746082835,0.9939287366883802
organ_tablature,ammerbach_bookB,1,0.9999968452454966,0.9524727959558827,0.9762348206006897
organ_tablature,ammerbach_bookB,1,0.999994478304688,1.0,0.999997239152344
organ_tablature,ammerbach_bookB,1,0.9931856862138752,1.0,0.9965928431069375
organ_tablature,ammerbach_bookB,1,0.9984452563512649,0.9967222833197444,0.9975837698355047
organ_tablature,ammerbach_bookB,1,0.9989765014669179,0.9985860972285325,0.9987812993477252
organ_tablature,ammerbach_bookB,1,0.9999925070985443,1.0,0.9999962535492721
organ_tablature,ammerbach_bookB,1,0.9998932588818183,1.0,0.9999466294409092
organ_tablature,ammerbach_bookB,1,0.9997584134154311,1.0,0.9998792067077156
organ_tablature,ammerbach_bookB,1,0.9999524902367773,0.9906616441496457,0.9953070671932116
organ_tablature,ammerbach_bookB,1,0.9999607285405723,0.9982619988706944,0.9991113637056334
organ_tablature,ammerbach_bookB,1,0.9997878686457325,0.9990293467970969,0.9994086077214147
organ_tablature,ammerbach_bookB,1,0.506168817588815,0.9731811403176067,0.7396749789532109
organ_tablature,ammerbach_bookB,1,0.9561562778506617,0.9912544392128316,0.9737053585317467
organ_tablature,ammerbach_bookB,1,0.9997103679558283,0.9985860972285325,0.9991482325921804
organ_tablature,ammerbach_bookB,1,0.9999823247821994,1.0,0.9999911623910998
organ_tablature,ammerbach_bookB,1,0.9957317031968703,1.0,0.9978658515984351
organ_tablature,ammerbach_bookB,1,0.9989017626369031,0.970209339985326,0.9845555513111146
organ_tablature,ammerbach_bookB,1,0.9997625271710467,0.9984222222222222,0.9990923746966345
organ_tablature,ammerbach_bookB,1,0.9999119806202167,0.998240542066629,0.9990762613434229
organ_tablature,ammerbach_bookB,1,0.9993447850042192,1.0,0.9996723925021096
organ_tablature,ammerbach_bookB,1,0.9975725051229442,0.9933870697802806,0.9954797874516124
organ_tablature,ammerbach_bookB,1,0.9963564309537944,0.996828371060478,0.9965924010071362
organ_tablature,ammerbach_bookB,1,0.9994166106213807,0.9874012584891642,0.9934089345552723
organ_tablature,ammerbach_bookB,1,0.999990577278703,0.9507336017390127,0.9753620895088578
organ_tablature,ammerbach_bookB,1,0.9992628353476097,1.0,0.9996314176738048
organ_tablature,ammerbach_bookB,1,0.9912903224470987,1.0,0.9956451612235493
organ_tablature,ammerbach_bookB,1,0.9973106348693277,1.0,0.9986553174346638
organ_tablature,ammerbach_bookB,1,0.99995926507127,1.0,0.9999796325356349
organ_tablature,ammerbach_bookB,1,0.9999924290384736,1.0,0.9999962145192368
organ_tablature,ammerbach_bookB,1,0.990276689689857,0.9987143447705664,0.9944955172302117
organ_tablature,ammerbach_bookB,1,0.9972486029885512,0.9884080815830051,0.9928283422857782
organ_tablature,ammerbach_bookB,1,0.9999845719879757,1.0,0.9999922859939878
organ_tablature,ammerbach_bookB,1,0.999992983652604,1.0,0.999996491826302
organ_tablature,ammerbach_bookB,1,0.9998691697920311,1.0,0.9999345848960155
organ_tablature,ammerbach_bookB,1,0.9941954904871327,0.98827304864288,0.9912342695650064
organ_tablature,ammerbach_bookB,1,0.9831745528537442,0.9454710660996111,0.9643228094766776
organ_tablature,ammerbach_bookB,1,0.9999758751570874,0.9916334920124953,0.9958046835847914
organ_tablature,ammerbach_bookB,1,0.9996097547629713,0.9984222222222222,0.9990159884925968
organ_tablature,ammerbach_bookB,1,0.9960287530033463,1.0,0.9980143765016731
organ_tablature,ammerbach_bookB,1,0.995839767017964,0.9591328214522871,0.9774862942351255
organ_tablature,ammerbach_bookB,1,0.9983414096942672,0.9972484320596604,0.9977949208769639
neume_aquitanian,"gabc:P-BRad 15, 026",1,0.9809622977395857,0.7969964584142624,0.888979378076924
neume_aquitanian,"gabc:P-BRad 15, 026",1,0.7325013528560081,0.6568182985419654,0.6946598256989868
language_or_substitution,"gabc:P-BRad 15, 026",0,0.001708070921119952,0.0025504081598681826,0.0021292395404940673
language_or_substitution,"gabc:P-BRad 15, 026",0,2.769813344803114e-05,0.0002758693931530593,0.00015178376330054523
language_or_substitution,"gabc:P-BRad 15, 026",0,0.001708070921119952,0.0025504081598681826,0.0021292395404940673
language_or_substitution,"gabc:P-BRad 15, 026",0,2.769813344803114e-05,0.0002758693931530593,0.00015178376330054523
surface_null,"gabc:P-BRad 15, 026",0,3.41570606020754e-05,0.05883868404164238,0.02943642055112223
surface_null,"gabc:P-BRad 15, 026",0,0.0002951327125665906,0.07365528329542878,0.03697520800399769
surface_null,"gabc:P-BRad 15, 026",0,0.01280449471675591,0.41591406991020974,0.21435928231348284
surface_null,"gabc:P-BRad 15, 026",0,0.11023848490692274,0.6180093296233805,0.36412390726515165
neume_aquitanian,"gabc:P-BRad 23, Bv",1,0.5249068826256625,0.5443981643687438,0.5346525234972032
neume_aquitanian,"gabc:P-BRad 23, Bv",1,0.17867397756912698,0.5538271173279362,0.3662505474485316
language_or_substitution,"gabc:P-BRad 23, Bv",0,0.00030595445871670914,0.0027643911667271782,0.0015351728127219436
language_or_substitution,"gabc:P-BRad 23, Bv",0,5.236491328789776e-06,0.00013318346099097533,6.920997615988256e-05
language_or_substitution,"gabc:P-BRad 23, Bv",0,0.00030595445871670914,0.0027643911667271782,0.0015351728127219436
language_or_substitution,"gabc:P-BRad 23, Bv",0,5.236491328789776e-06,0.00013318346099097533,6.920997615988256e-05
surface_null,"gabc:P-BRad 23, Bv",0,4.529684881693687e-08,0.01944782809268731,0.009723936694768063
surface_null,"gabc:P-BRad 23, Bv",0,7.668987136928798e-06,0.012098909396575508,0.006053289191856218
surface_null,"gabc:P-BRad 23, Bv",0,4.294365639605028e-05,0.027966664583266083,0.014004804119831066
surface_null,"gabc:P-BRad 23, Bv",0,9.287337243920604e-05,0.08089221681114389,0.04049254509179155
neume_aquitanian,"gabc:P-BRad Pastas 015, 023",1,0.49394720268415304,0.6278601145964376,0.5609036586402953
neume_aquitanian,"gabc:P-BRad Pastas 015, 023",1,0.3607337394611552,0.4692882541559387,0.415010996808547
language_or_substitution,"gabc:P-BRad Pastas 015, 023",0,1.3264137915212594e-05,9.253760203306496e-07,7.094756967771622e-06
language_or_substitution,"gabc:P-BRad Pastas 015, 023",0,6.969810038742387e-06,9.253760203306496e-07,3.9475930295365184e-06
language_or_substitution,"gabc:P-BRad Pastas 015, 023",0,1.3264137915212594e-05,9.253760203306496e-07,7.094756967771622e-06
language_or_substitution,"gabc:P-BRad Pastas 015, 023",0,6.969810038742387e-06,9.253760203306496e-07,3.9475930295365184e-06
surface_null,"gabc:P-BRad Pastas 015, 023",0,8.610975225500683e-06,0.009289896822772408,0.004649253898998954
surface_null,"gabc:P-BRad Pastas 015, 023",0,1.1882261859744331e-05,0.006827175060783752,0.003419528661321748
surface_null,"gabc:P-BRad Pastas 015, 023",0,0.0003778545026985087,0.175064900589115,0.08772137754590675
surface_null,"gabc:P-BRad Pastas 015, 023",0,0.0008863821327293811,0.1542020983827145,0.07754424025772194
neume_aquitanian,"gabc:P-BRad Pastas 051, 157v",1,0.741878598603167,0.6131709726872189,0.6775247856451929
neume_aquitanian,"gabc:P-BRad Pastas 051, 157v",1,0.8801416992566607,0.5252931319571919,0.7027174156069262
language_or_substitution,"gabc:P-BRad Pastas 051, 157v",0,2.649166992616757e-07,3.4332989647734472e-06,1.8491078320175614e-06
language_or_substitution,"gabc:P-BRad Pastas 051, 157v",0,1.2219955716973974e-05,3.4332989647734472e-06,7.826627340873711e-06
language_or_substitution,"gabc:P-BRad Pastas 051, 157v",0,2.649166992616757e-07,3.4332989647734472e-06,1.8491078320175614e-06
language_or_substitution,"gabc:P-BRad Pastas 051, 157v",0,1.2219955716973974e-05,3.4332989647734472e-06,7.826627340873711e-06
surface_null,"gabc:P-BRad Pastas 051, 157v",0,9.005485751288594e-05,0.006922519259381033,0.00350628705844696
surface_null,"gabc:P-BRad Pastas 051, 157v",0,1.2479195831172867e-05,0.012720699151814487,0.00636658917382283
surface_null,"gabc:P-BRad Pastas 051, 157v",0,0.0006439331021354198,0.0470317555839665,0.02383784434305096
surface_null,"gabc:P-BRad Pastas 051, 157v",0,0.0015433038274003965,0.05549742965356735,0.02852036674048387
neume_aquitanian,"gabc:P-BRad Pastas 077, Ar",1,0.22164198709461724,0.6386641955582195,0.4301530913264184
neume_aquitanian,"gabc:P-BRad Pastas 077, Ar",1,0.008152169457346495,0.32851269183231546,0.16833243064483097
language_or_substitution,"gabc:P-BRad Pastas 077, Ar",0,1.0631658485266394e-05,0.0,5.315829242633197e-06
language_or_substitution,"gabc:P-BRad Pastas 077, Ar",0,0.0005103610225697288,0.023545438775991055,0.012027899899280391
language_or_substitution,"gabc:P-BRad Pastas 077, Ar",0,1.0631658485266394e-05,0.0,5.315829242633197e-06
language_or_substitution,"gabc:P-BRad Pastas 077, Ar",0,0.0005103610225697288,0.023545438775991055,0.012027899899280391
surface_null,"gabc:P-BRad Pastas 077, Ar",0,0.0012217390909188667,0.040247510915764804,0.020734625003341837
surface_null,"gabc:P-BRad Pastas 077, Ar",0,0.0007716360613709762,0.05231712145068959,0.026544378756030284
surface_null,"gabc:P-BRad Pastas 077, Ar",0,0.024813619006418867,0.6348775105167592,0.32984556476158905
surface_null,"gabc:P-BRad Pastas 077, Ar",0,0.001077062359848261,0.20142145380936707,0.10124925808460766
neume_aquitanian,"gabc:P-BRad Pastas 081, Ar",1,0.9907420729521125,0.6581846409878641,0.8244633569699883
neume_aquitanian,"gabc:P-BRad Pastas 081, Ar",1,0.8233707119505674,0.8708436063222506,0.847107159136409
neume_aquitanian,"gabc:P-BRad Pastas 081, Ar",1,0.6272381254444231,0.8149123556014787,0.7210752405229509
neume_aquitanian,"gabc:P-BRad Pastas 081, Ar",1,0.6655473479148404,0.736599941891781,0.7010736449033107
language_or_substitution,"gabc:P-BRad Pastas 081, Ar",0,2.9537304387325155e-05,0.00018724873382194935,0.00010839301910463726
language_or_substitution,"gabc:P-BRad Pastas 081, Ar",0,4.43738706098003e-05,0.00010754084531732089,7.59573579635606e-05
language_or_substitution,"gabc:P-BRad Pastas 081, Ar",0,2.369461004567112e-06,9.253760203306496e-07,1.6474185124488808e-06
language_or_substitution,"gabc:P-BRad Pastas 081, Ar",0,1.9567607871377492e-05,0.00011699994513746045,6.828377650441898e-05
language_or_substitution,"gabc:P-BRad Pastas 081, Ar",0,2.9537304387325155e-05,0.00018724873382194935,0.00010839301910463726
language_or_substitution,"gabc:P-BRad Pastas 081, Ar",0,4.43738706098003e-05,0.00010754084531732089,7.59573579635606e-05
language_or_substitution,"gabc:P-BRad Pastas 081, Ar",0,2.369461004567112e-06,9.253760203306496e-07,1.6474185124488808e-06
language_or_substitution,"gabc:P-BRad Pastas 081, Ar",0,1.9567607871377492e-05,0.00011699994513746045,6.828377650441898e-05
surface_null,"gabc:P-BRad Pastas 081, Ar",0,0.08183180006333929,0.13638096045667308,0.10910638026000619
surface_null,"gabc:P-BRad Pastas 081, Ar",0,0.06008997902328437,0.5029605702619321,0.28152527464260824
surface_null,"gabc:P-BRad Pastas 081, Ar",0,0.003697737992241066,0.8022952720529061,0.40299650502257356
surface_null,"gabc:P-BRad Pastas 081, Ar",0,0.0005436113263832805,0.6668547652828397,0.3336991883046115
surface_null,"gabc:P-BRad Pastas 081, Ar",0,0.004681557269243419,0.2530498493080362,0.1288657032886398
surface_null,"gabc:P-BRad Pastas 081, Ar",0,0.01660721594483507,0.6265414728747164,0.3215743444097757
surface_null,"gabc:P-BRad Pastas 081, Ar",0,0.044845387516248926,0.866223795527389,0.45553459152181897
surface_null,"gabc:P-BRad Pastas 081, Ar",0,0.06658857466590318,0.7402001034466202,0.4033943390562617
neume_aquitanian,"gabc:P-BRad Pastas 244, Ar",1,0.9998325397518335,0.8016995818129338,0.9007660607823836
neume_aquitanian,"gabc:P-BRad Pastas 244, Ar",1,0.9999273771767587,0.9192517832177042,0.9595895801972314
language_or_substitution,"gabc:P-BRad Pastas 244, Ar",0,2.1874059740935378e-05,0.013994615758421756,0.007008244909081346
language_or_substitution,"gabc:P-BRad Pastas 244, Ar",0,6.276412697646711e-05,0.00039907701497950555,0.00023092057097798632
language_or_substitution,"gabc:P-BRad Pastas 244, Ar",0,2.1874059740935378e-05,0.013994615758421756,0.007008244909081346
language_or_substitution,"gabc:P-BRad Pastas 244, Ar",0,6.276412697646711e-05,0.00039907701497950555,0.00023092057097798632
surface_null,"gabc:P-BRad Pastas 244, Ar",0,0.37523658703386226,0.3314715003631962,0.35335404369852924
surface_null,"gabc:P-BRad Pastas 244, Ar",0,0.1302424707516548,0.17519907310944802,0.1527207719305514
surface_null,"gabc:P-BRad Pastas 244, Ar",0,0.5241900204646539,0.8363752175906233,0.6802826190276385
surface_null,"gabc:P-BRad Pastas 244, Ar",0,0.15535130869500083,0.8865259428421699,0.5209386257685854
neume_aquitanian,"gabc:P-BRam Nº 010 Códices, Ar",1,0.049559154996421974,0.21356527583953616,0.13156221541797908
neume_aquitanian,"gabc:P-BRam Nº 010 Códices, Ar",1,0.007360781893900822,0.09115251420851139,0.04925664805120611
neume_aquitanian,"gabc:P-BRam Nº 010 Códices, Ar",1,0.014949430363525142,0.1326063890355278,0.07377790969952647
language_or_substitution,"gabc:P-BRam Nº 010 Códices, Ar",0,5.113789347252113e-06,3.4332989647734472e-06,4.27354415601278e-06
language_or_substitution,"gabc:P-BRam Nº 010 Códices, Ar",0,8.26639737148923e-07,0.0008010770280915748,0.00040095183391436186
language_or_substitution,"gabc:P-BRam Nº 010 Códices, Ar",0,1.309261013229335e-06,3.4332989647734472e-06,2.371279989001391e-06
language_or_substitution,"gabc:P-BRam Nº 010 Códices, Ar",0,5.113789347252113e-06,3.4332989647734472e-06,4.27354415601278e-06
language_or_substitution,"gabc:P-BRam Nº 010 Códices, Ar",0,8.26639737148923e-07,0.0008010770280915748,0.00040095183391436186
language_or_substitution,"gabc:P-BRam Nº 010 Códices, Ar",0,1.309261013229335e-06,3.4332989647734472e-06,2.371279989001391e-06
surface_null,"gabc:P-BRam Nº 010 Códices, Ar",0,5.652955688685304e-06,0.017639871228131373,0.00882276209191003
surface_null,"gabc:P-BRam Nº 010 Códices, Ar",0,9.492419680870855e-05,0.023218673690126253,0.01165679894346748
surface_null,"gabc:P-BRam Nº 010 Códices, Ar",0,7.8258009767485e-05,0.022070310114347673,0.01107428406205758
surface_null,"gabc:P-BRam Nº 010 Códices, Ar",0,0.01660212700835741,0.20099852437982257,0.10880032569409
surface_null,"gabc:P-BRam Nº 010 Códices, Ar",0,0.005029975397906169,0.13236560566197156,0.06869779052993887
surface_null,"gabc:P-BRam Nº 010 Códices, Ar",0,0.11041241040432792,0.1465704124030171,0.1284914114036725
neume_aquitanian,"gabc:P-G C 1152, Av",1,0.41015542338464644,0.4693029125367451,0.4397291679606958
neume_aquitanian,"gabc:P-G C 1152, Av",1,0.7521218723542848,0.5104519307686084,0.6312869015614466
language_or_substitution,"gabc:P-G C 1152, Av",0,5.947887244268575e-05,9.253760203306496e-07,3.02021242315082e-05
language_or_substitution,"gabc:P-G C 1152, Av",0,0.00018656019662754842,9.253760203306496e-07,9.374278632393954e-05
language_or_substitution,"gabc:P-G C 1152, Av",0,5.947887244268575e-05,9.253760203306496e-07,3.02021242315082e-05
language_or_substitution,"gabc:P-G C 1152, Av",0,0.00018656019662754842,9.253760203306496e-07,9.374278632393954e-05
surface_null,"gabc:P-G C 1152, Av",0,0.003957086007618127,0.026187944384702233,0.01507251519616018
surface_null,"gabc:P-G C 1152, Av",0,0.0004745239797329224,0.021006909503142348,0.010740716741437634
surface_null,"gabc:P-G C 1152, Av",0,0.0031379985142516694,0.06858164162244786,0.035859820068349764
surface_null,"gabc:P-G C 1152, Av",0,0.0036030290244667904,0.1366941880994321,0.07014860856194945
neume_aquitanian,"gabc:P-G N 328, Av",1,0.7829644428645451,0.626003502895752,0.7044839728801486
neume_aquitanian,"gabc:P-G N 328, Av",1,0.9474396190972258,0.6484081684760314,0.7979238937866286
neume_aquitanian,"gabc:P-G N 328, Av",1,0.8200630105746339,0.43111004047111723,0.6255865255228756
neume_aquitanian,"gabc:P-G N 328, Av",1,0.242859652787363,0.5251564587880294,0.3840080557876962
language_or_substitution,"gabc:P-G N 328, Av",0,5.097774712174895e-07,0.0,2.5488873560874473e-07
language_or_substitution,"gabc:P-G N 328, Av",0,7.853873498461532e-05,0.006125987430767389,0.003102263082876002
language_or_substitution,"gabc:P-G N 328, Av",0,0.000443080345516422,0.001985850509668946,0.001214465427592684
language_or_substitution,"gabc:P-G N 328, Av",0,7.407214032218965e-05,0.00229477011629939,0.00118442112831079
language_or_substitution,"gabc:P-G N 328, Av",0,5.097774712174895e-07,0.0,2.5488873560874473e-07
language_or_substitution,"gabc:P-G N 328, Av",0,7.853873498461532e-05,0.006125987430767389,0.003102263082876002
language_or_substitution,"gabc:P-G N 328, Av",0,0.000443080345516422,0.001985850509668946,0.001214465427592684
language_or_substitution,"gabc:P-G N 328, Av",0,7.407214032218965e-05,0.00229477011629939,0.00118442112831079
surface_null,"gabc:P-G N 328, Av",0,0.0020726679456339555,0.08980599071979684,0.0459393293327154
surface_null,"gabc:P-G N 328, Av",0,0.015267990838696368,0.10618747612438498,0.060727733481540674
surface_null,"gabc:P-G N 328, Av",0,0.035353480697802274,0.6055914975399153,0.3204724891188588
surface_null,"gabc:P-G N 328, Av",0,0.030364298591935682,0.5002509321437526,0.26530761536784414
surface_null,"gabc:P-G N 328, Av",0,0.7583500173753975,0.6530189153038755,0.7056844663396364
surface_null,"gabc:P-G N 328, Av",0,0.3518254535004394,0.5570265028959808,0.45442597819821007
surface_null,"gabc:P-G N 328, Av",0,0.026661641560828186,0.3960994532469046,0.2113805474038664
surface_null,"gabc:P-G N 328, Av",0,0.01679198910254895,0.19386430560660703,0.10532814735457799
neume_square,"gabc:P-BRs Ms. 028, 105v",1,0.966060038349831,0.5191722302809698,0.7426161343154004
neume_square,"gabc:P-BRs Ms. 028, 105v",1,0.8065282543476903,0.6870837190774984,0.7468059867125943
neume_square,"gabc:P-BRs Ms. 028, 105v",1,0.9077966220599919,0.836460419642461,0.8721285208512264
neume_square,"gabc:P-BRs Ms. 028, 105v",1,0.9869241227610763,0.942655343565756,0.9647897331634161
language_or_substitution,"gabc:P-BRs Ms. 028, 105v",0,7.651292051626664e-06,3.4332989647734472e-06,5.542295508200055e-06
language_or_substitution,"gabc:P-BRs Ms. 028, 105v",0,3.1169635402574285e-05,3.4332989647734472e-06,1.7301467183673867e-05
language_or_substitution,"gabc:P-BRs Ms. 028, 105v",0,2.4682941645304928e-05,3.4332989647734472e-06,1.4058120305039188e-05
language_or_substitution,"gabc:P-BRs Ms. 028, 105v",0,1.5195337918482166e-05,3.4332989647734472e-06,9.314318441627807e-06
language_or_substitution,"gabc:P-BRs Ms. 028, 105v",0,7.651292051626664e-06,3.4332989647734472e-06,5.542295508200055e-06
language_or_substitution,"gabc:P-BRs Ms. 028, 105v",0,3.1169635402574285e-05,3.4332989647734472e-06,1.7301467183673867e-05
language_or_substitution,"gabc:P-BRs Ms. 028, 105v",0,2.4682941645304928e-05,3.4332989647734472e-06,1.4058120305039188e-05
language_or_substitution,"gabc:P-BRs Ms. 028, 105v",0,1.5195337918482166e-05,3.4332989647734472e-06,9.314318441627807e-06
surface_null,"gabc:P-BRs Ms. 028, 105v",0,6.851292973403604e-05,0.02481261858124899,0.012440565755491514
surface_null,"gabc:P-BRs Ms. 028, 105v",0,5.917881138111746e-05,0.010373659589003015,0.005216419200192066
surface_null,"gabc:P-BRs Ms. 028, 105v",0,1.565857286705213e-05,0.004401275933739458,0.002208467253303255
surface_null,"gabc:P-BRs Ms. 028, 105v",0,1.0429317129605612e-05,0.007375883334285465,0.0036931563257075356
surface_null,"gabc:P-BRs Ms. 028, 105v",0,4.651178836482498e-05,0.0177144529885269,0.008880482388445863
surface_null,"gabc:P-BRs Ms. 028, 105v",0,0.010274537307759027,0.16192939674101137,0.08610196702438519
surface_null,"gabc:P-BRs Ms. 028, 105v",0,0.000245470388995799,0.10372906582739105,0.05198726810819343
surface_null,"gabc:P-BRs Ms. 028, 105v",0,0.0002563231814327319,0.05081986292039146,0.025538093050912095
neume_square,"gabc:P-BRs Ms. 028, 18r",1,0.9864522502785605,0.6799898768417185,0.8332210635601396
neume_square,"gabc:P-BRs Ms. 028, 18r",1,0.9205922939689641,0.8586711455884212,0.8896317197786927
neume_square,"gabc:P-BRs Ms. 028, 18r",1,0.9119203252513222,0.8175553512600393,0.8647378382556807
neume_square,"gabc:P-BRs Ms. 028, 18r",1,0.9866613229094235,0.9186360790565371,0.9526487009829803
language_or_substitution,"gabc:P-BRs Ms. 028, 18r",0,8.196785910787657e-06,9.253760203306496e-07,4.561080965559153e-06
language_or_substitution,"gabc:P-BRs Ms. 028, 18r",0,3.212809700375648e-05,9.253760203306496e-07,1.6526736512043567e-05
language_or_substitution,"gabc:P-BRs Ms. 028, 18r",0,2.4360901942793192e-05,9.253760203306496e-07,1.264313898156192e-05
language_or_substitution,"gabc:P-BRs Ms. 028, 18r",0,1.9352448957018474e-05,9.253760203306496e-07,1.0138912488674561e-05
language_or_substitution,"gabc:P-BRs Ms. 028, 18r",0,8.196785910787657e-06,9.253760203306496e-07,4.561080965559153e-06
language_or_substitution,"gabc:P-BRs Ms. 028, 18r",0,3.212809700375648e-05,9.253760203306496e-07,1.6526736512043567e-05
language_or_substitution,"gabc:P-BRs Ms. 028, 18r",0,2.4360901942793192e-05,9.253760203306496e-07,1.264313898156192e-05
language_or_substitution,"gabc:P-BRs Ms. 028, 18r",0,1.9352448957018474e-05,9.253760203306496e-07,1.0138912488674561e-05
surface_null,"gabc:P-BRs Ms. 028, 18r",0,0.0005430451293841238,0.005660428091867545,0.0031017366106258345
surface_null,"gabc:P-BRs Ms. 028, 18r",0,0.0008208873788294072,0.018509868635675764,0.009665378007252586
surface_null,"gabc:P-BRs Ms. 028, 18r",0,0.0026579366622066286,0.050538151218267546,0.026598043940237088
surface_null,"gabc:P-BRs Ms. 028, 18r",0,0.0008481793494163809,0.0016961467566089818,0.0012721630530126813
surface_null,"gabc:P-BRs Ms. 028, 18r",0,0.0012644819293163773,0.055712811347149935,0.028488646638233157
surface_null,"gabc:P-BRs Ms. 028, 18r",0,0.00026754037535039386,0.11370720796973705,0.05698737417254372
surface_null,"gabc:P-BRs Ms. 028, 18r",0,0.0020122698677186765,0.08958558712004576,0.045798928493882216
surface_null,"gabc:P-BRs Ms. 028, 18r",0,0.0016032413307191483,0.2800272773510574,0.1408152593408883
neume_square,"gabc:P-BRs Ms. 028, 94r",1,0.5644145117987426,0.25188419578297333,0.4081493537908579
neume_square,"gabc:P-BRs Ms. 028, 94r",1,0.8872957762489256,0.6259905776869967,0.7566431769679611
language_or_substitution,"gabc:P-BRs Ms. 028, 94r",0,4.830894993617851e-05,3.4332989647734472e-06,2.587112445047598e-05
language_or_substitution,"gabc:P-BRs Ms. 028, 94r",0,0.00015299386582573715,3.4332989647734472e-06,7.821358239525529e-05
language_or_substitution,"gabc:P-BRs Ms. 028, 94r",0,4.830894993617851e-05,3.4332989647734472e-06,2.587112445047598e-05
language_or_substitution,"gabc:P-BRs Ms. 028, 94r",0,0.00015299386582573715,3.4332989647734472e-06,7.821358239525529e-05
surface_null,"gabc:P-BRs Ms. 028, 94r",0,1.3420084142660747e-05,0.006796723709894953,0.003405071897018807
surface_null,"gabc:P-BRs Ms. 028, 94r",0,1.943498581297254e-06,0.002352649606086437,0.0011772965523338672
surface_null,"gabc:P-BRs Ms. 028, 94r",0,0.0003296165057084827,0.04288195099623044,0.02160578375096946
surface_null,"gabc:P-BRs Ms. 028, 94r",0,4.2494745065076004e-05,0.030590662799942492,0.015316578772503784
neume_square,"gabc:P-BRs Ms. 032, 113v",1,0.9466649344429604,0.436361926364982,0.6915134304039712
neume_square,"gabc:P-BRs Ms. 032, 113v",1,0.9910656425392962,0.5543681431638228,0.7727168928515595
language_or_substitution,"gabc:P-BRs Ms. 032, 113v",0,7.889263986075698e-05,0.001587791279179309,0.000833341959520033
language_or_substitution,"gabc:P-BRs Ms. 032, 113v",0,0.00027083661233060055,0.000583337905180701,0.00042708725875565073
language_or_substitution,"gabc:P-BRs Ms. 032, 113v",0,7.889263986075698e-05,0.001587791279179309,0.000833341959520033
language_or_substitution,"gabc:P-BRs Ms. 032, 113v",0,0.00027083661233060055,0.000583337905180701,0.00042708725875565073
surface_null,"gabc:P-BRs Ms. 032, 113v",0,0.0010010874999411478,0.07263973606428958,0.03682041178211536
surface_null,"gabc:P-BRs Ms. 032, 113v",0,0.0007277333456092373,0.05364391656156924,0.02718582495358924
surface_null,"gabc:P-BRs Ms. 032, 113v",0,0.10869893343457859,0.48721139969384186,0.2979551665642102
surface_null,"gabc:P-BRs Ms. 032, 113v",0,0.18360190943099242,0.4267780594857949,0.3051899844583936
neume_square,"gabc:P-BRs Ms. 032, 114r",1,0.5136136581913048,0.6679084428730225,0.5907610505321637
neume_square,"gabc:P-BRs Ms. 032, 114r",1,0.4443220492620716,0.3867666515389585,0.4155443504005151
language_or_substitution,"gabc:P-BRs Ms. 032, 114r",0,1.3256194334779919e-06,0.0020034332989647737,0.0010023794591991258
language_or_substitution,"gabc:P-BRs Ms. 032, 114r",0,4.645179484910803e-05,0.00018813111101642334,0.00011729145293276569
language_or_substitution,"gabc:P-BRs Ms. 032, 114r",0,1.3256194334779919e-06,0.0020034332989647737,0.0010023794591991258
language_or_substitution,"gabc:P-BRs Ms. 032, 114r",0,4.645179484910803e-05,0.00018813111101642334,0.00011729145293276569
surface_null,"gabc:P-BRs Ms. 032, 114r",0,0.08347682819037307,0.4196495256918812,0.2515631769411271
surface_null,"gabc:P-BRs Ms. 032, 114r",0,0.007925999823718005,0.34685921053605084,0.17739260517988442
surface_null,"gabc:P-BRs Ms. 032, 114r",0,0.02738507800256721,0.48959764783290893,0.25849136291773805
surface_null,"gabc:P-BRs Ms. 032, 114r",0,0.08039671042099558,0.36933280433896926,0.2248647573799824
neume_square,"gabc:P-BRs Ms. 032, 116r",1,0.5024947830654736,0.5086375206981839,0.5055661518818287
neume_square,"gabc:P-BRs Ms. 032, 116r",1,0.24320261608541796,0.529107999340698,0.38615530771305795
language_or_substitution,"gabc:P-BRs Ms. 032, 116r",0,5.097774712174895e-07,0.0,2.5488873560874473e-07
language_or_substitution,"gabc:P-BRs Ms. 032, 116r",0,1.3347693342779545e-06,0.00025296442687747033,0.00012714959810587414
language_or_substitution,"gabc:P-BRs Ms. 032, 116r",0,5.097774712174895e-07,0.0,2.5488873560874473e-07
language_or_substitution,"gabc:P-BRs Ms. 032, 116r",0,1.3347693342779545e-06,0.00025296442687747033,0.00012714959810587414
surface_null,"gabc:P-BRs Ms. 032, 116r",0,0.00489983852279679,0.2952412724091999,0.15007055546599835
surface_null,"gabc:P-BRs Ms. 032, 116r",0,0.01807633456126195,0.30316679054954326,0.1606215625554026
surface_null,"gabc:P-BRs Ms. 032, 116r",0,0.3798638579710653,0.6959413936539073,0.5379026258124863
surface_null,"gabc:P-BRs Ms. 032, 116r",0,0.4787501990310472,0.6906781221337781,0.5847141605824127
neume_square,"gabc:P-BRs Ms. 032, 116v",1,0.9989354862766716,0.7926947600450419,0.8958151231608568
neume_square,"gabc:P-BRs Ms. 032, 116v",1,0.9988712442717305,0.7507240610823063,0.8747976526770184
language_or_substitution,"gabc:P-BRs Ms. 032, 116v",0,0.0003721197153484805,0.0,0.00018605985767424025
language_or_substitution,"gabc:P-BRs Ms. 032, 116v",0,0.00016986952070885346,0.00022352233029786038,0.00019669592550335694
language_or_substitution,"gabc:P-BRs Ms. 032, 116v",0,0.0003721197153484805,0.0,0.00018605985767424025
language_or_substitution,"gabc:P-BRs Ms. 032, 116v",0,0.00016986952070885346,0.00022352233029786038,0.00019669592550335694
surface_null,"gabc:P-BRs Ms. 032, 116v",0,0.0010412026123745755,0.09256512402496032,0.04680316331866745
surface_null,"gabc:P-BRs Ms. 032, 116v",0,0.0008285890765347055,0.15532705201147654,0.07807782054400562
surface_null,"gabc:P-BRs Ms. 032, 116v",0,0.6701604319805197,0.7122152444427434,0.6911878382116315
surface_null,"gabc:P-BRs Ms. 032, 116v",0,0.5352095918429162,0.627934194935543,0.5815718933892295
neume_square,"gabc:P-BRs Ms. 032, 301r",1,0.013446866963252818,0.3135334909501063,0.16349017895667955
neume_square,"gabc:P-BRs Ms. 032, 301r",1,0.26373979891203747,0.2480725085587399,0.2559061537353887
neume_square,"gabc:P-BRs Ms. 032, 301r",1,0.4021928883026162,0.5129544930902386,0.4575736906964274
language_or_substitution,"gabc:P-BRs Ms. 032, 301r",0,2.5776972090537293e-05,7.947699012947057e-06,1.6862335551742176e-05
language_or_substitution,"gabc:P-BRs Ms. 032, 301r",0,4.2864507606708345e-06,0.0,2.1432253803354172e-06
language_or_substitution,"gabc:P-BRs Ms. 032, 301r",0,8.398075090463098e-06,0.0,4.199037545231549e-06
language_or_substitution,"gabc:P-BRs Ms. 032, 301r",0,2.5776972090537293e-05,7.947699012947057e-06,1.6862335551742176e-05
language_or_substitution,"gabc:P-BRs Ms. 032, 301r",0,4.2864507606708345e-06,0.0,2.1432253803354172e-06
language_or_substitution,"gabc:P-BRs Ms. 032, 301r",0,8.398075090463098e-06,0.0,4.199037545231549e-06
surface_null,"gabc:P-BRs Ms. 032, 301r",0,1.2507939427227143e-05,0.014045573832885324,0.007029040886156275
surface_null,"gabc:P-BRs Ms. 032, 301r",0,0.00041384275464457246,0.024741994981739648,0.01257791886819211
surface_null,"gabc:P-BRs Ms. 032, 301r",0,0.00030264296111165683,0.035524869173111706,0.01791375606711168
surface_null,"gabc:P-BRs Ms. 032, 301r",0,0.002486176490257563,0.24426393568290405,0.12337505608658081
surface_null,"gabc:P-BRs Ms. 032, 301r",0,0.0016446928382276526,0.18145837830067582,0.09155153556945174
surface_null,"gabc:P-BRs Ms. 032, 301r",0,0.008057352181289026,0.16340151654938778,0.0857294343653384
neume_square,"gabc:P-BRs Ms. 032, 306r",1,0.9980198092373197,0.8276067491746606,0.9128132792059902
neume_square,"gabc:P-BRs Ms. 032, 306r",1,0.9994820085731454,0.9440232332215435,0.9717526208973444
language_or_substitution,"gabc:P-BRs Ms. 032, 306r",0,2.2275687735128655e-05,0.015118305788654304,0.007570290738194716
language_or_substitution,"gabc:P-BRs Ms. 032, 306r",0,4.233150760400887e-05,0.006046200677349281,0.0030442660924766447
language_or_substitution,"gabc:P-BRs Ms. 032, 306r",0,2.2275687735128655e-05,0.015118305788654304,0.007570290738194716
language_or_substitution,"gabc:P-BRs Ms. 032, 306r",0,4.233150760400887e-05,0.006046200677349281,0.0030442660924766447
surface_null,"gabc:P-BRs Ms. 032, 306r",0,0.0013477708228765855,0.14071163334168443,0.07102970208228052
surface_null,"gabc:P-BRs Ms. 032, 306r",0,0.0019368624299269989,0.18460279255995818,0.09326982749494259
surface_null,"gabc:P-BRs Ms. 032, 306r",0,0.5955720445102847,0.8214581903059895,0.7085151174081371
surface_null,"gabc:P-BRs Ms. 032, 306r",0,0.34223569892654615,0.5877897114686066,0.46501270519757637
neume_square,"gabc:P-BRs Ms. 034, 023",1,0.6001589882067404,0.713856395540029,0.6570076918733847
neume_square,"gabc:P-BRs Ms. 034, 023",1,0.9040018799159444,0.5238813976748937,0.713941638795419
language_or_substitution,"gabc:P-BRs Ms. 034, 023",0,4.717871450495969e-05,4.086441114751687e-06,2.5632577809855688e-05
language_or_substitution,"gabc:P-BRs Ms. 034, 023",0,2.249612008178942e-05,4.086441114751687e-06,1.3291280598270554e-05
language_or_substitution,"gabc:P-BRs Ms. 034, 023",0,4.717871450495969e-05,4.086441114751687e-06,2.5632577809855688e-05
language_or_substitution,"gabc:P-BRs Ms. 034, 023",0,2.249612008178942e-05,4.086441114751687e-06,1.3291280598270554e-05
surface_null,"gabc:P-BRs Ms. 034, 023",0,3.292157326285384e-05,0.00036013290114785744,0.00019652723720535564
surface_null,"gabc:P-BRs Ms. 034, 023",0,0.0001446935438738089,0.001775014724845813,0.0009598541343598109
surface_null,"gabc:P-BRs Ms. 034, 023",0,0.0037481615123433447,0.04877751532682829,0.026262838419585814
surface_null,"gabc:P-BRs Ms. 034, 023",0,0.008182293319155964,0.04322047627809774,0.025701384798626853
neume_square,"gabc:P-BRs Ms. 034, 027",1,0.9591027425375401,0.4966689828252884,0.7278858626814142
neume_square,"gabc:P-BRs Ms. 034, 027",1,0.18766652436996709,0.161962562292325,0.17481454333114604
language_or_substitution,"gabc:P-BRs Ms. 034, 027",0,0.0007817997690914237,0.006093661893284189,0.0034377308311878065
language_or_substitution,"gabc:P-BRs Ms. 034, 027",0,7.549084157539565e-06,0.0010886618741840555,0.0005481054791707976
language_or_substitution,"gabc:P-BRs Ms. 034, 027",0,0.0007817997690914237,0.006093661893284189,0.0034377308311878065
language_or_substitution,"gabc:P-BRs Ms. 034, 027",0,7.549084157539565e-06,0.0010886618741840555,0.0005481054791707976
surface_null,"gabc:P-BRs Ms. 034, 027",0,0.0004584073977917951,0.0027487586301467087,0.001603583013969252
surface_null,"gabc:P-BRs Ms. 034, 027",0,0.0016668486766763671,0.011681344589379864,0.006674096633028115
surface_null,"gabc:P-BRs Ms. 034, 027",0,7.946517966700329e-05,0.01814270524769122,0.009111085213679112
surface_null,"gabc:P-BRs Ms. 034, 027",0,0.00021743603304740425,0.006290353683716265,0.0032538948583818346
neume_square,"gabc:P-BRs Ms. 034, 083",1,0.8981104874592791,0.7852013366833004,0.8416559120712898
neume_square,"gabc:P-BRs Ms. 034, 083",1,0.995023061174034,0.6395139207045282,0.8172684909392811
language_or_substitution,"gabc:P-BRs Ms. 034, 083",0,2.8976369494268535e-06,0.0,1.4488184747134267e-06
language_or_substitution,"gabc:P-BRs Ms. 034, 083",0,4.932042926525859e-05,0.0,2.4660214632629294e-05
language_or_substitution,"gabc:P-BRs Ms. 034, 083",0,2.8976369494268535e-06,0.0,1.4488184747134267e-06
language_or_substitution,"gabc:P-BRs Ms. 034, 083",0,4.932042926525859e-05,0.0,2.4660214632629294e-05
surface_null,"gabc:P-BRs Ms. 034, 083",0,1.9317037356978447e-05,0.03009477923991775,0.015057048138637365
surface_null,"gabc:P-BRs Ms. 034, 083",0,4.095437373478555e-05,0.001731094317911909,0.0008860243458233472
surface_null,"gabc:P-BRs Ms. 034, 083",0,0.011407839036863848,0.22715382751124502,0.11928083327405443
surface_null,"gabc:P-BRs Ms. 034, 083",0,0.03823866777210551,0.17183030218987913,0.10503448498099233
neume_square,"gabc:P-BRs Ms. 034, 123",1,0.9460439300577462,0.6508977974323956,0.7984708637450709
neume_square,"gabc:P-BRs Ms. 034, 123",1,0.8689725653453558,0.36515086135929636,0.6170617133523261
language_or_substitution,"gabc:P-BRs Ms. 034, 123",0,1.0284651076302492e-05,3.4332989647734472e-06,6.85897502053797e-06
language_or_substitution,"gabc:P-BRs Ms. 034, 123",0,0.00029493091925211334,0.0005072287119928454,0.00040107981562247937
language_or_substitution,"gabc:P-BRs Ms. 034, 123",0,1.0284651076302492e-05,3.4332989647734472e-06,6.85897502053797e-06
language_or_substitution,"gabc:P-BRs Ms. 034, 123",0,0.00029493091925211334,0.0005072287119928454,0.00040107981562247937
surface_null,"gabc:P-BRs Ms. 034, 123",0,0.0013548346889931653,0.08281605932290319,0.04208544700594818
surface_null,"gabc:P-BRs Ms. 034, 123",0,0.004457941755689367,0.03555661465123061,0.02000727820345999
surface_null,"gabc:P-BRs Ms. 034, 123",0,0.0013381449616410694,0.13140944500857565,0.06637379498510836
surface_null,"gabc:P-BRs Ms. 034, 123",0,0.00029228727860974835,0.05320510509680522,0.026748696187707484
neume_square,"gabc:P-BRs Ms. 034, 278",1,0.9956783592374318,0.6557479452100128,0.8257131522237222
neume_square,"gabc:P-BRs Ms. 034, 278",1,0.9700313419389508,0.8484949666122823,0.9092631542756165
neume_square,"gabc:P-BRs Ms. 034, 278",1,0.8810739769377645,0.7629236888958693,0.8219988329168169
neume_square,"gabc:P-BRs Ms. 034, 278",1,0.9941848736078349,0.878861141177073,0.936523007392454
language_or_substitution,"gabc:P-BRs Ms. 034, 278",0,1.2180542398809444e-05,0.0,6.090271199404722e-06
language_or_substitution,"gabc:P-BRs Ms. 034, 278",0,5.142585799491976e-05,0.0,2.571292899745988e-05
language_or_substitution,"gabc:P-BRs Ms. 034, 278",0,4.420730146119453e-05,0.0,2.2103650730597264e-05
language_or_substitution,"gabc:P-BRs Ms. 034, 278",0,3.804404962017563e-05,0.0,1.9022024810087814e-05
language_or_substitution,"gabc:P-BRs Ms. 034, 278",0,1.2180542398809444e-05,0.0,6.090271199404722e-06
language_or_substitution,"gabc:P-BRs Ms. 034, 278",0,5.142585799491976e-05,0.0,2.571292899745988e-05
language_or_substitution,"gabc:P-BRs Ms. 034, 278",0,4.420730146119453e-05,0.0,2.2103650730597264e-05
language_or_substitution,"gabc:P-BRs Ms. 034, 278",0,3.804404962017563e-05,0.0,1.9022024810087814e-05
surface_null,"gabc:P-BRs Ms. 034, 278",0,0.00015403924469549693,0.007134135503252736,0.0036440873739741167
surface_null,"gabc:P-BRs Ms. 034, 278",0,0.00036766975869100606,0.0046241194778838795,0.0024958946182874427
surface_null,"gabc:P-BRs Ms. 034, 278",0,0.0010540241813486628,0.001991754483537822,0.0015228893324432423
surface_null,"gabc:P-BRs Ms. 034, 278",0,5.923725559901375e-05,0.0010015640133350177,0.0005304006344670157
surface_null,"gabc:P-BRs Ms. 034, 278",0,0.0008719004775630884,0.03496510812335428,0.017918504300458684
surface_null,"gabc:P-BRs Ms. 034, 278",0,0.016483018364367878,0.3935429112509007,0.20501296480763428
surface_null,"gabc:P-BRs Ms. 034, 278",0,0.0015501252808580764,0.06989150202527708,0.035720813653067576
surface_null,"gabc:P-BRs Ms. 034, 278",0,0.007815092749507894,0.08511747032907686,0.04646628153929238
neume_square,"gabc:P-BRs Ms. 034, 344",1,0.9999277645795472,0.803383339192627,0.9016555518860871
neume_square,"gabc:P-BRs Ms. 034, 344",1,0.98971455369398,0.4886447104864986,0.7391796320902393
neume_square,"gabc:P-BRs Ms. 034, 344",1,0.42491585797440357,0.5350653989911175,0.47999062848276053
language_or_substitution,"gabc:P-BRs Ms. 034, 344",0,0.0003863376288850266,0.084300356416789,0.04234334702283701
language_or_substitution,"gabc:P-BRs Ms. 034, 344",0,0.0005511684849003609,0.010181176820436994,0.0053661726526686776
language_or_substitution,"gabc:P-BRs Ms. 034, 344",0,5.590212315786398e-06,0.0,2.795106157893199e-06
language_or_substitution,"gabc:P-BRs Ms. 034, 344",0,0.0003863376288850266,0.084300356416789,0.04234334702283701
language_or_substitution,"gabc:P-BRs Ms. 034, 344",0,0.0005511684849003609,0.010181176820436994,0.0053661726526686776
language_or_substitution,"gabc:P-BRs Ms. 034, 344",0,5.590212315786398e-06,0.0,2.795106157893199e-06
surface_null,"gabc:P-BRs Ms. 034, 344",0,6.17476283089042e-06,0.004620895545203185,0.002313535154017038
surface_null,"gabc:P-BRs Ms. 034, 344",0,2.8481575073706005e-05,0.00412580346874664,0.002077142521910173
surface_null,"gabc:P-BRs Ms. 034, 344",0,8.086112165579928e-05,0.08405192012400299,0.042066390622829394
surface_null,"gabc:P-BRs Ms. 034, 344",0,0.04096086332285803,0.1294653546565702,0.08521310898971411
surface_null,"gabc:P-BRs Ms. 034, 344",0,0.09752564789416497,0.2258228288910014,0.16167423839258319
surface_null,"gabc:P-BRs Ms. 034, 344",0,0.01340244395570032,0.19586543197584455,0.10463393796577243
language_or_substitution,gabc:siglum,0,0.9978176105220483,0.7930897468685909,0.8954536786953196
language_or_substitution,gabc:siglum,0,0.02860231629676982,0.0025396141095913602,0.01557096520318059
language_or_substitution,gabc:siglum,0,0.014609564150167904,0.10421674454625256,0.059413154348210234
language_or_substitution,gabc:siglum,0,0.8052781475217026,0.4164039515720086,0.6108410495468556
language_or_substitution,gabc:siglum,0,0.7468405961350638,0.5671294811587766,0.6569850386469203
language_or_substitution,gabc:siglum,0,0.8919342401382262,0.5669850023005689,0.7294596212193976
language_or_substitution,gabc:siglum,0,0.9978176105220483,0.7930897468685909,0.8954536786953196
language_or_substitution,gabc:siglum,0,0.02860231629676982,0.0025396141095913602,0.01557096520318059
language_or_substitution,gabc:siglum,0,0.014609564150167904,0.10421674454625256,0.059413154348210234
language_or_substitution,gabc:siglum,0,0.8052781475217026,0.4164039515720086,0.6108410495468556
language_or_substitution,gabc:siglum,0,0.7468405961350638,0.5671294811587766,0.6569850386469203
language_or_substitution,gabc:siglum,0,0.8919342401382262,0.5669850023005689,0.7294596212193976
surface_null,gabc:siglum,0,4.258549954107731e-05,0.0026099474196369563,0.0013262664595890168
surface_null,gabc:siglum,0,0.00015955334096064852,0.0131403666339556,0.006649959987458124
surface_null,gabc:siglum,0,0.0031630059270587453,0.05760777079363461,0.03038538836034668
surface_null,gabc:siglum,0,0.0013525669030618251,0.004285876278985661,0.002819221591023743
surface_null,gabc:siglum,0,2.5615123396838616e-05,0.017961370942709175,0.008993493033053006
surface_null,gabc:siglum,0,0.0018638354812393204,0.03264859319712523,0.017256214339182275
surface_null,gabc:siglum,0,0.04358539216673921,0.026070550128278133,0.03482797114750867
surface_null,gabc:siglum,0,0.0010392874775440424,0.02334190743653087,0.012190597457037456
surface_null,gabc:siglum,0,0.02054657422481434,0.06200941412317913,0.04127799417399673
surface_null,gabc:siglum,0,0.00645085434969227,0.029896478404418565,0.018173666377055416
surface_null,gabc:siglum,0,0.09988491609334024,0.07134049141713918,0.08561270375523972
surface_null,gabc:siglum,0,0.05635328079010875,0.10305148959269221,0.07970238519140048
