family,group,y,logistic,forest,ensemble
organ_tablature,ammerbach_bookA,1,0.9999999820862159,1.0,0.9999999910431079
organ_tablature,ammerbach_bookA,1,0.9999999939280997,1.0,0.9999999969640498
organ_tablature,ammerbach_bookA,1,0.9999999902521778,1.0,0.999999995126089
organ_tablature,ammerbach_bookA,1,0.9999999583447474,1.0,0.9999999791723737
organ_tablature,ammerbach_bookA,1,0.9999999784647795,0.9983150074294205,0.9991574929471
organ_tablature,ammerbach_bookA,1,0.9999999986345229,1.0,0.9999999993172615
organ_tablature,ammerbach_bookA,1,0.9999999832687273,1.0,0.9999999916343636
organ_tablature,ammerbach_bookA,1,0.9999990787417333,1.0,0.9999995393708667
organ_tablature,ammerbach_bookA,1,0.9999992743114571,0.9967923452428438,0.9983958097771504
organ_tablature,ammerbach_bookA,1,0.999971359252713,1.0,0.9999856796263564
organ_tablature,ammerbach_bookA,1,0.999999800878728,1.0,0.999999900439364
organ_tablature,ammerbach_bookA,1,0.9999977213783641,1.0,0.9999988606891821
organ_tablature,ammerbach_bookA,1,0.9999999091783447,1.0,0.9999999545891723
organ_tablature,ammerbach_bookA,1,0.9999999921849799,1.0,0.9999999960924899
organ_tablature,ammerbach_bookA,1,0.999999934170475,1.0,0.9999999670852375
organ_tablature,ammerbach_bookA,1,0.9999999962492756,1.0,0.9999999981246378
organ_tablature,ammerbach_bookA,1,0.9999999490412105,1.0,0.9999999745206052
organ_tablature,ammerbach_bookA,1,0.9999990644328991,1.0,0.9999995322164495
organ_tablature,ammerbach_bookA,1,0.9999952766018156,1.0,0.9999976383009078
organ_tablature,ammerbach_bookA,1,0.9999999957716066,1.0,0.9999999978858033
organ_tablature,ammerbach_bookA,1,0.9999999921870221,1.0,0.9999999960935111
organ_tablature,ammerbach_bookA,1,0.9999999772435545,1.0,0.9999999886217772
organ_tablature,ammerbach_bookA,1,0.9999999916968919,1.0,0.999999995848446
organ_tablature,ammerbach_bookA,1,0.9999999964921755,1.0,0.9999999982460878
organ_tablature,ammerbach_bookA,1,0.999999757157568,0.9827637719154284,0.9913817645364982
organ_tablature,ammerbach_bookA,1,0.9999983927046369,0.9885591863344997,0.9942787895195683
organ_tablature,ammerbach_bookA,1,0.9999982024688053,1.0,0.9999991012344027
organ_tablature,ammerbach_bookA,1,0.999999996164014,1.0,0.999999998082007
organ_tablature,ammerbach_bookA,1,0.9999999982113716,1.0,0.9999999991056858
organ_tablature,ammerbach_bookA,1,0.9999999930878714,1.0,0.9999999965439357
organ_tablature,ammerbach_bookA,1,0.9999999996776188,1.0,0.9999999998388094
organ_tablature,ammerbach_bookA,1,0.9999999980790688,1.0,0.9999999990395344
organ_tablature,ammerbach_bookA,1,0.9999999589983789,1.0,0.9999999794991894
organ_tablature,ammerbach_bookA,1,0.999999410209817,1.0,0.9999997051049085
organ_tablature,ammerbach_bookA,1,0.9999998668734997,1.0,0.9999999334367499
organ_tablature,ammerbach_bookA,1,0.9999999915516694,1.0,0.9999999957758348
organ_tablature,ammerbach_bookA,1,0.999999970620886,1.0,0.999999985310443
organ_tablature,ammerbach_bookA,1,0.9999999535747067,1.0,0.9999999767873533
organ_tablature,ammerbach_bookA,1,0.9999997672786993,0.9984327122153208,0.9992162397470101
organ_tablature,ammerbach_bookA,1,0.9999998448659481,0.9951546481398001,0.997577246502874
organ_tablature,ammerbach_bookA,1,0.9999999461135658,1.0,0.9999999730567829
organ_tablature,ammerbach_bookA,1,0.9999999982120726,1.0,0.9999999991060363
organ_tablature,ammerbach_bookA,1,0.9999999979027849,0.9951586061509785,0.9975793020268817
organ_tablature,ammerbach_bookA,1,0.9999999979283081,1.0,0.999999998964154
organ_tablature,ammerbach_bookA,1,0.9999999998437994,1.0,0.9999999999218997
organ_tablature,ammerbach_bookA,1,0.9999999984914354,1.0,0.9999999992457177
organ_tablature,ammerbach_bookA,1,0.9999999957951733,1.0,0.9999999978975866
organ_tablature,ammerbach_bookA,1,0.9999999993070232,1.0,0.9999999996535116
organ_tablature,ammerbach_bookA,1,0.999999999771054,1.0,0.999999999885527
organ_tablature,ammerbach_bookA,1,0.9999999892336416,1.0,0.9999999946168208
organ_tablature,ammerbach_bookA,1,0.9999996976460513,1.0,0.9999998488230257
organ_tablature,ammerbach_bookA,1,0.9999999301266322,1.0,0.9999999650633161
organ_tablature,ammerbach_bookA,1,0.9999999941424977,1.0,0.9999999970712489
organ_tablature,ammerbach_bookA,1,0.9999999979098617,1.0,0.9999999989549309
organ_tablature,ammerbach_bookA,1,0.9999995479022593,1.0,0.9999997739511297
organ_tablature,ammerbach_bookA,1,0.9999990594125076,1.0,0.9999995297062538
organ_tablature,ammerbach_bookA,1,0.9999984358373463,0.9948143214971433,0.9974063786672448
organ_tablature,ammerbach_bookA,1,0.9999997509748008,1.0,0.9999998754874004
organ_tablature,ammerbach_bookA,1,0.9999999925475366,1.0,0.9999999962737682
organ_tablature,ammerbach_bookA,1,0.9999999614686926,1.0,0.9999999807343463
organ_tablature,ammerbach_bookA,1,0.9999999468433151,1.0,0.9999999734216576
organ_tablature,ammerbach_bookA,1,0.999999959423668,1.0,0.999999979711834
organ_tablature,ammerbach_bookA,1,0.9999964636355622,1.0,0.9999982318177811
organ_tablature,ammerbach_bookA,1,0.999998172352523,1.0,0.9999990861762615
organ_tablature,ammerbach_bookA,1,0.9999998720779241,1.0,0.999999936038962
organ_tablature,ammerbach_bookA,1,0.9999999947128506,1.0,0.9999999973564253
organ_tablature,ammerbach_bookA,1,0.9999999866280378,1.0,0.9999999933140189
organ_tablature,ammerbach_bookA,1,0.9999999975793974,1.0,0.9999999987896987
organ_tablature,ammerbach_bookA,1,0.9999999988987818,1.0,0.9999999994493909
organ_tablature,ammerbach_bookA,1,0.9999999987485493,1.0,0.9999999993742746
organ_tablature,ammerbach_bookA,1,0.9999999962815236,1.0,0.9999999981407618
organ_tablature,ammerbach_bookA,1,0.9999999832612655,1.0,0.9999999916306328
organ_tablature,ammerbach_bookA,1,0.9999999895744348,1.0,0.9999999947872174
organ_tablature,ammerbach_bookA,1,0.9999999248948798,1.0,0.9999999624474398
organ_tablature,ammerbach_bookA,1,0.999999929301531,0.9983623028969564,0.9991811160992436
organ_tablature,ammerbach_bookA,1,0.9999999797549393,1.0,0.9999999898774696
organ_tablature,ammerbach_bookA,1,0.999999985535325,1.0,0.9999999927676625
organ_tablature,ammerbach_bookA,1,0.9999999997062221,1.0,0.999999999853111
organ_tablature,ammerbach_bookA,1,0.9999999997925177,1.0,0.9999999998962589
organ_tablature,ammerbach_bookA,1,0.9999999869995866,1.0,0.9999999934997933
organ_tablature,ammerbach_bookA,1,0.9999999574045702,1.0,0.9999999787022851
organ_tablature,ammerbach_bookA,1,0.9999999872392044,1.0,0.9999999936196022
organ_tablature,ammerbach_bookA,1,0.9999998454485858,1.0,0.9999999227242928
organ_tablature,ammerbach_bookA,1,0.9999994352733331,1.0,0.9999997176366666
organ_tablature,ammerbach_bookA,1,0.9999999933206765,1.0,0.9999999966603382
organ_tablature,ammerbach_bookA,1,0.9999999981169732,1.0,0.9999999990584866
organ_tablature,ammerbach_bookA,1,0.9999973032770842,0.9957255200161623,0.9978614116466233
organ_tablature,ammerbach_bookA,1,0.9999996516594515,1.0,0.9999998258297258
organ_tablature,ammerbach_bookA,1,0.9999999998637241,1.0,0.9999999999318621
organ_tablature,ammerbach_bookA,1,0.9999999949001352,1.0,0.9999999974500676
organ_tablature,ammerbach_bookA,1,0.9999999881355713,1.0,0.9999999940677857
organ_tablature,ammerbach_bookA,1,0.9999999976456342,1.0,0.9999999988228171
organ_tablature,ammerbach_bookA,1,0.9999999752980843,1.0,0.9999999876490422
organ_tablature,ammerbach_bookA,1,0.9999999937575159,1.0,0.999999996878758
organ_tablature,ammerbach_bookA,1,0.999999718722406,1.0,0.999999859361203
organ_tablature,ammerbach_bookA,1,0.999999686842575,1.0,0.9999998434212876
organ_tablature,ammerbach_bookA,1,0.9999995465731395,0.9967923452428438,0.9983959459079916
organ_tablature,ammerbach_bookA,1,0.9999999736870604,1.0,0.9999999868435302
organ_tablature,ammerbach_bookA,1,0.9999999958851242,0.99200323415117,0.9960016150181471
organ_tablature,ammerbach_bookA,1,0.9999987429146304,1.0,0.9999993714573152
organ_tablature,ammerbach_bookA,1,0.9999929541318059,0.9968428851551386,0.9984179196434723
organ_tablature,ammerbach_bookA,1,0.9999997524472524,1.0,0.9999998762236262
organ_tablature,ammerbach_bookA,1,0.9999999763847262,1.0,0.9999999881923631
organ_tablature,ammerbach_bookA,1,0.9999999963438901,1.0,0.9999999981719451
organ_tablature,ammerbach_bookA,1,0.9999999995826301,1.0,0.999999999791315
organ_tablature,ammerbach_bookA,1,0.9999999949526133,1.0,0.9999999974763066
organ_tablature,ammerbach_bookA,1,0.9999998764390625,1.0,0.9999999382195313
organ_tablature,ammerbach_bookA,1,0.999999928607419,1.0,0.9999999643037095
organ_tablature,ammerbach_bookA,1,0.9999999130078021,1.0,0.999999956503901
organ_tablature,ammerbach_bookA,1,0.9999980454197835,0.9866907981629046,0.9933444217913441
organ_tablature,ammerbach_bookA,1,0.9999979230859283,1.0,0.9999989615429641
organ_tablature,ammerbach_bookA,1,0.9999999634546499,1.0,0.999999981727325
organ_tablature,ammerbach_bookA,1,0.9999998468089627,1.0,0.9999999234044814
organ_tablature,ammerbach_bookA,1,0.9999999264874707,1.0,0.9999999632437353
organ_tablature,ammerbach_bookA,1,0.9999983988062845,1.0,0.9999991994031423
organ_tablature,ammerbach_bookA,1,0.9999999768712285,1.0,0.9999999884356143
organ_tablature,ammerbach_bookA,1,0.9999999968746593,1.0,0.9999999984373297
organ_tablature,ammerbach_bookA,1,0.9999999807233283,1.0,0.9999999903616641
organ_tablature,ammerbach_bookA,1,0.9999998779579422,1.0,0.9999999389789711
organ_tablature,ammerbach_bookA,1,0.9999996582533641,0.998359633027523,0.9991796456404436
organ_tablature,ammerbach_bookA,1,0.9999999150256064,1.0,0.9999999575128031
organ_tablature,ammerbach_bookA,1,0.9999999852113683,1.0,0.9999999926056842
organ_tablature,ammerbach_bookA,1,0.9999999068326739,1.0,0.999999953416337
organ_tablature,ammerbach_bookA,1,0.9999999445874987,1.0,0.9999999722937494
organ_tablature,ammerbach_bookA,1,0.9999999561284291,0.9981943548387097,0.9990971554835694
organ_tablature,ammerbach_bookA,1,0.9999999412897173,1.0,0.9999999706448586
organ_tablature,ammerbach_bookA,1,0.9999997309194648,1.0,0.9999998654597324
organ_tablature,ammerbach_bookA,1,0.9999999971194533,1.0,0.9999999985597267
organ_tablature,ammerbach_bookA,1,0.9999998799895986,1.0,0.9999999399947993
organ_tablature,ammerbach_bookA,1,0.9999947591117672,0.9835541525935552,0.9917744558526611
organ_tablature,ammerbach_bookA,1,0.9999823446191933,0.998,0.9989911723095967
organ_tablature,ammerbach_bookA,1,0.9999999871714876,1.0,0.9999999935857438
organ_tablature,ammerbach_bookA,1,0.9999998428471881,1.0,0.9999999214235941
organ_tablature,ammerbach_bookA,1,0.9999999131772921,1.0,0.999999956588646
organ_tablature,ammerbach_bookA,1,0.9999999562924505,1.0,0.9999999781462252
organ_tablature,ammerbach_bookA,1,0.9999989729730344,1.0,0.9999994864865172
organ_tablature,ammerbach_bookA,1,0.9999999599205347,1.0,0.9999999799602673
organ_tablature,ammerbach_bookA,1,0.9999998850006905,1.0,0.9999999425003452
organ_tablature,ammerbach_bookA,1,0.9999965548433005,0.9951546481398001,0.9975756014915503
organ_tablature,ammerbach_bookA,1,0.9999965911401206,0.998359633027523,0.9991781120838218
organ_tablature,ammerbach_bookA,1,0.9999997974519708,0.9980484429065745,0.9990241201792727
organ_tablature,ammerbach_bookA,1,0.9999975320176953,1.0,0.9999987660088476
organ_tablature,ammerbach_bookA,1,0.9999999271013635,1.0,0.9999999635506818
organ_tablature,ammerbach_bookA,1,0.999999969599707,1.0,0.9999999847998535
organ_tablature,ammerbach_bookA,1,0.999999999600037,1.0,0.9999999998000185
organ_tablature,ammerbach_bookA,1,0.9999999975893727,1.0,0.9999999987946864
organ_tablature,ammerbach_bookA,1,0.9999999636666996,1.0,0.9999999818333498
organ_tablature,ammerbach_bookA,1,0.9999999555285706,1.0,0.9999999777642853
organ_tablature,ammerbach_bookA,1,0.9999999903961078,1.0,0.9999999951980538
organ_tablature,ammerbach_bookA,1,0.9999999979846315,1.0,0.9999999989923157
organ_tablature,ammerbach_bookA,1,0.9999999929935988,1.0,0.9999999964967994
organ_tablature,ammerbach_bookA,1,0.9999999983077288,1.0,0.9999999991538644
organ_tablature,ammerbach_bookA,1,0.999999999082535,1.0,0.9999999995412675
organ_tablature,ammerbach_bookA,1,0.9999999965741644,1.0,0.9999999982870822
organ_tablature,ammerbach_bookA,1,0.9999999910833609,1.0,0.9999999955416805
organ_tablature,ammerbach_bookA,1,0.9999999875046054,1.0,0.9999999937523028
organ_tablature,ammerbach_bookA,1,0.9999999996897824,1.0,0.9999999998448912
organ_tablature,ammerbach_bookA,1,0.9999999995204207,1.0,0.9999999997602104
organ_tablature,ammerbach_bookA,1,0.9999999997210236,1.0,0.9999999998605118
organ_tablature,ammerbach_bookA,1,0.9999999958452079,1.0,0.999999997922604
organ_tablature,ammerbach_bookA,1,0.9999999997392768,1.0,0.9999999998696384
organ_tablature,ammerbach_bookA,1,0.9999999989742381,1.0,0.999999999487119
organ_tablature,ammerbach_bookA,1,0.9999999932329846,1.0,0.9999999966164923
organ_tablature,ammerbach_bookA,1,0.9999999979025345,0.996092385572664,0.9980461917375992
organ_tablature,ammerbach_bookA,1,0.9999999989063793,1.0,0.9999999994531896
organ_tablature,ammerbach_bookA,1,0.9999998310932247,1.0,0.9999999155466124
organ_tablature,ammerbach_bookA,1,0.99999627018132,0.9851513145888401,0.99257379238508
organ_tablature,ammerbach_bookA,1,0.9999999146721064,1.0,0.9999999573360532
organ_tablature,ammerbach_bookA,1,0.9999999976653915,1.0,0.9999999988326957
organ_tablature,ammerbach_bookA,1,0.9999999761309081,1.0,0.999999988065454
organ_tablature,ammerbach_bookA,1,0.9999999846541523,1.0,0.9999999923270761
organ_tablature,ammerbach_bookA,1,0.9999999522605397,1.0,0.9999999761302698
organ_tablature,ammerbach_bookA,1,0.9999938231607509,1.0,0.9999969115803755
organ_tablature,ammerbach_bookA,1,0.9999999570744861,1.0,0.9999999785372431
organ_tablature,ammerbach_bookA,1,0.9999993861757781,0.9888808856318186,0.9944401359037984
organ_tablature,ammerbach_bookA,1,0.9999994498342393,0.9871467815855758,0.9935731157099075
organ_tablature,ammerbach_bookA,1,0.9999867342839898,1.0,0.9999933671419949
organ_tablature,ammerbach_bookA,1,0.9999999992169242,1.0,0.9999999996084621
organ_tablature,ammerbach_bookA,1,0.9999999998041342,1.0,0.9999999999020671
organ_tablature,ammerbach_bookA,1,0.9999999724166196,1.0,0.9999999862083098
organ_tablature,ammerbach_bookA,1,0.9999999726263938,1.0,0.999999986313197
organ_tablature,ammerbach_bookA,1,0.9999998394455425,1.0,0.9999999197227712
organ_tablature,ammerbach_bookA,1,0.999998340862837,1.0,0.9999991704314185
organ_tablature,ammerbach_bookA,1,0.9999880190110446,1.0,0.9999940095055223
organ_tablature,ammerbach_bookA,1,0.9999999662707992,1.0,0.9999999831353996
organ_tablature,ammerbach_bookA,1,0.9999999993054938,1.0,0.9999999996527469
organ_tablature,ammerbach_bookA,1,0.9999999858113569,1.0,0.9999999929056784
organ_tablature,ammerbach_bookA,1,0.9999997517422309,0.9855541525935552,0.9927769521678931
organ_tablature,ammerbach_bookA,1,0.9999999276590134,1.0,0.9999999638295067
organ_tablature,ammerbach_bookA,1,0.999999998748405,1.0,0.9999999993742025
organ_tablature,ammerbach_bookA,1,0.9999999971512534,0.9968938152471434,0.9984469061991984
organ_tablature,ammerbach_bookA,1,0.9999999998212463,1.0,0.9999999999106232
organ_tablature,ammerbach_bookA,1,0.9999999995408195,1.0,0.9999999997704098
organ_tablature,ammerbach_bookA,1,0.9999999544181776,1.0,0.9999999772090888
organ_tablature,ammerbach_bookA,1,0.9999999817881259,1.0,0.9999999908940629
organ_tablature,ammerbach_bookA,1,0.999996388313895,0.9948938152471434,0.9974451017805193
organ_tablature,ammerbach_bookA,1,0.9999999109807197,1.0,0.9999999554903598
organ_tablature,ammerbach_bookA,1,0.999999717941959,1.0,0.9999998589709795
organ_tablature,ammerbach_bookA,1,0.9999953691802896,1.0,0.9999976845901448
organ_tablature,ammerbach_bookA,1,0.9997000069623226,0.9922804360852324,0.9959902215237775
organ_tablature,ammerbach_bookA,1,0.9999999950846117,0.9735059411173679,0.9867529681009898
organ_tablature,ammerbach_bookA,1,0.9999999999567206,0.994949150558333,0.9974745752575268
organ_tablature,ammerbach_bookA,1,0.999999988165229,1.0,0.9999999940826145
organ_tablature,ammerbach_bookA,1,0.9999999993579258,0.9934401891037943,0.99672009423086
organ_tablature,ammerbach_bookA,1,0.9999999998404887,1.0,0.9999999999202444
organ_tablature,ammerbach_bookA,1,0.999999996114723,1.0,0.9999999980573615
organ_tablature,ammerbach_bookA,1,0.9999995808529631,1.0,0.9999997904264816
organ_tablature,ammerbach_bookA,1,0.9999999835432136,1.0,0.9999999917716068
organ_tablature,ammerbach_bookA,1,0.999990149595423,1.0,0.9999950747977115
organ_tablature,ammerbach_bookA,1,0.9999960379795083,1.0,0.9999980189897542
organ_tablature,ammerbach_bookA,1,0.9999989636500692,1.0,0.9999994818250346
organ_tablature,ammerbach_bookA,1,0.9999992470052633,1.0,0.9999996235026316
organ_tablature,ammerbach_bookA,1,0.9999999826224432,1.0,0.9999999913112216
organ_tablature,ammerbach_bookA,1,0.9999999409069283,1.0,0.9999999704534641
organ_tablature,ammerbach_bookA,1,0.9999997008065504,1.0,0.9999998504032752
organ_tablature,ammerbach_bookA,1,0.999999955936299,1.0,0.9999999779681494
organ_tablature,ammerbach_bookA,1,0.9999999809399763,1.0,0.9999999904699881
organ_tablature,ammerbach_bookA,1,0.999999677880136,1.0,0.9999998389400679
organ_tablature,ammerbach_bookA,1,0.9999979005003515,1.0,0.9999989502501758
organ_tablature,ammerbach_bookA,1,0.9999996413261117,1.0,0.9999998206630558
organ_tablature,ammerbach_bookA,1,0.9999762020522087,0.994646368376166,0.9973112852141874
organ_tablature,ammerbach_bookA,1,0.9999997720222795,1.0,0.9999998860111398
organ_tablature,ammerbach_bookA,1,0.9999999901939828,1.0,0.9999999950969913
organ_tablature,ammerbach_bookA,1,0.9999999878167659,1.0,0.999999993908383
organ_tablature,ammerbach_bookA,1,0.9999999813436843,1.0,0.9999999906718422
organ_tablature,ammerbach_bookA,1,0.9999999990864941,1.0,0.999999999543247
organ_tablature,ammerbach_bookA,1,0.9999999996415854,1.0,0.9999999998207927
organ_tablature,ammerbach_bookA,1,0.9999998319030149,1.0,0.9999999159515074
organ_tablature,ammerbach_bookA,1,0.9999999528695038,1.0,0.9999999764347519
organ_tablature,ammerbach_bookA,1,0.9999997745884259,1.0,0.999999887294213
organ_tablature,ammerbach_bookA,1,0.9999993760759573,1.0,0.9999996880379787
organ_tablature,ammerbach_bookA,1,0.9999873821954995,0.9960945945945946,0.9980409883950471
organ_tablature,ammerbach_bookA,1,0.999999990112228,0.998092385572664,0.9990461878424459
organ_tablature,ammerbach_bookA,1,0.9999999986910229,1.0,0.9999999993455114
organ_tablature,ammerbach_bookA,1,0.9999999830375478,1.0,0.9999999915187738
organ_tablature,ammerbach_bookA,1,0.9999999273479436,1.0,0.9999999636739718
organ_tablature,ammerbach_bookA,1,0.9999999913002046,1.0,0.9999999956501022
organ_tablature,ammerbach_bookA,1,0.9999999783898288,0.9965873350676134,0.9982936567287211
organ_tablature,ammerbach_bookA,1,0.9999999988649562,1.0,0.9999999994324781
organ_tablature,ammerbach_bookA,1,0.9999998342227392,1.0,0.9999999171113696
organ_tablature,ammerbach_bookA,1,0.9999982551259875,0.9983108962439569,0.9991545756849722
organ_tablature,ammerbach_bookA,1,0.9999998328958539,1.0,0.999999916447927
organ_tablature,ammerbach_bookA,1,0.9999999957187591,1.0,0.9999999978593795
organ_tablature,ammerbach_bookA,1,0.9999999986718866,1.0,0.9999999993359433
organ_tablature,ammerbach_bookA,1,0.9999999991797415,1.0,0.9999999995898707
organ_tablature,ammerbach_bookA,1,0.9999999645631484,1.0,0.9999999822815742
organ_tablature,ammerbach_bookA,1,0.9999999859715327,1.0,0.9999999929857664
organ_tablature,ammerbach_bookA,1,0.9999999777463346,1.0,0.9999999888731673
organ_tablature,ammerbach_bookA,1,0.9999996889251241,1.0,0.9999998444625621
organ_tablature,ammerbach_bookA,1,0.9999999621556538,1.0,0.9999999810778268
organ_tablature,ammerbach_bookA,1,0.9999999468533035,1.0,0.9999999734266518
organ_tablature,ammerbach_bookA,1,0.9999999925786496,1.0,0.9999999962893248
organ_tablature,ammerbach_bookA,1,0.9999999979769538,1.0,0.9999999989884769
organ_tablature,ammerbach_bookA,1,0.9999999993450472,1.0,0.9999999996725236
organ_tablature,ammerbach_bookA,1,0.9999999995422844,1.0,0.9999999997711422
organ_tablature,ammerbach_bookA,1,0.9999999999840428,1.0,0.9999999999920214
organ_tablature,ammerbach_bookA,1,0.9999999963626758,1.0,0.9999999981813379
organ_tablature,ammerbach_bookA,1,0.99999991939344,1.0,0.99999995969672
organ_tablature,ammerbach_bookA,1,0.9999999890416588,1.0,0.9999999945208293
organ_tablature,ammerbach_bookA,1,0.9999999712003348,1.0,0.9999999856001673
organ_tablature,ammerbach_bookA,1,0.9999999991063762,1.0,0.9999999995531881
organ_tablature,ammerbach_bookA,1,0.9999999256815715,1.0,0.9999999628407857
organ_tablature,ammerbach_bookA,1,0.9999996408460023,1.0,0.9999998204230012
organ_tablature,ammerbach_bookA,1,0.999999811806587,1.0,0.9999999059032936
organ_tablature,ammerbach_bookA,1,0.9999999858479847,1.0,0.9999999929239923
organ_tablature,ammerbach_bookA,1,0.999999999524235,1.0,0.9999999997621175
organ_tablature,ammerbach_bookA,1,0.9999999968391116,1.0,0.9999999984195558
organ_tablature,ammerbach_bookA,1,0.9999999829285792,1.0,0.9999999914642896
organ_tablature,ammerbach_bookA,1,0.9999999555612962,1.0,0.9999999777806481
organ_tablature,ammerbach_bookA,1,0.9999999848036072,1.0,0.9999999924018036
organ_tablature,ammerbach_bookA,1,0.9999999795496393,1.0,0.9999999897748196
organ_tablature,ammerbach_bookA,1,0.9999998799637155,1.0,0.9999999399818578
organ_tablature,ammerbach_bookA,1,0.9999997482905248,1.0,0.9999998741452625
organ_tablature,ammerbach_bookA,1,0.9999999777363522,1.0,0.9999999888681761
organ_tablature,ammerbach_bookA,1,0.9999999997976825,1.0,0.9999999998988413
organ_tablature,ammerbach_bookA,1,0.9999999936356692,1.0,0.9999999968178346
organ_tablature,ammerbach_bookA,1,0.9999999724210232,1.0,0.9999999862105116
organ_tablature,ammerbach_bookA,1,0.9999999969301003,1.0,0.9999999984650502
organ_tablature,ammerbach_bookA,1,0.9999981244947534,1.0,0.9999990622473767
organ_tablature,ammerbach_bookA,1,0.9999999558089112,1.0,0.9999999779044556
organ_tablature,ammerbach_bookA,1,0.9999998143660103,1.0,0.9999999071830051
organ_tablature,ammerbach_bookA,1,0.9999995930267429,1.0,0.9999997965133715
organ_tablature,ammerbach_bookA,1,0.9999995216698115,1.0,0.9999997608349058
organ_tablature,ammerbach_bookA,1,0.9999978030636132,0.9922770498201492,0.9961374264418812
organ_tablature,ammerbach_bookA,1,0.9999999543944941,1.0,0.999999977197247
organ_tablature,ammerbach_bookA,1,0.9999999859681323,1.0,0.9999999929840662
organ_tablature,ammerbach_bookA,1,0.9999999500073266,1.0,0.9999999750036632
organ_tablature,ammerbach_bookA,1,0.9999999993259248,1.0,0.9999999996629624
organ_tablature,ammerbach_bookA,1,0.9999998105892237,1.0,0.9999999052946118
organ_tablature,ammerbach_bookA,1,0.9999994252401054,0.9983623028969564,0.9991808640685309
organ_tablature,ammerbach_bookA,1,0.9999999273867938,1.0,0.9999999636933969
organ_tablature,ammerbach_bookA,1,0.9999987334181428,1.0,0.9999993667090714
organ_tablature,ammerbach_bookA,1,0.9999990031148552,1.0,0.9999995015574277
organ_tablature,ammerbach_bookA,1,0.9999945432406374,0.9969366813587428,0.9984656122996901
organ_tablature,ammerbach_bookA,1,0.9999729109952709,0.9983623028969564,0.9991676069461136
organ_tablature,ammerbach_bookA,1,0.9999996155840719,1.0,0.999999807792036
organ_tablature,ammerbach_bookA,1,0.9999999995549351,1.0,0.9999999997774676
organ_tablature,ammerbach_bookA,1,0.999999396017186,0.9981943548387097,0.9990968754279479
organ_tablature,ammerbach_bookA,1,0.999999329058134,0.9981943548387097,0.9990968419484219
organ_tablature,ammerbach_bookA,1,0.9999989353566406,1.0,0.9999994676783204
organ_tablature,ammerbach_bookA,1,0.9999999738402285,1.0,0.9999999869201143
organ_tablature,ammerbach_bookA,1,0.999999997241231,1.0,0.9999999986206155
organ_tablature,ammerbach_bookA,1,0.9999999280322797,1.0,0.9999999640161399
organ_tablature,ammerbach_bookA,1,0.9999998459902779,1.0,0.999999922995139
organ_tablature,ammerbach_bookA,1,0.9999999508431474,1.0,0.9999999754215737
organ_tablature,ammerbach_bookA,1,0.9999999992733613,1.0,0.9999999996366806
organ_tablature,ammerbach_bookA,1,0.9999999996202926,1.0,0.9999999998101463
organ_tablature,ammerbach_bookA,1,0.999999995333096,1.0,0.999999997666548
organ_tablature,ammerbach_bookA,1,0.999999999091469,1.0,0.9999999995457345
organ_tablature,ammerbach_bookA,1,0.9999999994717677,1.0,0.9999999997358838
organ_tablature,ammerbach_bookA,1,0.9999999966679542,1.0,0.9999999983339771
organ_tablature,ammerbach_bookA,1,0.9999999590856893,1.0,0.9999999795428447
organ_tablature,ammerbach_bookA,1,0.9999999631072085,1.0,0.9999999815536043
organ_tablature,ammerbach_bookA,1,0.9999999753758712,1.0,0.9999999876879355
organ_tablature,ammerbach_bookA,1,0.9999999688453335,1.0,0.9999999844226668
organ_tablature,ammerbach_bookA,1,0.9999999719314207,1.0,0.9999999859657103
organ_tablature,ammerbach_bookA,1,0.9999980358523649,1.0,0.9999990179261824
organ_tablature,ammerbach_bookA,1,0.9999996003559123,0.9968058457389064,0.9984027230474093
organ_tablature,ammerbach_bookA,1,0.9999997620634329,1.0,0.9999998810317164
organ_tablature,ammerbach_bookA,1,0.9999999899936493,1.0,0.9999999949968246
organ_tablature,ammerbach_bookA,1,0.9999999972551674,1.0,0.9999999986275837
organ_tablature,ammerbach_bookA,1,0.9999999889771246,1.0,0.9999999944885622
organ_tablature,ammerbach_bookA,1,0.9999999952410166,1.0,0.9999999976205083
organ_tablature,ammerbach_bookA,1,0.9999999939771815,0.9931586061509785,0.99657930006408
organ_tablature,ammerbach_bookA,1,0.9999999989868076,1.0,0.9999999994934038
organ_tablature,ammerbach_bookA,1,0.9999999486582603,1.0,0.9999999743291301
organ_tablature,ammerbach_bookA,1,0.9999999629838883,0.998092385572664,0.9990461742782761
organ_tablature,ammerbach_bookA,1,0.9999751544103499,1.0,0.999987577205175
organ_tablature,ammerbach_bookA,1,0.999968848909617,0.9967477196447413,0.9983582842771792
organ_tablature,ammerbach_bookA,1,0.9999998704894529,1.0,0.9999999352447264
organ_tablature,ammerbach_bookA,1,0.9999999994877149,1.0,0.9999999997438574
organ_tablature,ammerbach_bookA,1,0.9999999996244711,1.0,0.9999999998122355
organ_tablature,ammerbach_bookA,1,0.999999973032155,1.0,0.9999999865160776
organ_tablature,ammerbach_bookA,1,0.9999999878983606,1.0,0.9999999939491804
organ_tablature,ammerbach_bookA,1,0.9999999179304705,1.0,0.9999999589652353
organ_tablature,ammerbach_bookA,1,0.9999999990862916,1.0,0.9999999995431458
organ_tablature,ammerbach_bookA,1,0.9999999998187177,1.0,0.9999999999093588
organ_tablature,ammerbach_bookA,1,0.9999999984642483,1.0,0.9999999992321241
organ_tablature,ammerbach_bookA,1,0.9999999807780905,1.0,0.9999999903890453
organ_tablature,ammerbach_bookA,1,0.9999999988213044,1.0,0.9999999994106522
organ_tablature,ammerbach_bookA,1,0.9999999977682446,1.0,0.9999999988841223
organ_tablature,ammerbach_bookA,1,0.9999999210526624,1.0,0.9999999605263312
organ_tablature,ammerbach_bookA,1,0.999999229901245,1.0,0.9999996149506225
organ_tablature,ammerbach_bookA,1,0.9999999930176688,1.0,0.9999999965088344
organ_tablature,ammerbach_bookA,1,0.9999999992348458,1.0,0.9999999996174229
organ_tablature,ammerbach_bookA,1,0.999999990879794,0.9980662080825451,0.9990330994811696
organ_tablature,ammerbach_bookA,1,0.9999999954063992,1.0,0.9999999977031996
organ_tablature,ammerbach_bookA,1,0.999999975445545,1.0,0.9999999877227725
organ_tablature,ammerbach_bookA,1,0.9999999539656478,1.0,0.9999999769828238
organ_tablature,ammerbach_bookA,1,0.999999716027232,1.0,0.999999858013616
organ_tablature,ammerbach_bookA,1,0.9999935940626281,1.0,0.999996797031314
organ_tablature,ammerbach_bookA,1,0.999999290030855,1.0,0.9999996450154275
organ_tablature,ammerbach_bookA,1,0.9999916547483136,1.0,0.9999958273741568
organ_tablature,ammerbach_bookA,1,0.9999960659825358,0.9932470337124641,0.9966215498475
organ_tablature,ammerbach_bookA,1,0.9999983445674363,1.0,0.9999991722837182
organ_tablature,ammerbach_bookA,1,0.999999999764027,1.0,0.9999999998820135
organ_tablature,ammerbach_bookA,1,0.99999999814725,1.0,0.999999999073625
organ_tablature,ammerbach_bookA,1,0.9999999816765638,1.0,0.999999990838282
organ_tablature,ammerbach_bookA,1,0.9999999861706153,1.0,0.9999999930853076
organ_tablature,ammerbach_bookA,1,0.9999999904981668,1.0,0.9999999952490835
organ_tablature,ammerbach_bookA,1,0.9999999915511083,1.0,0.9999999957755541
organ_tablature,ammerbach_bookA,1,0.9999999974330862,1.0,0.9999999987165431
organ_tablature,ammerbach_bookA,1,0.9999996460368198,1.0,0.99999982301841
organ_tablature,ammerbach_bookA,1,0.9999999303758387,1.0,0.9999999651879193
organ_tablature,ammerbach_bookA,1,0.9999995662585829,1.0,0.9999997831292915
organ_tablature,ammerbach_bookA,1,0.9999993613788302,1.0,0.9999996806894151
organ_tablature,ammerbach_bookA,1,0.9999999915631889,1.0,0.9999999957815944
organ_tablature,ammerbach_bookA,1,0.9999999991829818,1.0,0.9999999995914909
organ_tablature,ammerbach_bookA,1,0.9999999970255367,1.0,0.9999999985127683
organ_tablature,ammerbach_bookA,1,0.9999999971887705,1.0,0.9999999985943853
organ_tablature,ammerbach_bookA,1,0.9999999986869508,1.0,0.9999999993434754
organ_tablature,ammerbach_bookA,1,0.9999999973695883,1.0,0.9999999986847942
organ_tablature,ammerbach_bookA,1,0.999999991344476,1.0,0.9999999956722381
organ_tablature,ammerbach_bookA,1,0.999998993716167,0.9984380165289256,0.9992185051225463
organ_tablature,ammerbach_bookA,1,0.9999996829396519,0.9966731991409133,0.9983364410402826
organ_tablature,ammerbach_bookA,1,0.9999999965624886,1.0,0.9999999982812443
organ_tablature,ammerbach_bookA,1,0.9999980941065336,1.0,0.9999990470532668
organ_tablature,ammerbach_bookA,1,0.9999989770504801,1.0,0.9999994885252401
organ_tablature,ammerbach_bookA,1,0.9999996917607314,1.0,0.9999998458803657
organ_tablature,ammerbach_bookA,1,0.999999996976646,1.0,0.999999998488323
organ_tablature,ammerbach_bookA,1,0.9999999787722762,1.0,0.9999999893861381
organ_tablature,ammerbach_bookA,1,0.9999999721183538,1.0,0.9999999860591768
organ_tablature,ammerbach_bookA,1,0.9999994283660801,1.0,0.9999997141830401
organ_tablature,ammerbach_bookA,1,0.9999988962296467,1.0,0.9999994481148233
organ_tablature,ammerbach_bookA,1,0.9999995804121884,1.0,0.9999997902060942
organ_tablature,ammerbach_bookA,1,0.9999997923509947,1.0,0.9999998961754973
organ_tablature,ammerbach_bookA,1,0.9999993702300991,0.9983150074294205,0.9991571888297598
organ_tablature,ammerbach_bookA,1,0.9999999896922126,1.0,0.9999999948461062
organ_tablature,ammerbach_bookA,1,0.999999985576689,1.0,0.9999999927883445
organ_tablature,ammerbach_bookA,1,0.9999999937080171,1.0,0.9999999968540085
organ_tablature,ammerbach_bookA,1,0.9999999803908667,1.0,0.9999999901954333
organ_tablature,ammerbach_bookA,1,0.9999999843057104,1.0,0.9999999921528552
organ_tablature,ammerbach_bookA,1,0.999999940583725,1.0,0.9999999702918625
organ_tablature,ammerbach_bookA,1,0.999993790514378,0.9948874006849412,0.9974405955996596
organ_tablature,ammerbach_bookA,1,0.9999600527959419,0.9911072510441138,0.9955336519200279
organ_tablature,ammerbach_bookA,1,0.9999859238916858,0.9915399632594347,0.9957629435755603
organ_tablature,ammerbach_bookA,1,0.9999970682644723,1.0,0.9999985341322362
organ_tablature,ammerbach_bookA,1,0.9999999613662983,1.0,0.9999999806831492
organ_tablature,ammerbach_bookA,1,0.9999996572791332,1.0,0.9999998286395666
organ_tablature,ammerbach_bookA,1,0.9999999373154315,1.0,0.9999999686577157
organ_tablature,ammerbach_bookA,1,0.9999999877909592,0.998092385572664,0.9990461866818117
organ_tablature,ammerbach_bookA,1,0.9999999938526789,1.0,0.9999999969263395
organ_tablature,ammerbach_bookA,1,0.9999997975105491,1.0,0.9999998987552745
organ_tablature,ammerbach_bookA,1,0.9999999842339231,1.0,0.9999999921169616
organ_tablature,ammerbach_bookA,1,0.9999999968974647,1.0,0.9999999984487323
organ_tablature,ammerbach_bookA,1,0.9999999987597501,1.0,0.999999999379875
organ_tablature,ammerbach_bookA,1,0.9999999997230209,1.0,0.9999999998615104
organ_tablature,ammerbach_bookA,1,0.9999999999149118,1.0,0.9999999999574559
organ_tablature,ammerbach_bookA,1,0.9999999968538529,1.0,0.9999999984269264
organ_tablature,ammerbach_bookA,1,0.9999999164240988,0.998866125760649,0.9994330210923739
organ_tablature,ammerbach_bookA,1,0.9999999881939833,1.0,0.9999999940969917
organ_tablature,ammerbach_bookA,1,0.9999999924720394,0.9984380165289256,0.9992190045004825
organ_tablature,ammerbach_bookA,1,0.999999999849271,1.0,0.9999999999246355
organ_tablature,ammerbach_bookA,1,0.9999999996667093,1.0,0.9999999998333546
organ_tablature,ammerbach_bookA,1,0.9999999998759426,1.0,0.9999999999379713
organ_tablature,ammerbach_bookA,1,0.9999999891492471,1.0,0.9999999945746236
organ_tablature,ammerbach_bookA,1,0.9999999827002483,1.0,0.9999999913501241
organ_tablature,ammerbach_bookA,1,0.9999999892659094,1.0,0.9999999946329547
organ_tablature,ammerbach_bookA,1,0.9999999983385448,1.0,0.9999999991692724
organ_tablature,ammerbach_bookA,1,0.9999999999847231,1.0,0.9999999999923616
organ_tablature,ammerbach_bookA,1,0.999999995152989,1.0,0.9999999975764945
organ_tablature,ammerbach_bookA,1,0.9999991573864976,1.0,0.9999995786932487
organ_tablature,ammerbach_bookA,1,0.9999999760252766,1.0,0.9999999880126382
organ_tablature,ammerbach_bookA,1,0.999999936680938,1.0,0.999999968340469
organ_tablature,ammerbach_bookA,1,0.9999995417155609,1.0,0.9999997708577805
organ_tablature,ammerbach_bookA,1,0.9999999463708937,1.0,0.9999999731854469
organ_tablature,ammerbach_bookA,1,0.9999999999875526,1.0,0.9999999999937763
organ_tablature,ammerbach_bookA,1,0.9999999999272213,1.0,0.9999999999636107
organ_tablature,ammerbach_bookA,1,0.9999999957368022,1.0,0.9999999978684011
organ_tablature,ammerbach_bookA,1,0.9999999999515821,1.0,0.999999999975791
organ_tablature,ammerbach_bookA,1,0.9999999930275609,1.0,0.9999999965137805
organ_tablature,ammerbach_bookA,1,0.9999991841397174,0.9967950151122773,0.9983970996259974
organ_tablature,ammerbach_bookA,1,0.9999994195863198,1.0,0.9999997097931599
organ_tablature,ammerbach_bookA,1,0.9999999950825933,1.0,0.9999999975412966
organ_tablature,ammerbach_bookA,1,0.999999997958249,1.0,0.9999999989791245
organ_tablature,ammerbach_bookA,1,0.99999998501401,1.0,0.999999992507005
organ_tablature,ammerbach_bookA,1,0.9999999989595727,1.0,0.9999999994797864
organ_tablature,ammerbach_bookA,1,0.9999999951887595,1.0,0.9999999975943797
organ_tablature,ammerbach_bookA,1,0.9999996482559699,1.0,0.9999998241279849
organ_tablature,ammerbach_bookA,1,0.9999986647324605,1.0,0.9999993323662302
organ_tablature,ammerbach_bookA,1,0.9999996773321966,1.0,0.9999998386660983
organ_tablature,ammerbach_bookA,1,0.9999999988298545,1.0,0.9999999994149272
organ_tablature,ammerbach_bookA,1,0.9999999988759676,1.0,0.9999999994379838
organ_tablature,ammerbach_bookA,1,0.9999999981728196,1.0,0.9999999990864098
organ_tablature,ammerbach_bookA,1,0.9999999978446055,1.0,0.9999999989223027
organ_tablature,ammerbach_bookA,1,0.9999999981399144,1.0,0.9999999990699572
organ_tablature,ammerbach_bookA,1,0.999999999907506,1.0,0.999999999953753
organ_tablature,ammerbach_bookA,1,0.9999999999508202,1.0,0.9999999999754101
organ_tablature,ammerbach_bookA,1,0.9999999959234747,0.9872572387768909,0.9936286173501827
organ_tablature,ammerbach_bookA,1,0.9999999932217076,1.0,0.9999999966108538
organ_tablature,ammerbach_bookA,1,0.9999999957259422,1.0,0.9999999978629711
organ_tablature,ammerbach_bookA,1,0.9999999351098809,1.0,0.9999999675549405
organ_tablature,ammerbach_bookA,1,0.9999999980264229,1.0,0.9999999990132115
organ_tablature,ammerbach_bookA,1,0.9999999633018641,0.9779184200552286,0.9889591916785463
organ_tablature,ammerbach_bookA,1,0.999999841025651,1.0,0.9999999205128255
organ_tablature,ammerbach_bookA,1,0.9999999973070837,1.0,0.9999999986535418
organ_tablature,ammerbach_bookA,1,0.9999999802311073,1.0,0.9999999901155536
organ_tablature,ammerbach_bookA,1,0.9999999899296846,0.9984949494949495,0.999247469712317
organ_tablature,ammerbach_bookA,1,0.999999933247671,0.9981943548387097,0.9990971440431904
organ_tablature,ammerbach_bookA,1,0.9999999702125906,1.0,0.9999999851062953
organ_tablature,ammerbach_bookA,1,0.9999659126469619,1.0,0.999982956323481
organ_tablature,ammerbach_bookA,1,0.9999999004838661,1.0,0.999999950241933
organ_tablature,ammerbach_bookA,1,0.9999999556368058,1.0,0.9999999778184029
organ_tablature,ammerbach_bookA,1,0.9999999580850707,1.0,0.9999999790425353
organ_tablature,ammerbach_bookA,1,0.9999986632233178,1.0,0.9999993316116589
organ_tablature,ammerbach_bookA,1,0.9999994603695467,1.0,0.9999997301847734
organ_tablature,ammerbach_bookA,1,0.9999999998025548,1.0,0.9999999999012774
organ_tablature,ammerbach_bookA,1,0.9999999988370571,0.9886907981629046,0.9943453984999808
organ_tablature,ammerbach_bookA,1,0.9999999895176469,1.0,0.9999999947588234
organ_tablature,ammerbach_bookA,1,0.9999999978812908,1.0,0.9999999989406454
organ_tablature,ammerbach_bookA,1,0.9999999903736608,1.0,0.9999999951868304
organ_tablature,ammerbach_bookA,1,0.9999999938017814,1.0,0.9999999969008907
organ_tablature,ammerbach_bookA,1,0.9999999921924901,1.0,0.9999999960962451
organ_tablature,ammerbach_bookA,1,0.9999996516703619,1.0,0.999999825835181
organ_tablature,ammerbach_bookA,1,0.9999997637193571,1.0,0.9999998818596785
organ_tablature,ammerbach_bookA,1,0.9999999999347728,0.9969592917494243,0.9984796458420986
organ_tablature,ammerbach_bookA,1,0.999999995723927,1.0,0.9999999978619635
organ_tablature,ammerbach_bookA,1,0.9999999997744626,1.0,0.9999999998872313
organ_tablature,ammerbach_bookA,1,0.9999999999361333,1.0,0.9999999999680667
organ_tablature,ammerbach_bookA,1,0.9999999992394966,1.0,0.9999999996197483
organ_tablature,ammerbach_bookA,1,0.9999999990621788,1.0,0.9999999995310894
organ_tablature,ammerbach_bookA,1,0.9999999999481883,1.0,0.9999999999740942
organ_tablature,ammerbach_bookA,1,0.9999999999507017,1.0,0.9999999999753508
organ_tablature,ammerbach_bookA,1,0.9999999996649453,1.0,0.9999999998324727
organ_tablature,ammerbach_bookA,1,0.9999999995760309,1.0,0.9999999997880155
organ_tablature,ammerbach_bookA,1,0.9999999987796067,1.0,0.9999999993898033
organ_tablature,ammerbach_bookA,1,0.9999995416955714,1.0,0.9999997708477857
organ_tablature,ammerbach_bookA,1,0.9999976040396067,0.992747157169088,0.9963723806043474
organ_tablature,ammerbach_bookA,1,0.9999999881513905,1.0,0.9999999940756952
organ_tablature,ammerbach_bookA,1,0.9999999974004246,1.0,0.9999999987002123
organ_tablature,ammerbach_bookA,1,0.9999999980453971,1.0,0.9999999990226985
organ_tablature,ammerbach_bookA,1,0.9999988279221561,1.0,0.999999413961078
organ_tablature,ammerbach_bookA,1,0.9999989085286018,1.0,0.9999994542643009
organ_tablature,ammerbach_bookA,1,0.9999886915634613,0.9966525625744934,0.9983206270689773
organ_tablature,ammerbach_bookA,1,0.9999988990356639,1.0,0.9999994495178319
organ_tablature,ammerbach_bookA,1,0.9999999364909653,1.0,0.9999999682454827
organ_tablature,ammerbach_bookA,1,0.9999999937642134,1.0,0.9999999968821067
organ_tablature,ammerbach_bookA,1,0.9999999984134509,1.0,0.9999999992067254
organ_tablature,ammerbach_bookA,1,0.999999990809587,0.9980662080825451,0.9990330994460661
organ_tablature,ammerbach_bookA,1,0.9999999998582401,0.9966921069458282,0.9983460534020341
organ_tablature,ammerbach_bookA,1,0.9999999995058251,1.0,0.9999999997529125
organ_tablature,ammerbach_bookA,1,0.9999999957677215,1.0,0.9999999978838607
organ_tablature,ammerbach_bookA,1,0.9999999976702154,1.0,0.9999999988351077
organ_tablature,ammerbach_bookA,1,0.9999994988950172,0.9922770498201492,0.9961382743575832
organ_tablature,ammerbach_bookA,1,0.9999994545349442,0.9826946786647304,0.9913470665998373
organ_tablature,ammerbach_bookA,1,0.9999987050500372,1.0,0.9999993525250186
organ_tablature,ammerbach_bookA,1,0.9999999862913622,1.0,0.9999999931456811
organ_tablature,ammerbach_bookA,1,0.9999998962776889,1.0,0.9999999481388444
organ_tablature,ammerbach_bookA,1,0.9999999342956972,1.0,0.9999999671478486
organ_tablature,ammerbach_bookA,1,0.9999999997360292,1.0,0.9999999998680146
organ_tablature,ammerbach_bookA,1,0.9999999995202247,1.0,0.9999999997601123
organ_tablature,ammerbach_bookA,1,0.9999999996206701,1.0,0.999999999810335
organ_tablature,ammerbach_bookA,1,0.9999999475113902,1.0,0.999999973755695
organ_tablature,ammerbach_bookA,1,0.9999995810025831,1.0,0.9999997905012916
organ_tablature,ammerbach_bookA,1,0.9999998852006643,1.0,0.9999999426003321
organ_tablature,ammerbach_bookA,1,0.9999999488143425,1.0,0.9999999744071713
organ_tablature,ammerbach_bookA,1,0.9999998908668494,1.0,0.9999999454334247
organ_tablature,ammerbach_bookA,1,0.9999997175826412,1.0,0.9999998587913206
organ_tablature,ammerbach_bookA,1,0.9999999888111041,0.9981943548387097,0.9990971718249069
organ_tablature,ammerbach_bookA,1,0.9999999980690102,1.0,0.9999999990345051
organ_tablature,ammerbach_bookA,1,0.999999988129124,1.0,0.9999999940645621
organ_tablature,ammerbach_bookA,1,0.9999998503578107,1.0,0.9999999251789053
organ_tablature,ammerbach_bookA,1,0.9999889050071806,1.0,0.9999944525035903
organ_tablature,ammerbach_bookA,1,0.9999954610168873,1.0,0.9999977305084436
organ_tablature,ammerbach_bookA,1,0.9999975035201608,1.0,0.9999987517600804
organ_tablature,ammerbach_bookA,1,0.9999999938297646,0.99200323415117,0.9960016139904673
organ_tablature,ammerbach_bookA,1,0.9999999912850833,1.0,0.9999999956425416
organ_tablature,ammerbach_bookA,1,0.9999999625544543,1.0,0.9999999812772271
organ_tablature,ammerbach_bookA,1,0.9999999782415592,1.0,0.9999999891207796
organ_tablature,ammerbach_bookA,1,0.9999999974519833,1.0,0.9999999987259917
organ_tablature,ammerbach_bookA,1,0.9999998610361465,0.9886907981629046,0.9943453295995255
organ_tablature,ammerbach_bookA,1,0.9999995781861494,0.9950222974813198,0.9975109378337346
organ_tablature,ammerbach_bookA,1,0.999999998947501,1.0,0.9999999994737505
organ_tablature,ammerbach_bookA,1,0.9999999900206781,1.0,0.9999999950103391
organ_tablature,ammerbach_bookA,1,0.9999994991148111,1.0,0.9999997495574056
organ_tablature,ammerbach_bookA,1,0.9999999998148503,1.0,0.9999999999074252
organ_tablature,ammerbach_bookA,1,0.999999915275165,1.0,0.9999999576375824
organ_tablature,ammerbach_bookA,1,0.9999989561301316,0.9813491344997901,0.9906740453149608
organ_tablature,ammerbach_bookA,1,0.9999999855814536,1.0,0.9999999927907268
organ_tablature,ammerbach_bookA,1,0.9999999953014285,1.0,0.9999999976507142
organ_tablature,ammerbach_bookA,1,0.9999999963197708,1.0,0.9999999981598854
organ_tablature,ammerbach_bookA,1,0.999999994115544,1.0,0.999999997057772
organ_tablature,ammerbach_bookA,1,0.999999987461517,0.9981943548387097,0.9990971711501133
organ_tablature,ammerbach_bookA,1,0.9999999887271677,1.0,0.9999999943635838
organ_tablature,ammerbach_bookA,1,0.9999998758530614,1.0,0.9999999379265307
organ_tablature,ammerbach_bookA,1,0.9999999575899543,0.9981943548387097,0.999097156214332
organ_tablature,ammerbach_bookA,1,0.9999993083647266,0.9964546884696204,0.9982269984171734
organ_tablature,ammerbach_bookA,1,0.9999999825933857,0.9961408284792383,0.9980704055363121
organ_tablature,ammerbach_bookA,1,0.9999999978997407,1.0,0.9999999989498704
organ_tablature,ammerbach_bookA,1,0.999999996107104,0.99200323415117,0.996001615129137
organ_tablature,ammerbach_bookA,1,0.9999999998309836,1.0,0.9999999999154918
organ_tablature,ammerbach_bookA,1,0.9999999951507774,1.0,0.9999999975753887
organ_tablature,ammerbach_bookA,1,0.9999999999797171,1.0,0.9999999999898586
organ_tablature,ammerbach_bookA,1,0.9999999920470405,1.0,0.9999999960235202
organ_tablature,ammerbach_bookA,1,0.9999999996193654,1.0,0.9999999998096827
organ_tablature,ammerbach_bookA,1,0.999999999522581,1.0,0.9999999997612905
organ_tablature,ammerbach_bookA,1,0.9999999964883648,1.0,0.9999999982441824
organ_tablature,ammerbach_bookA,1,0.9999999953005001,0.9982470520007732,0.9991235236506366
organ_tablature,ammerbach_bookA,1,0.999999998314604,1.0,0.999999999157302
organ_tablature,ammerbach_bookA,1,0.9999999996180844,0.9983623028969564,0.9991811512575204
organ_tablature,ammerbach_bookA,1,0.9999999990818782,1.0,0.9999999995409391
organ_tablature,ammerbach_bookA,1,0.9999999961198147,1.0,0.9999999980599074
organ_tablature,ammerbach_bookA,1,0.9999999976517486,1.0,0.9999999988258743
organ_tablature,ammerbach_bookA,1,0.9999999204940496,1.0,0.9999999602470249
organ_tablature,ammerbach_bookA,1,0.9999999068776546,1.0,0.9999999534388273
organ_tablature,ammerbach_bookA,1,0.9999999997674038,0.99200323415117,0.9960016169592869
organ_tablature,ammerbach_bookA,1,0.9999999979085918,1.0,0.9999999989542959
organ_tablature,ammerbach_bookA,1,0.9999999628218967,0.9878805420754578,0.9939402524486773
organ_tablature,ammerbach_bookA,1,0.9999998051075958,1.0,0.9999999025537979
organ_tablature,ammerbach_bookA,1,0.9999999916856505,1.0,0.9999999958428252
organ_tablature,ammerbach_bookA,1,0.999999993304014,1.0,0.999999996652007
organ_tablature,ammerbach_bookA,1,0.9999998937562715,1.0,0.9999999468781358
organ_tablature,ammerbach_bookA,1,0.9999999763915673,1.0,0.9999999881957837
organ_tablature,ammerbach_bookA,1,0.9999999942484574,1.0,0.9999999971242287
organ_tablature,ammerbach_bookA,1,0.9999999941470072,1.0,0.9999999970735036
organ_tablature,ammerbach_bookA,1,0.9999999964998962,1.0,0.9999999982499481
organ_tablature,ammerbach_bookA,1,0.9999999621817265,1.0,0.9999999810908633
organ_tablature,ammerbach_bookA,1,0.9999998689882011,1.0,0.9999999344941006
organ_tablature,ammerbach_bookA,1,0.9999998425872018,1.0,0.9999999212936008
organ_tablature,ammerbach_bookA,1,0.9999999920371759,1.0,0.9999999960185879
organ_tablature,ammerbach_bookA,1,0.9999999892042227,1.0,0.9999999946021114
organ_tablature,ammerbach_bookA,1,0.9999999916381811,0.9983623028969564,0.9991811472675687
organ_tablature,ammerbach_bookA,1,0.9999999964782542,1.0,0.9999999982391271
organ_tablature,ammerbach_bookA,1,0.999999834654866,1.0,0.999999917327433
organ_tablature,ammerbach_bookA,1,0.9999985648446732,0.9980919443272881,0.9990452545859807
organ_tablature,ammerbach_bookA,1,0.9999994690111007,1.0,0.9999997345055504
organ_tablature,ammerbach_bookA,1,0.9999999596647106,1.0,0.9999999798323553
organ_tablature,ammerbach_bookA,1,0.9999999994656654,1.0,0.9999999997328327
organ_tablature,ammerbach_bookA,1,0.9999999996910167,1.0,0.9999999998455084
organ_tablature,ammerbach_bookA,1,0.9999999999072531,1.0,0.9999999999536265
organ_tablature,ammerbach_bookA,1,0.9999999997946851,1.0,0.9999999998973426
organ_tablature,ammerbach_bookA,1,0.999999998410144,1.0,0.999999999205072
organ_tablature,ammerbach_bookA,1,0.9999999817283375,1.0,0.9999999908641688
organ_tablature,ammerbach_bookA,1,0.999999984789455,1.0,0.9999999923947275
organ_tablature,ammerbach_bookA,1,0.9999999781413109,1.0,0.9999999890706555
organ_tablature,ammerbach_bookA,1,0.9999999534147181,1.0,0.9999999767073591
organ_tablature,ammerbach_bookA,1,0.9999999445026033,1.0,0.9999999722513017
organ_tablature,ammerbach_bookA,1,0.9999999882229255,1.0,0.9999999941114628
organ_tablature,ammerbach_bookA,1,0.999999632981632,0.9825997439436015,0.9912996884626167
organ_tablature,ammerbach_bookA,1,0.9999929149620697,0.993805006135027,0.9968989605485483
organ_tablature,ammerbach_bookA,1,0.9999992801354394,1.0,0.9999996400677197
organ_tablature,ammerbach_bookA,1,0.9999999997616356,1.0,0.9999999998808178
organ_tablature,ammerbach_bookA,1,0.9999999999358273,1.0,0.9999999999679137
organ_tablature,ammerbach_bookA,1,0.9999999806697432,1.0,0.9999999903348715
organ_tablature,ammerbach_bookA,1,0.9999999977091674,0.9983272861902999,0.9991636419497336
organ_tablature,ammerbach_bookA,1,0.9999999913367384,1.0,0.9999999956683692
organ_tablature,ammerbach_bookA,1,0.9999989021665683,1.0,0.9999994510832841
organ_tablature,ammerbach_bookA,1,0.9999999984902821,1.0,0.999999999245141
organ_tablature,ammerbach_bookA,1,0.9999999949346998,0.990002708989254,0.9950013519619769
organ_tablature,ammerbach_bookA,1,0.9999948849781933,1.0,0.9999974424890967
organ_tablature,ammerbach_bookA,1,0.999998691078462,1.0,0.999999345539231
organ_tablature,ammerbach_bookA,1,0.999999984714337,1.0,0.9999999923571685
organ_tablature,ammerbach_bookA,1,0.9999997163824749,1.0,0.9999998581912375
organ_tablature,ammerbach_bookA,1,0.9999999794292644,1.0,0.9999999897146322
organ_tablature,ammerbach_bookA,1,0.9999999929069256,1.0,0.9999999964534628
organ_tablature,ammerbach_bookA,1,0.9999998546387772,1.0,0.9999999273193886
organ_tablature,ammerbach_bookA,1,0.9999999577135819,1.0,0.9999999788567909
organ_tablature,ammerbach_bookA,1,0.9999999997904725,1.0,0.9999999998952362
organ_tablature,ammerbach_bookA,1,0.9999998463866627,0.9969366813587428,0.9984682638727027
organ_tablature,ammerbach_bookA,1,0.9999999499629092,0.9968938152471434,0.9984468826050263
organ_tablature,ammerbach_bookA,1,0.9999996161684347,1.0,0.9999998080842174
organ_tablature,ammerbach_bookA,1,0.9999999987268626,1.0,0.9999999993634313
organ_tablature,ammerbach_bookA,1,0.9999999980078444,1.0,0.9999999990039222
organ_tablature,ammerbach_bookA,1,0.9999963032520294,1.0,0.9999981516260147
organ_tablature,ammerbach_bookA,1,0.9999775099912234,0.9853515315773435,0.9926645207842835
organ_tablature,ammerbach_bookA,1,0.9999973778044814,1.0,0.9999986889022408
organ_tablature,ammerbach_bookA,1,0.9999999491089738,0.996557991202346,0.9982789701556599
organ_tablature,ammerbach_bookA,1,0.999998502612208,0.9968593942555133,0.9984289484338607
organ_tablature,ammerbach_bookA,1,0.9999999840386107,1.0,0.9999999920193053
organ_tablature,ammerbach_bookA,1,0.999999960487759,0.9981943548387097,0.9990971576632344
organ_tablature,ammerbach_bookA,1,0.9999999742036183,0.998092385572664,0.9990461798881412
organ_tablature,ammerbach_bookA,1,0.9999999917357226,1.0,0.9999999958678614
organ_tablature,ammerbach_bookA,1,0.9999997847269436,0.998092385572664,0.9990460851498038
organ_tablature,ammerbach_bookA,1,0.9999998543392307,0.9842674601125138,0.9921336572258722
organ_tablature,ammerbach_bookA,1,0.9999999316265868,1.0,0.9999999658132934
organ_tablature,ammerbach_bookA,1,0.9999998919280834,0.99200323415117,0.9960015630396266
organ_tablature,ammerbach_bookA,1,0.9999999984111043,1.0,0.9999999992055522
organ_tablature,ammerbach_bookA,1,0.9999999994824835,1.0,0.9999999997412418
organ_tablature,ammerbach_bookA,1,0.9999999773562643,1.0,0.9999999886781321
organ_tablature,ammerbach_bookA,1,0.9999999869163796,1.0,0.9999999934581898
organ_tablature,ammerbach_bookA,1,0.9999999986911143,0.9847637719154284,0.9923818853032713
organ_tablature,ammerbach_bookA,1,0.9999999999309395,1.0,0.9999999999654697
organ_tablature,ammerbach_bookA,1,0.9999999878637383,1.0,0.9999999939318691
organ_tablature,ammerbach_bookA,1,0.9999999972439488,1.0,0.9999999986219744
organ_tablature,ammerbach_bookA,1,0.9999999959628956,1.0,0.9999999979814478
organ_tablature,ammerbach_bookA,1,0.9999999977721719,1.0,0.9999999988860859
organ_tablature,ammerbach_bookA,1,0.9999998694088312,1.0,0.9999999347044156
organ_tablature,ammerbach_bookA,1,0.9999999008492596,1.0,0.9999999504246297
organ_tablature,ammerbach_bookA,1,0.9999998673105163,0.9915209090479349,0.9957603881792256
organ_tablature,ammerbach_bookA,1,0.9999999953996539,1.0,0.999999997699827
organ_tablature,ammerbach_bookA,1,0.9999970261673813,0.9921318142366782,0.9960644202020297
organ_tablature,ammerbach_bookA,1,0.9999999639957537,1.0,0.9999999819978769
organ_tablature,ammerbach_bookA,1,0.9999998488666602,0.9903650118862105,0.9951824303764354
organ_tablature,ammerbach_bookA,1,0.9999999105781525,1.0,0.9999999552890763
organ_tablature,ammerbach_bookA,1,0.9999999064905666,1.0,0.9999999532452832
organ_tablature,ammerbach_bookA,1,0.9999999951204881,1.0,0.999999997560244
organ_tablature,ammerbach_bookA,1,0.9999999763324999,1.0,0.99999998816625
organ_tablature,ammerbach_bookA,1,0.9999999567969623,1.0,0.9999999783984812
organ_tablature,ammerbach_bookA,1,0.9999999872818798,0.98819448635999,0.9940972368209349
organ_tablature,ammerbach_bookA,1,0.9999999927627978,1.0,0.9999999963813989
organ_tablature,ammerbach_bookA,1,0.9999999679482695,0.998092385572664,0.9990461767604668
organ_tablature,ammerbach_bookA,1,0.9999999068774106,1.0,0.9999999534387053
organ_tablature,ammerbach_bookA,1,0.9999995525634667,0.9964546884696204,0.9982271205165436
organ_tablature,ammerbach_bookA,1,0.9999964980256005,0.9984327122153208,0.9992146051204607
organ_tablature,ammerbach_bookA,1,0.9999969285112674,1.0,0.9999984642556337
organ_tablature,ammerbach_bookA,1,0.9999999932044494,1.0,0.9999999966022247
organ_tablature,ammerbach_bookA,1,0.9999999992586026,1.0,0.9999999996293013
organ_tablature,ammerbach_bookA,1,0.9999999804556498,1.0,0.9999999902278249
organ_tablature,ammerbach_bookA,1,0.9999999701878224,1.0,0.9999999850939112
organ_tablature,ammerbach_bookA,1,0.9999999980938887,1.0,0.9999999990469444
organ_tablature,ammerbach_bookA,1,0.9999999954290655,1.0,0.9999999977145327
organ_tablature,ammerbach_bookA,1,0.9999999807670495,1.0,0.9999999903835248
organ_tablature,ammerbach_bookA,1,0.9999999925605094,1.0,0.9999999962802547
organ_tablature,ammerbach_bookA,1,0.9999990777689617,0.9964546884696204,0.9982268831192911
organ_tablature,ammerbach_bookA,1,0.9999993205247956,1.0,0.9999996602623977
organ_tablature,ammerbach_bookA,1,0.9999988586276416,0.9985083724045546,0.999253615516098
organ_tablature,ammerbach_bookA,1,0.9999999990891302,1.0,0.9999999995445651
organ_tablature,ammerbach_bookA,1,0.9999999990538384,1.0,0.9999999995269192
organ_tablature,ammerbach_bookA,1,0.9999999885454246,1.0,0.9999999942727122
organ_tablature,ammerbach_bookA,1,0.9999999988235015,1.0,0.9999999994117508
organ_tablature,ammerbach_bookA,1,0.9999993781596549,0.9904914178108594,0.9952453979852571
organ_tablature,ammerbach_bookA,1,0.999999998049701,1.0,0.9999999990248505
organ_tablature,ammerbach_bookA,1,0.9999999999184428,0.9982470520007732,0.9991235259596081
organ_tablature,ammerbach_bookA,1,0.9999999019044506,1.0,0.9999999509522253
organ_tablature,ammerbach_bookA,1,0.9999996778357582,1.0,0.999999838917879
organ_tablature,ammerbach_bookA,1,0.999999744384744,1.0,0.999999872192372
organ_tablature,ammerbach_bookA,1,0.9999983002949371,1.0,0.9999991501474685
organ_tablature,ammerbach_bookA,1,0.9999999086933299,1.0,0.9999999543466649
organ_tablature,ammerbach_bookA,1,0.9999999986523107,1.0,0.9999999993261554
organ_tablature,ammerbach_bookA,1,0.9999999810204317,1.0,0.9999999905102159
organ_tablature,ammerbach_bookA,1,0.9999998610536207,1.0,0.9999999305268104
organ_tablature,ammerbach_bookA,1,0.9999999830025404,1.0,0.9999999915012703
organ_tablature,ammerbach_bookA,1,0.9999564140312468,0.9840824590182092,0.992019436524728
organ_tablature,ammerbach_bookA,1,0.9999600527959419,0.9911072510441138,0.9955336519200279
organ_tablature,ammerbach_bookA,1,0.9999912502118729,0.9948874006849412,0.9974393254484071
organ_tablature,ammerbach_bookA,1,0.9999999315386203,1.0,0.9999999657693102
organ_tablature,ammerbach_bookA,1,0.999999978725826,1.0,0.999999989362913
organ_tablature,ammerbach_bookA,1,0.9999999114232795,1.0,0.9999999557116397
organ_tablature,ammerbach_bookA,1,0.9999998593648654,1.0,0.9999999296824327
organ_tablature,ammerbach_bookA,1,0.9999998303347674,1.0,0.9999999151673837
organ_tablature,ammerbach_bookA,1,0.9999985806131659,1.0,0.999999290306583
organ_tablature,ammerbach_bookA,1,0.9999991706955181,0.9849378501636779,0.992468510429598
organ_tablature,ammerbach_bookA,1,0.9999999203719226,1.0,0.9999999601859613
organ_tablature,ammerbach_bookA,1,0.9999999907763016,0.9986503579952267,0.9993251743857642
organ_tablature,ammerbach_bookA,1,0.9999999983178678,0.99200323415117,0.9960016162345189
organ_tablature,ammerbach_bookA,1,0.999999999600913,1.0,0.9999999998004565
organ_tablature,ammerbach_bookA,1,0.9999999998775388,0.9830108239162016,0.9915054118968702
organ_tablature,ammerbach_bookA,1,0.9999999718950631,1.0,0.9999999859475315
organ_tablature,ammerbach_bookA,1,0.9999999881256781,1.0,0.999999994062839
organ_tablature,ammerbach_bookA,1,0.9999999998672977,1.0,0.9999999999336489
organ_tablature,ammerbach_bookA,1,0.999999999425327,1.0,0.9999999997126635
organ_tablature,ammerbach_bookA,1,0.9999999819508029,1.0,0.9999999909754014
organ_tablature,ammerbach_bookA,1,0.9999996628046095,1.0,0.9999998314023048
organ_tablature,ammerbach_bookA,1,0.99999999585012,1.0,0.99999999792506
organ_tablature,ammerbach_bookA,1,0.9999999801755399,1.0,0.99999999008777
organ_tablature,ammerbach_bookA,1,0.999999996076024,1.0,0.999999998038012
organ_tablature,ammerbach_bookA,1,0.9999998493401676,1.0,0.9999999246700838
organ_tablature,ammerbach_bookA,1,0.9999999768955145,1.0,0.9999999884477573
organ_tablature,ammerbach_bookA,1,0.999998033982136,1.0,0.999999016991068
organ_tablature,ammerbach_bookA,1,0.9999943879772064,1.0,0.9999971939886032
organ_tablature,ammerbach_bookA,1,0.9999997895884846,0.9981943548387097,0.9990970722135971
organ_tablature,ammerbach_bookA,1,0.999999350438608,1.0,0.999999675219304
organ_tablature,ammerbach_bookA,1,0.9999999160004565,0.998092385572664,0.9990461507865602
organ_tablature,ammerbach_bookA,1,0.9999999384177385,0.998092385572664,0.9990461619952012
organ_tablature,ammerbach_bookA,1,0.999999979419502,1.0,0.999999989709751
organ_tablature,ammerbach_bookA,1,0.9999994867167971,1.0,0.9999997433583985
organ_tablature,ammerbach_bookA,1,0.9999999711963853,0.9931586061509785,0.996579288673682
organ_tablature,ammerbach_bookA,1,0.999999951094148,0.9968100227401492,0.9984049869171485
organ_tablature,ammerbach_bookA,1,0.9999999999945497,1.0,0.9999999999972748
organ_tablature,ammerbach_bookA,1,0.9999999938044106,0.99200323415117,0.9960016139777903
organ_tablature,ammerbach_bookA,1,0.9999999291458487,1.0,0.9999999645729243
organ_tablature,ammerbach_bookA,1,0.9999999487015387,0.9786940323140745,0.9893469905078066
organ_tablature,ammerbach_bookA,1,0.9999999844485303,1.0,0.9999999922242652
organ_tablature,ammerbach_bookA,1,0.9999999906521609,0.9952480392690748,0.9976240149606179
organ_tablature,ammerbach_bookA,1,0.9999999789246086,0.9969366813587428,0.9984683301416757
organ_tablature,ammerbach_bookA,1,0.9999998678108267,0.9985083724045546,0.9992541201076907
organ_tablature,ammerbach_bookA,1,0.9999999880833147,1.0,0.9999999940416573
organ_tablature,ammerbach_bookA,1,0.9999999951011664,1.0,0.9999999975505832
organ_tablature,ammerbach_bookA,1,0.9999999961698305,1.0,0.9999999980849152
organ_tablature,ammerbach_bookA,1,0.9999999930203001,1.0,0.99999999651015
organ_tablature,ammerbach_bookA,1,0.9999999861875253,1.0,0.9999999930937626
organ_tablature,ammerbach_bookA,1,0.9999992851509348,0.9842012520299686,0.9921002685904516
organ_tablature,ammerbach_bookA,1,0.9999994553543312,1.0,0.9999997276771656
organ_tablature,ammerbach_bookA,1,0.9999963301416694,1.0,0.9999981650708347
organ_tablature,ammerbach_bookA,1,0.9999999790465066,1.0,0.9999999895232533
organ_tablature,ammerbach_bookA,1,0.9999999887827477,1.0,0.9999999943913738
organ_tablature,ammerbach_bookA,1,0.9999999969886872,1.0,0.9999999984943436
organ_tablature,ammerbach_bookA,1,0.9999999998386182,1.0,0.9999999999193091
organ_tablature,ammerbach_bookA,1,0.999999999767845,1.0,0.9999999998839225
organ_tablature,ammerbach_bookA,1,0.999999999778566,1.0,0.999999999889283
organ_tablature,ammerbach_bookA,1,0.9999999945412126,1.0,0.9999999972706063
organ_tablature,ammerbach_bookA,1,0.9999999900344053,1.0,0.9999999950172027
organ_tablature,ammerbach_bookA,1,0.9999997989503739,1.0,0.999999899475187
organ_tablature,ammerbach_bookA,1,0.9999999399559107,1.0,0.9999999699779554
organ_tablature,ammerbach_bookA,1,0.9999999853897878,1.0,0.9999999926948939
organ_tablature,ammerbach_bookA,1,0.9999999970232196,1.0,0.9999999985116098
organ_tablature,ammerbach_bookA,1,0.999999999859202,1.0,0.999999999929601
organ_tablature,ammerbach_bookA,1,0.9999999976595175,1.0,0.9999999988297588
organ_tablature,ammerbach_bookA,1,0.9999999953990579,1.0,0.999999997699529
organ_tablature,ammerbach_bookA,1,0.9999999993764006,1.0,0.9999999996882003
organ_tablature,ammerbach_bookA,1,0.9999996745897473,1.0,0.9999998372948736
organ_tablature,ammerbach_bookA,1,0.9999999741736381,1.0,0.999999987086819
organ_tablature,ammerbach_bookA,1,0.9999997862439283,1.0,0.9999998931219641
organ_tablature,ammerbach_bookA,1,0.9999909291068404,0.9771845271984294,0.988587728152635
organ_tablature,ammerbach_bookA,1,0.9999999840531066,1.0,0.9999999920265533
organ_tablature,ammerbach_bookA,1,0.9999999985102073,0.9983623028969564,0.9991811507035818
organ_tablature,ammerbach_bookA,1,0.999999926608866,1.0,0.999999963304433
organ_tablature,ammerbach_bookA,1,0.9999999867262981,1.0,0.999999993363149
organ_tablature,ammerbach_bookA,1,0.999999973548549,1.0,0.9999999867742745
organ_tablature,ammerbach_bookA,1,0.9999987886942565,1.0,0.9999993943471283
organ_tablature,ammerbach_bookA,1,0.9999998442618783,1.0,0.9999999221309391
organ_tablature,ammerbach_bookA,1,0.9999999955142154,1.0,0.9999999977571077
organ_tablature,ammerbach_bookA,1,0.9999999982371028,1.0,0.9999999991185514
organ_tablature,ammerbach_bookA,1,0.9999999831725414,1.0,0.9999999915862707
organ_tablature,ammerbach_bookA,1,0.9999999977005218,1.0,0.9999999988502609
organ_tablature,ammerbach_bookA,1,0.9999999995293651,1.0,0.9999999997646826
organ_tablature,ammerbach_bookA,1,0.9999999980719196,1.0,0.9999999990359598
organ_tablature,ammerbach_bookA,1,0.9999999972040499,1.0,0.9999999986020249
organ_tablature,ammerbach_bookA,1,0.9999999915719987,1.0,0.9999999957859993
organ_tablature,ammerbach_bookA,1,0.9999998903757141,1.0,0.9999999451878571
organ_tablature,ammerbach_bookA,1,0.9999999600089502,0.998092385572664,0.9990461727908071
organ_tablature,ammerbach_bookA,1,0.9999995148590988,1.0,0.9999997574295494
organ_tablature,ammerbach_bookA,1,0.999977150135693,0.9969366813587428,0.9984569157472178
organ_tablature,ammerbach_bookA,1,0.9999995864262449,0.9952480392690748,0.9976238128476598
organ_tablature,ammerbach_bookA,1,0.9999999950846117,0.9735059411173679,0.9867529681009898
organ_tablature,ammerbach_bookA,1,0.999999998762167,0.9984881836596894,0.9992440912109282
organ_tablature,ammerbach_bookA,1,0.9999999703150937,1.0,0.9999999851575468
organ_tablature,ammerbach_bookA,1,0.9999999819230688,1.0,0.9999999909615345
organ_tablature,ammerbach_bookA,1,0.9999999883714151,1.0,0.9999999941857076
organ_tablature,ammerbach_bookA,1,0.9999999837772866,1.0,0.9999999918886433
organ_tablature,ammerbach_bookA,1,0.9999993507608672,1.0,0.9999996753804337
organ_tablature,ammerbach_bookA,1,0.999999884184798,1.0,0.9999999420923991
organ_tablature,ammerbach_bookA,1,0.9999999824213247,1.0,0.9999999912106623
organ_tablature,ammerbach_bookA,1,0.9999999066832239,0.9951546481398001,0.997577277411512
organ_tablature,ammerbach_bookA,1,0.9999997843265042,1.0,0.999999892163252
organ_tablature,ammerbach_bookA,1,0.999999999364962,1.0,0.999999999682481
organ_tablature,ammerbach_bookA,1,0.9999999926134464,1.0,0.9999999963067232
organ_tablature,ammerbach_bookA,1,0.999999940611908,1.0,0.999999970305954
organ_tablature,ammerbach_bookA,1,0.9999999966933864,1.0,0.9999999983466932
organ_tablature,ammerbach_bookA,1,0.99999997667472,1.0,0.99999998833736
organ_tablature,ammerbach_bookA,1,0.9999999876684723,1.0,0.9999999938342361
organ_tablature,ammerbach_bookA,1,0.9999999679071531,1.0,0.9999999839535765
organ_tablature,ammerbach_bookA,1,0.9999998287776268,1.0,0.9999999143888134
organ_tablature,ammerbach_bookA,1,0.9999998804362048,1.0,0.9999999402181023
organ_tablature,ammerbach_bookA,1,0.9999999116587572,1.0,0.9999999558293786
organ_tablature,ammerbach_bookA,1,0.9999996409020616,1.0,0.9999998204510308
organ_tablature,ammerbach_bookA,1,0.9999999248903816,1.0,0.9999999624451907
organ_tablature,ammerbach_bookA,1,0.9999991844256287,1.0,0.9999995922128144
organ_tablature,ammerbach_bookA,1,0.9999999915140344,1.0,0.9999999957570171
organ_tablature,ammerbach_bookA,1,0.9999999865360503,0.9827637719154284,0.9913818792257394
organ_tablature,ammerbach_bookA,1,0.9999999940816529,1.0,0.9999999970408264
organ_tablature,ammerbach_bookA,1,0.9999998995311533,1.0,0.9999999497655767
organ_tablature,ammerbach_bookA,1,0.9999968570852488,0.9983272861902999,0.9991620716377743
organ_tablature,ammerbach_bookA,1,0.9999944157632051,1.0,0.9999972078816026
organ_tablature,ammerbach_bookA,1,0.9999996494888229,0.9984380165289256,0.9992188330088743
organ_tablature,ammerbach_bookA,1,0.9999999839514817,1.0,0.9999999919757409
organ_tablature,ammerbach_bookA,1,0.9999999866017955,1.0,0.9999999933008977
organ_tablature,ammerbach_bookA,1,0.999999936583942,1.0,0.999999968291971
organ_tablature,ammerbach_bookA,1,0.9999999850848074,1.0,0.9999999925424037
organ_tablature,ammerbach_bookA,1,0.9999999977434899,1.0,0.999999998871745
organ_tablature,ammerbach_bookA,1,0.9999998825045249,1.0,0.9999999412522624
organ_tablature,ammerbach_bookA,1,0.999999776096202,0.9951546481398001,0.9975772121180011
organ_tablature,ammerbach_bookA,1,0.9999994611863677,1.0,0.9999997305931838
organ_tablature,ammerbach_bookA,1,0.9999994266942467,1.0,0.9999997133471233
organ_tablature,ammerbach_bookA,1,0.9999999153429248,1.0,0.9999999576714624
organ_tablature,ammerbach_bookA,1,0.9999998494377085,1.0,0.9999999247188542
organ_tablature,ammerbach_bookA,1,0.9999998315192145,0.9967923452428438,0.9983960883810291
organ_tablature,ammerbach_bookA,1,0.9999999473198168,1.0,0.9999999736599083
organ_tablature,ammerbach_bookA,1,0.9999999817891075,1.0,0.9999999908945538
organ_tablature,ammerbach_bookA,1,0.999999996177144,1.0,0.999999998088572
organ_tablature,ammerbach_bookA,1,0.9999997749130134,1.0,0.9999998874565067
organ_tablature,ammerbach_bookA,1,0.9999998933113664,0.9981943548387097,0.999097124075038
organ_tablature,ammerbach_bookA,1,0.9999999916735677,1.0,0.9999999958367838
organ_tablature,ammerbach_bookA,1,0.9999999626260573,1.0,0.9999999813130287
organ_tablature,ammerbach_bookA,1,0.9999999902281232,1.0,0.9999999951140617
organ_tablature,ammerbach_bookA,1,0.9999998509913108,1.0,0.9999999254956554
organ_tablature,ammerbach_bookA,1,0.9999982540643285,1.0,0.9999991270321642
organ_tablature,ammerbach_bookA,1,0.9999999809678873,1.0,0.9999999904839436
organ_tablature,ammerbach_bookA,1,0.9999999408623179,0.9948100227401492,0.9974049818012336
organ_tablature,ammerbach_bookA,1,0.9999999950846117,0.9735059411173679,0.9867529681009898
organ_tablature,ammerbach_bookA,1,0.9999999999978006,0.9984881836596894,0.9992440918287451
organ_tablature,ammerbach_bookA,1,0.9999999902245936,0.9887861306871559,0.9943930604558748
organ_tablature,ammerbach_bookA,1,0.999999997451132,1.0,0.999999998725566
organ_tablature,ammerbach_bookA,1,0.9999999891240924,0.9918024920007507,0.9959012405624215
organ_tablature,ammerbach_bookA,1,0.9999999941325413,1.0,0.9999999970662706
organ_tablature,ammerbach_bookA,1,0.9999996706991273,0.9887861306871559,0.9943929006931416
organ_tablature,ammerbach_bookA,1,0.9999999858711324,1.0,0.9999999929355662
organ_tablature,ammerbach_bookA,1,0.9999999993228521,0.9814558788612565,0.9907279390920543
organ_tablature,ammerbach_bookA,1,0.9999999972719351,1.0,0.9999999986359676
organ_tablature,ammerbach_bookA,1,0.9999998414628555,0.9902979470274665,0.995148894245161
organ_tablature,ammerbach_bookA,1,0.9999999971296871,1.0,0.9999999985648436
organ_tablature,ammerbach_bookA,1,0.9999999998806028,0.9905591863344997,0.9952795931075513
organ_tablature,ammerbach_bookA,1,0.9999999991647632,1.0,0.9999999995823816
organ_tablature,ammerbach_bookA,1,0.9999994708357243,0.9887359635563922,0.9943677171960582
organ_tablature,ammerbach_bookA,1,0.999999969213324,1.0,0.9999999846066621
organ_tablature,ammerbach_bookA,1,0.9999999987402086,0.9747670060665983,0.9873835024034034
organ_tablature,ammerbach_bookA,1,0.9999999510196946,1.0,0.9999999755098473
organ_tablature,ammerbach_bookA,1,0.9999999988664732,1.0,0.9999999994332366
organ_tablature,ammerbach_bookA,1,0.9999999999163227,1.0,0.9999999999581614
organ_tablature,ammerbach_bookA,1,0.999999999776479,1.0,0.9999999998882395
organ_tablature,ammerbach_bookA,1,0.9999998773894517,1.0,0.9999999386947258
organ_tablature,ammerbach_bookA,1,0.9999988301416182,0.9918024920007507,0.9959006610711845
organ_tablature,ammerbach_bookA,1,0.9999999813092658,1.0,0.9999999906546329
organ_tablature,ammerbach_bookA,1,0.9999999956196703,1.0,0.9999999978098352
organ_tablature,ammerbach_bookA,1,0.9999999783310691,1.0,0.9999999891655346
organ_tablature,ammerbach_bookA,1,0.9999999982380414,1.0,0.9999999991190207
organ_tablature,ammerbach_bookA,1,0.9999999953985526,1.0,0.9999999976992763
organ_tablature,ammerbach_bookA,1,0.9999999985306041,1.0,0.999999999265302
organ_tablature,ammerbach_bookA,1,0.9999999576630327,1.0,0.9999999788315164
organ_tablature,ammerbach_bookA,1,0.9999999990489579,1.0,0.9999999995244789
organ_tablature,ammerbach_bookA,1,0.9999999987710717,1.0,0.9999999993855359
organ_tablature,ammerbach_bookA,1,0.9999999957188419,1.0,0.999999997859421
organ_tablature,ammerbach_bookA,1,0.9999994536482019,0.9937191473588096,0.9968593005035058
organ_tablature,ammerbach_bookA,1,0.9999999814369677,1.0,0.9999999907184838
organ_tablature,ammerbach_bookA,1,0.9999998942962914,1.0,0.9999999471481458
organ_tablature,ammerbach_bookA,1,0.9999997996985676,1.0,0.9999998998492838
organ_tablature,ammerbach_bookA,1,0.9999999960517003,1.0,0.9999999980258502
organ_tablature,ammerbach_bookA,1,0.9999999996930169,1.0,0.9999999998465084
organ_tablature,ammerbach_bookA,1,0.9999999982221532,1.0,0.9999999991110766
organ_tablature,ammerbach_bookA,1,0.9999999999279927,1.0,0.9999999999639964
organ_tablature,ammerbach_bookA,1,0.9999999995508229,1.0,0.9999999997754114
organ_tablature,ammerbach_bookA,1,0.9999999961677655,1.0,0.9999999980838827
organ_tablature,ammerbach_bookA,1,0.9999999975640153,1.0,0.9999999987820076
organ_tablature,ammerbach_bookA,1,0.9999999948823024,1.0,0.9999999974411512
organ_tablature,ammerbach_bookA,1,0.9999999801788362,1.0,0.9999999900894181
organ_tablature,ammerbach_bookA,1,0.9999999932865611,1.0,0.9999999966432805
organ_tablature,ammerbach_bookA,1,0.9999998556831824,1.0,0.9999999278415912
organ_tablature,ammerbach_bookA,1,0.9999999928454222,1.0,0.9999999964227111
organ_tablature,ammerbach_bookA,1,0.9999999745747499,1.0,0.9999999872873749
organ_tablature,ammerbach_bookA,1,0.999999999899402,1.0,0.999999999949701
organ_tablature,ammerbach_bookA,1,0.9999999949545255,1.0,0.9999999974772628
organ_tablature,ammerbach_bookA,1,0.9999999923795776,1.0,0.9999999961897887
organ_tablature,ammerbach_bookA,1,0.9999999808333949,1.0,0.9999999904166974
organ_tablature,ammerbach_bookA,1,0.9999999138579226,1.0,0.9999999569289613
organ_tablature,ammerbach_bookA,1,0.9999999995574449,1.0,0.9999999997787224
organ_tablature,ammerbach_bookA,1,0.9999998184729618,1.0,0.9999999092364809
organ_tablature,ammerbach_bookA,1,0.9999999865884535,1.0,0.9999999932942267
organ_tablature,ammerbach_bookA,1,0.9999999985230246,1.0,0.9999999992615123
organ_tablature,ammerbach_bookA,1,0.9999999992376203,1.0,0.9999999996188101
organ_tablature,ammerbach_bookA,1,0.9999999999987406,0.9969592917494243,0.9984796458740824
organ_tablature,ammerbach_bookA,1,0.9999999998218954,1.0,0.9999999999109477
organ_tablature,ammerbach_bookA,1,0.999999998110445,1.0,0.9999999990552225
organ_tablature,ammerbach_bookA,1,0.9999999953848653,1.0,0.9999999976924326
organ_tablature,ammerbach_bookA,1,0.9999999997693017,1.0,0.9999999998846508
organ_tablature,ammerbach_bookA,1,0.9999999996939934,1.0,0.9999999998469967
organ_tablature,ammerbach_bookA,1,0.9999999995337152,1.0,0.9999999997668576
organ_tablature,ammerbach_bookA,1,0.9999999993131599,1.0,0.9999999996565799
organ_tablature,ammerbach_bookA,1,0.9999999520788628,1.0,0.9999999760394314
organ_tablature,ammerbach_bookA,1,0.9999999539103134,1.0,0.9999999769551566
organ_tablature,ammerbach_bookA,1,0.9999996413814811,1.0,0.9999998206907406
organ_tablature,ammerbach_bookA,1,0.9999999294805407,0.9969366813587428,0.9984683054196417
organ_tablature,ammerbach_bookA,1,0.9999999987937931,1.0,0.9999999993968965
organ_tablature,ammerbach_bookA,1,0.9999999976728537,1.0,0.9999999988364269
organ_tablature,ammerbach_bookA,1,0.9999999991501334,1.0,0.9999999995750667
organ_tablature,ammerbach_bookA,1,0.9999996592552549,1.0,0.9999998296276275
organ_tablature,ammerbach_bookA,1,0.9999995641250502,1.0,0.999999782062525
organ_tablature,ammerbach_bookA,1,0.9999999998635221,1.0,0.999999999931761
organ_tablature,ammerbach_bookA,1,0.9999999997066222,1.0,0.9999999998533111
organ_tablature,ammerbach_bookA,1,0.9999999924252615,0.9964949494949495,0.9982474709601055
organ_tablature,ammerbach_bookA,1,0.9999999712138504,1.0,0.9999999856069253
organ_tablature,ammerbach_bookA,1,0.9999999466424392,1.0,0.9999999733212196
organ_tablature,ammerbach_bookA,1,0.9999999768419968,1.0,0.9999999884209985
organ_tablature,ammerbach_bookA,1,0.9999999089109829,1.0,0.9999999544554914
organ_tablature,ammerbach_bookA,1,0.9999999997750275,1.0,0.9999999998875138
organ_tablature,ammerbach_bookA,1,0.9999999997520055,1.0,0.9999999998760027
organ_tablature,ammerbach_bookA,1,0.9999999636757411,1.0,0.9999999818378705
organ_tablature,ammerbach_bookA,1,0.9999999846450387,1.0,0.9999999923225193
organ_tablature,ammerbach_bookA,1,0.9999999921551054,1.0,0.9999999960775527
organ_tablature,ammerbach_bookA,1,0.9999994173485576,1.0,0.9999997086742788
organ_tablature,ammerbach_bookA,1,0.9999999999825198,1.0,0.9999999999912599
organ_tablature,ammerbach_bookA,1,0.9999999998613334,1.0,0.9999999999306667
organ_tablature,ammerbach_bookA,1,0.9999999957032346,1.0,0.9999999978516173
organ_tablature,ammerbach_bookA,1,0.999999999772474,1.0,0.999999999886237
organ_tablature,ammerbach_bookA,1,0.9999999973313545,1.0,0.9999999986656772
organ_tablature,ammerbach_bookA,1,0.9999995879654108,1.0,0.9999997939827054
organ_tablature,ammerbach_bookA,1,0.999999959231258,1.0,0.9999999796156289
organ_tablature,ammerbach_bookA,1,0.9999999786431921,1.0,0.9999999893215961
organ_tablature,ammerbach_bookA,1,0.9999999971382578,1.0,0.9999999985691289
organ_tablature,ammerbach_bookA,1,0.9999999904828655,1.0,0.9999999952414327
organ_tablature,ammerbach_bookA,1,0.9999999828189824,1.0,0.9999999914094913
organ_tablature,ammerbach_bookA,1,0.9999999885740366,1.0,0.9999999942870184
organ_tablature,ammerbach_bookA,1,0.9999999988064427,1.0,0.9999999994032214
organ_tablature,ammerbach_bookA,1,0.9999999979620577,1.0,0.9999999989810289
organ_tablature,ammerbach_bookA,1,0.9999999958936505,1.0,0.9999999979468253
organ_tablature,ammerbach_bookA,1,0.9999994895842758,1.0,0.9999997447921378
organ_tablature,ammerbach_bookA,1,0.9999965481970366,1.0,0.9999982740985183
organ_tablature,ammerbach_bookA,1,0.9999999651749992,0.9952480392690748,0.9976240022220371
organ_tablature,ammerbach_bookA,1,0.9999999999390703,0.9904914178108594,0.9952457088749649
organ_tablature,ammerbach_bookA,1,0.9999999372063126,1.0,0.9999999686031563
organ_tablature,ammerbach_bookA,1,0.9999999973446121,0.9935758437061806,0.9967879205253963
organ_tablature,ammerbach_bookA,1,0.9999998706571279,0.9968100227401492,0.9984049466986386
organ_tablature,ammerbach_bookA,1,0.999999998626067,1.0,0.9999999993130335
organ_tablature,ammerbach_bookA,1,0.9999999993146853,1.0,0.9999999996573427
organ_tablature,ammerbach_bookA,1,0.9999999587049943,1.0,0.9999999793524972
organ_tablature,ammerbach_bookA,1,0.9999999808392678,1.0,0.9999999904196339
organ_tablature,ammerbach_bookA,1,0.999999953015088,0.9965873350676134,0.9982936440413508
organ_tablature,ammerbach_bookA,1,0.9999999984518997,1.0,0.9999999992259498
organ_tablature,ammerbach_bookA,1,0.9999979635179229,0.9983623028969564,0.9991801332074397
organ_tablature,ammerbach_bookA,1,0.9999987639806444,1.0,0.9999993819903221
organ_tablature,ammerbach_bookA,1,0.9999994177554385,1.0,0.9999997088777193
organ_tablature,ammerbach_bookA,1,0.9999999003815453,0.9983623028969564,0.9991811016392509
organ_tablature,ammerbach_bookA,1,0.9999999574136691,1.0,0.9999999787068345
organ_tablature,ammerbach_bookA,1,0.999999955124171,1.0,0.9999999775620855
organ_tablature,ammerbach_bookA,1,0.9999999505078594,1.0,0.9999999752539297
organ_tablature,ammerbach_bookA,1,0.9999999481236543,1.0,0.9999999740618272
organ_tablature,ammerbach_bookA,1,0.9999999717949434,1.0,0.9999999858974717
organ_tablature,ammerbach_bookA,1,0.9999888435400084,0.998092385572664,0.9990406145563362
organ_tablature,ammerbach_bookA,1,0.9999997494345517,1.0,0.9999998747172758
organ_tablature,ammerbach_bookA,1,0.9999999278937183,1.0,0.9999999639468591
organ_tablature,ammerbach_bookA,1,0.9999999960927517,1.0,0.9999999980463758
organ_tablature,ammerbach_bookA,1,0.9999999936788615,1.0,0.9999999968394307
organ_tablature,ammerbach_bookA,1,0.9999999991708741,1.0,0.9999999995854371
organ_tablature,ammerbach_bookA,1,0.9999999999277704,1.0,0.9999999999638852
organ_tablature,ammerbach_bookA,1,0.9999991104451581,0.9967273924325162,0.9983632514388372
organ_tablature,ammerbach_bookA,1,0.9999999530712762,1.0,0.9999999765356381
organ_tablature,ammerbach_bookA,1,0.9999999554016781,1.0,0.999999977700839
organ_tablature,ammerbach_bookA,1,0.9999998978311289,1.0,0.9999999489155644
organ_tablature,ammerbach_bookA,1,0.999999994726495,1.0,0.9999999973632475
organ_tablature,ammerbach_bookA,1,0.9999999962240254,1.0,0.9999999981120127
organ_tablature,ammerbach_bookA,1,0.9999998014775676,1.0,0.9999999007387839
organ_tablature,ammerbach_bookA,1,0.9999930310818174,0.9795110039034811,0.9897520174926493
organ_tablature,ammerbach_bookA,1,0.9999951267112431,0.9983272861902999,0.9991612064507716
organ_tablature,ammerbach_bookA,1,0.9999922124788068,0.9984380165289256,0.9992151145038661
organ_tablature,ammerbach_bookA,1,0.9999999996411264,1.0,0.9999999998205632
organ_tablature,ammerbach_bookA,1,0.9999999972094107,1.0,0.9999999986047053
organ_tablature,ammerbach_bookA,1,0.9999996629809628,1.0,0.9999998314904814
organ_tablature,ammerbach_bookA,1,0.9999999942312163,1.0,0.9999999971156082
organ_tablature,ammerbach_bookA,1,0.9999999966955586,1.0,0.9999999983477793
organ_tablature,ammerbach_bookA,1,0.999999975082861,1.0,0.9999999875414305
organ_tablature,ammerbach_bookA,1,0.9999999867670448,1.0,0.9999999933835224
organ_tablature,ammerbach_bookA,1,0.9999997990892937,0.998,0.9989998995446469
organ_tablature,ammerbach_bookA,1,0.9999997403914483,1.0,0.9999998701957242
organ_tablature,ammerbach_bookA,1,0.999995328562861,0.9922770498201492,0.996136189191505
organ_tablature,ammerbach_bookA,1,0.9999993735641671,0.9839898027516918,0.9919945881579295
organ_tablature,ammerbach_bookA,1,0.9999968293744375,1.0,0.9999984146872187
organ_tablature,ammerbach_bookA,1,0.9999999962882404,1.0,0.9999999981441202
organ_tablature,ammerbach_bookA,1,0.9999999960796744,1.0,0.9999999980398372
organ_tablature,ammerbach_bookA,1,0.9999998728073325,1.0,0.9999999364036662
organ_tablature,ammerbach_bookA,1,0.9999999989142652,1.0,0.9999999994571326
organ_tablature,ammerbach_bookA,1,0.9999999999431355,1.0,0.9999999999715677
organ_tablature,ammerbach_bookA,1,0.9999999998487012,1.0,0.9999999999243506
organ_tablature,ammerbach_bookA,1,0.99999999980475,1.0,0.999999999902375
organ_tablature,ammerbach_bookA,1,0.999999956998994,1.0,0.9999999784994971
organ_tablature,ammerbach_bookA,1,0.9999999316372041,1.0,0.9999999658186021
organ_tablature,ammerbach_bookA,1,0.9999999819547779,1.0,0.9999999909773889
organ_tablature,ammerbach_bookA,1,0.9999998352397915,1.0,0.9999999176198957
organ_tablature,ammerbach_bookA,1,0.9999997278788092,1.0,0.9999998639394045
organ_tablature,ammerbach_bookA,1,0.999999939980593,0.9984881836596894,0.9992440618201412
organ_tablature,ammerbach_bookA,1,0.9999999950846117,0.9735059411173679,0.9867529681009898
organ_tablature,ammerbach_bookA,1,0.9999999999605744,0.9984881836596894,0.999244091810132
organ_tablature,ammerbach_bookA,1,0.9999999999418867,1.0,0.9999999999709434
organ_tablature,ammerbach_bookA,1,0.9999999999082145,1.0,0.9999999999541073
organ_tablature,ammerbach_bookA,1,0.9999999990227406,1.0,0.9999999995113703
organ_tablature,ammerbach_bookA,1,0.9999999978510001,1.0,0.9999999989255001
organ_tablature,ammerbach_bookA,1,0.999999991192953,0.9934401891037943,0.9967200901483737
organ_tablature,ammerbach_bookA,1,0.9999999863959745,1.0,0.9999999931979873
organ_tablature,ammerbach_bookA,1,0.9999998270479241,1.0,0.9999999135239621
organ_tablature,ammerbach_bookA,1,0.9999999050141269,1.0,0.9999999525070635
organ_tablature,ammerbach_bookA,1,0.9999998166422835,0.9967950151122773,0.9983974158772804
organ_tablature,ammerbach_bookA,1,0.9999434861635144,0.9983623028969564,0.9991528945302354
organ_tablature,ammerbach_bookA,1,0.9999999699677222,0.9950529406972956,0.9975264553325089
organ_tablature,ammerbach_bookA,1,0.9999999889476153,0.9950961308869292,0.9975480599172722
organ_tablature,ammerbach_bookA,1,0.9999999954903489,1.0,0.9999999977451745
organ_tablature,ammerbach_bookA,1,0.9999999594890786,1.0,0.9999999797445394
organ_tablature,ammerbach_bookA,1,0.9999999935874975,1.0,0.9999999967937487
organ_tablature,ammerbach_bookA,1,0.9999999880348108,1.0,0.9999999940174054
organ_tablature,ammerbach_bookA,1,0.9999999963765485,1.0,0.9999999981882742
organ_tablature,ammerbach_bookA,1,0.9999999707110703,1.0,0.9999999853555351
organ_tablature,ammerbach_bookA,1,0.9999999801672985,1.0,0.9999999900836493
organ_tablature,ammerbach_bookA,1,0.999999640884677,0.998092385572664,0.9990460132286705
organ_tablature,ammerbach_bookA,1,0.9999916142502193,0.9966525625744934,0.9983220884123564
organ_tablature,ammerbach_bookA,1,0.9999965167927349,0.9860518150381007,0.9930241659154178
organ_tablature,ammerbach_bookA,1,0.9999999913303795,1.0,0.9999999956651897
organ_tablature,ammerbach_bookA,1,0.9999999971502902,1.0,0.9999999985751451
organ_tablature,ammerbach_bookA,1,0.999999932260052,0.9983108962439569,0.9991554142520045
organ_tablature,ammerbach_bookA,1,0.9999997538731085,1.0,0.9999998769365542
organ_tablature,ammerbach_bookA,1,0.9999995250666107,1.0,0.9999997625333054
organ_tablature,ammerbach_bookA,1,0.9999797013331783,0.9888982271685088,0.9944389642508435
organ_tablature,ammerbach_bookA,1,0.9999976013770837,1.0,0.9999988006885419
organ_tablature,ammerbach_bookA,1,0.9999992491676819,1.0,0.999999624583841
organ_tablature,ammerbach_bookA,1,0.9999999965383812,1.0,0.9999999982691906
organ_tablature,ammerbach_bookA,1,0.9999999914236694,1.0,0.9999999957118346
organ_tablature,ammerbach_bookA,1,0.9999999931254515,1.0,0.9999999965627258
organ_tablature,ammerbach_bookA,1,0.9999999994009314,1.0,0.9999999997004657
organ_tablature,ammerbach_bookA,1,0.9999999298773041,0.9983177431328879,0.9991588365050961
organ_tablature,ammerbach_bookA,1,0.9999576276000454,0.9964546884696204,0.9982061580348329
organ_tablature,ammerbach_bookA,1,0.9999987471828758,0.9887342210000633,0.9943664840914695
organ_tablature,ammerbach_bookA,1,0.9999994838544486,1.0,0.9999997419272243
organ_tablature,ammerbach_bookA,1,0.9999999721886065,0.9983623028969564,0.9991811375427815
organ_tablature,ammerbach_bookA,1,0.9999996028343142,0.9865591863344997,0.993279394584407
organ_tablature,ammerbach_bookA,1,0.9999984465836756,1.0,0.9999992232918378
organ_tablature,ammerbach_bookA,1,0.9999989185324457,0.9945004615067613,0.9972496900196035
organ_tablature,ammerbach_bookA,1,0.9999914977413233,0.9980484429065745,0.9990199703239488
organ_tablature,ammerbach_bookA,1,0.9998829555428097,1.0,0.9999414777714049
organ_tablature,ammerbach_bookA,1,0.9999343083254801,0.9939530838029814,0.9969436960642308
organ_tablature,ammerbach_bookA,1,0.9999999423652797,1.0,0.9999999711826398
organ_tablature,ammerbach_bookA,1,0.9999999986722152,1.0,0.9999999993361076
organ_tablature,ammerbach_bookA,1,0.9999997891936172,1.0,0.9999998945968086
organ_tablature,ammerbach_bookA,1,0.999999910684509,1.0,0.9999999553422545
organ_tablature,ammerbach_bookA,1,0.9999999280304489,1.0,0.9999999640152244
organ_tablature,ammerbach_bookA,1,0.9999999563116336,1.0,0.9999999781558169
organ_tablature,ammerbach_bookA,1,0.9999990060153577,1.0,0.9999995030076789
organ_tablature,ammerbach_bookA,1,0.9999847204536505,0.9951546481398001,0.9975696842967253
organ_tablature,ammerbach_bookA,1,0.9999999397744582,1.0,0.9999999698872291
organ_tablature,ammerbach_bookA,1,0.9999999986124954,1.0,0.9999999993062477
organ_tablature,ammerbach_bookA,1,0.9999999849075529,1.0,0.9999999924537765
organ_tablature,ammerbach_bookA,1,0.9999999683351882,1.0,0.9999999841675942
organ_tablature,ammerbach_bookA,1,0.9999999991021802,1.0,0.9999999995510901
organ_tablature,ammerbach_bookA,1,0.9999999988276922,1.0,0.9999999994138461
organ_tablature,ammerbach_bookA,1,0.9999999533027768,1.0,0.9999999766513884
organ_tablature,ammerbach_bookA,1,0.9999999915702781,1.0,0.9999999957851391
organ_tablature,ammerbach_bookA,1,0.9999999567033914,0.998092385572664,0.9990461711380276
organ_tablature,ammerbach_bookA,1,0.9999986738393297,1.0,0.9999993369196649
organ_tablature,ammerbach_bookA,1,0.9999995068417186,0.9964546884696204,0.9982270976556695
organ_tablature,ammerbach_bookA,1,0.9999981032679177,0.9948874006849412,0.9974427519764295
organ_tablature,ammerbach_bookA,1,0.9999998040989648,1.0,0.9999999020494824
organ_tablature,ammerbach_bookA,1,0.9999999703456726,0.996557991202346,0.9982789807740093
organ_tablature,ammerbach_bookA,1,0.9999999708853713,0.9983108962439569,0.9991554335646641
organ_tablature,ammerbach_bookA,1,0.9999999909812401,0.9983108962439569,0.9991554436125984
organ_tablature,ammerbach_bookA,1,0.9999999182560988,0.9965873350676134,0.9982936266618561
organ_tablature,ammerbach_bookA,1,0.9999996727105173,0.9964546884696204,0.9982271805900689
organ_tablature,ammerbach_bookA,1,0.9999763968275107,0.9967950151122773,0.998385705969894
organ_tablature,ammerbach_bookA,1,0.9999741124324821,0.998,0.9989870562162411
organ_tablature,ammerbach_bookA,1,0.9999999887238188,1.0,0.9999999943619093
organ_tablature,ammerbach_bookA,1,0.9999999970873361,1.0,0.9999999985436681
organ_tablature,ammerbach_bookA,1,0.9999999644259218,1.0,0.9999999822129608
organ_tablature,ammerbach_bookA,1,0.9999999901607258,1.0,0.9999999950803629
organ_tablature,ammerbach_bookA,1,0.9999999986383845,1.0,0.9999999993191923
organ_tablature,ammerbach_bookA,1,0.9999999927085867,0.9983623028969564,0.9991811478027716
organ_tablature,ammerbach_bookA,1,0.9999881757184814,0.996557991202346,0.9982730834604137
organ_tablature,ammerbach_bookA,1,0.9999982563799203,1.0,0.9999991281899602
organ_tablature,ammerbach_bookA,1,0.9999991727567494,0.9964546884696204,0.9982269306131849
organ_tablature,ammerbach_bookA,1,0.9999960655752874,0.9891107935327245,0.9945534295540059
organ_tablature,ammerbach_bookA,1,0.9999999943962798,0.99645161784122,0.9982258061187499
organ_tablature,ammerbach_bookA,1,0.9999998065110521,0.998092385572664,0.9990460960418581
organ_tablature,ammerbach_bookA,1,0.9999999930117178,0.9985381396845832,0.9992690663481505
organ_tablature,ammerbach_bookA,1,0.9999997294087346,0.9964560219363003,0.9982278756725175
organ_tablature,ammerbach_bookA,1,0.9999991846853103,0.9980484429065745,0.9990238137959424
organ_tablature,ammerbach_bookA,1,0.99999868146278,1.0,0.9999993407313901
organ_tablature,ammerbach_bookA,1,0.9999965862390892,0.9983462246777164,0.9991714054584028
organ_tablature,ammerbach_bookA,1,0.9999999586144789,1.0,0.9999999793072394
organ_tablature,ammerbach_bookA,1,0.9999999990100417,1.0,0.9999999995050208
organ_tablature,ammerbach_bookA,1,0.9999999983435011,1.0,0.9999999991717505
organ_tablature,ammerbach_bookA,1,0.9999999988624846,1.0,0.9999999994312423
organ_tablature,ammerbach_bookA,1,0.999999983524732,1.0,0.999999991762366
organ_tablature,ammerbach_bookA,1,0.9999998568148635,1.0,0.9999999284074317
organ_tablature,ammerbach_bookA,1,0.9999999963479163,1.0,0.9999999981739581
organ_tablature,ammerbach_bookA,1,0.9999999953162444,1.0,0.9999999976581222
organ_tablature,ammerbach_bookA,1,0.9999994870193378,1.0,0.9999997435096689
organ_tablature,ammerbach_bookA,1,0.9999998770634793,1.0,0.9999999385317396
organ_tablature,ammerbach_bookA,1,0.9999999620227241,1.0,0.999999981011362
organ_tablature,ammerbach_bookA,1,0.9999999898989637,1.0,0.9999999949494818
organ_tablature,ammerbach_bookA,1,0.9999999989903696,1.0,0.9999999994951848
organ_tablature,ammerbach_bookA,1,0.9999999970666456,1.0,0.9999999985333228
organ_tablature,ammerbach_bookA,1,0.9999999979172571,1.0,0.9999999989586286
organ_tablature,ammerbach_bookA,1,0.9999999832125773,1.0,0.9999999916062887
organ_tablature,ammerbach_bookA,1,0.9999999888667982,0.98819448635999,0.9940972376133941
organ_tablature,ammerbach_bookA,1,0.9999998038553396,1.0,0.9999999019276697
organ_tablature,ammerbach_bookA,1,0.9999999878776157,1.0,0.9999999939388078
organ_tablature,ammerbach_bookA,1,0.9999999979077332,1.0,0.9999999989538666
organ_tablature,ammerbach_bookA,1,0.9999999948802558,1.0,0.9999999974401279
organ_tablature,ammerbach_bookA,1,0.9999999615470375,1.0,0.9999999807735187
organ_tablature,ammerbach_bookA,1,0.9999999565803651,1.0,0.9999999782901825
organ_tablature,ammerbach_bookA,1,0.9999999924018658,1.0,0.9999999962009329
organ_tablature,ammerbach_bookA,1,0.9999999824086142,1.0,0.9999999912043072
organ_tablature,ammerbach_bookA,1,0.9999999991827495,1.0,0.9999999995913748
organ_tablature,ammerbach_bookA,1,0.9999999940610362,1.0,0.9999999970305181
organ_tablature,ammerbach_bookA,1,0.9999999997285578,1.0,0.9999999998642789
organ_tablature,ammerbach_bookA,1,0.9999999999808227,1.0,0.9999999999904113
organ_tablature,ammerbach_bookA,1,0.9999999977636476,1.0,0.9999999988818238
organ_tablature,ammerbach_bookA,1,0.9999999996914246,1.0,0.9999999998457123
organ_tablature,ammerbach_bookA,1,0.99999999892352,1.0,0.99999999946176
organ_tablature,ammerbach_bookA,1,0.9999999850989403,1.0,0.9999999925494701
organ_tablature,ammerbach_bookA,1,0.9999999890954471,1.0,0.9999999945477236
organ_tablature,ammerbach_bookA,1,0.9999999771165996,1.0,0.9999999885582997
organ_tablature,ammerbach_bookA,1,0.9999967881094535,1.0,0.9999983940547268
organ_tablature,ammerbach_bookA,1,0.9999998481326084,0.9983623028969564,0.9991810755147824
organ_tablature,ammerbach_bookA,1,0.9999997614370496,1.0,0.9999998807185249
organ_tablature,ammerbach_bookA,1,0.9999998691834149,1.0,0.9999999345917074
organ_tablature,ammerbach_bookA,1,0.9999999926787513,1.0,0.9999999963393756
organ_tablature,ammerbach_bookA,1,0.9999957666285547,1.0,0.9999978833142773
organ_tablature,ammerbach_bookA,1,0.9999950640189104,0.9967950151122773,0.9983950395655938
organ_tablature,ammerbach_bookA,1,0.9999997123804066,1.0,0.9999998561902033
organ_tablature,ammerbach_bookA,1,0.9999999963598807,1.0,0.9999999981799403
organ_tablature,ammerbach_bookA,1,0.9999999959435235,0.9981943548387097,0.9990971753911166
organ_tablature,ammerbach_bookA,1,0.9999998541822721,1.0,0.999999927091136
organ_tablature,ammerbach_bookA,1,0.999999964035118,0.9932470337124641,0.9966234988737911
organ_tablature,ammerbach_bookA,1,0.9999999546616843,1.0,0.9999999773308421
organ_tablature,ammerbach_bookA,1,0.999999952758579,1.0,0.9999999763792895
organ_tablature,ammerbach_bookA,1,0.9999999984406898,1.0,0.9999999992203449
organ_tablature,ammerbach_bookA,1,0.9999999938697557,1.0,0.9999999969348778
organ_tablature,ammerbach_bookA,1,0.9999999894987407,1.0,0.9999999947493703
organ_tablature,ammerbach_bookA,1,0.9999989669371921,0.9985083724045546,0.9992536696708734
organ_tablature,ammerbach_bookA,1,0.9999984473831157,1.0,0.9999992236915578
organ_tablature,ammerbach_bookA,1,0.9999999120922325,1.0,0.9999999560461162
organ_tablature,ammerbach_bookA,1,0.9999999956091068,1.0,0.9999999978045534
organ_tablature,ammerbach_bookA,1,0.9999998697216247,1.0,0.9999999348608124
organ_tablature,ammerbach_bookA,1,0.9999963366402332,1.0,0.9999981683201167
organ_tablature,ammerbach_bookA,1,0.9999940394661279,1.0,0.9999970197330639
organ_tablature,ammerbach_bookA,1,0.9999981355732876,1.0,0.9999990677866438
organ_tablature,ammerbach_bookA,1,0.999999996810919,1.0,0.9999999984054595
organ_tablature,ammerbach_bookA,1,0.9999999650473185,1.0,0.9999999825236592
organ_tablature,ammerbach_bookA,1,0.999999845909304,1.0,0.999999922954652
organ_tablature,ammerbach_bookA,1,0.9999998833558162,1.0,0.9999999416779082
organ_tablature,ammerbach_bookA,1,0.9999999987151964,1.0,0.9999999993575982
organ_tablature,ammerbach_bookA,1,0.9999999870271896,1.0,0.9999999935135948
organ_tablature,ammerbach_bookA,1,0.9999957710972096,1.0,0.9999978855486048
organ_tablature,ammerbach_bookA,1,0.9999999125580238,1.0,0.9999999562790118
organ_tablature,ammerbach_bookA,1,0.9999999648186441,1.0,0.999999982409322
organ_tablature,ammerbach_bookA,1,0.9999999996261866,1.0,0.9999999998130933
organ_tablature,ammerbach_bookA,1,0.999999998160386,1.0,0.999999999080193
organ_tablature,ammerbach_bookA,1,0.9999999996135474,1.0,0.9999999998067737
organ_tablature,ammerbach_bookA,1,0.999999980540094,1.0,0.9999999902700469
organ_tablature,ammerbach_bookA,1,0.9999999996573308,1.0,0.9999999998286654
organ_tablature,ammerbach_bookA,1,0.9999999998219444,1.0,0.9999999999109722
organ_tablature,ammerbach_bookA,1,0.9999999543806667,1.0,0.9999999771903334
organ_tablature,ammerbach_bookA,1,0.9999999961705195,1.0,0.9999999980852597
organ_tablature,ammerbach_bookA,1,0.9999999977993494,1.0,0.9999999988996747
organ_tablature,ammerbach_bookA,1,0.9999999959099166,1.0,0.9999999979549583
organ_tablature,ammerbach_bookA,1,0.9999999984811248,1.0,0.9999999992405624
organ_tablature,ammerbach_bookA,1,0.9999999716161215,1.0,0.9999999858080608
organ_tablature,ammerbach_bookA,1,0.9999999982552412,1.0,0.9999999991276206
organ_tablature,ammerbach_bookA,1,0.9999999968471176,1.0,0.9999999984235588
organ_tablature,ammerbach_bookA,1,0.9999999953358047,1.0,0.9999999976679024
organ_tablature,ammerbach_bookA,1,0.9999999926087992,1.0,0.9999999963043996
organ_tablature,ammerbach_bookA,1,0.9999998258746531,1.0,0.9999999129373265
organ_tablature,ammerbach_bookA,1,0.9999993541181486,1.0,0.9999996770590742
organ_tablature,ammerbach_bookA,1,0.9999991316169428,1.0,0.9999995658084714
organ_tablature,ammerbach_bookA,1,0.9999999639895842,1.0,0.9999999819947921
organ_tablature,ammerbach_bookA,1,0.9999999757201684,1.0,0.9999999878600843
organ_tablature,ammerbach_bookA,1,0.9999996801639933,1.0,0.9999998400819967
organ_tablature,ammerbach_bookA,1,0.9999996834367112,1.0,0.9999998417183555
organ_tablature,ammerbach_bookA,1,0.9999999743080425,1.0,0.9999999871540213
organ_tablature,ammerbach_bookA,1,0.9999999922687045,1.0,0.9999999961343522
organ_tablature,ammerbach_bookA,1,0.9999999998451075,1.0,0.9999999999225537
organ_tablature,ammerbach_bookA,1,0.9999999992543014,1.0,0.9999999996271507
organ_tablature,ammerbach_bookA,1,0.999999911302868,1.0,0.9999999556514341
organ_tablature,ammerbach_bookA,1,0.9999999811445527,1.0,0.9999999905722763
organ_tablature,ammerbach_bookA,1,0.9999999789991527,1.0,0.9999999894995764
organ_tablature,ammerbach_bookA,1,0.9999994387757499,1.0,0.9999997193878749
organ_tablature,ammerbach_bookA,1,0.9999999959331716,1.0,0.9999999979665858
organ_tablature,ammerbach_bookA,1,0.9999999996379336,1.0,0.9999999998189668
organ_tablature,ammerbach_bookA,1,0.9999999917417054,1.0,0.9999999958708528
organ_tablature,ammerbach_bookA,1,0.9999999587437683,1.0,0.9999999793718841
organ_tablature,ammerbach_bookA,1,0.9999997667643965,1.0,0.9999998833821983
organ_tablature,ammerbach_bookA,1,0.999999793562439,1.0,0.9999998967812195
organ_tablature,ammerbach_bookA,1,0.9999991453539864,1.0,0.9999995726769932
organ_tablature,ammerbach_bookA,1,0.9999998909979696,1.0,0.9999999454989847
organ_tablature,ammerbach_bookA,1,0.9999999813280872,1.0,0.9999999906640435
organ_tablature,ammerbach_bookA,1,0.9999999993769884,1.0,0.9999999996884942
organ_tablature,ammerbach_bookA,1,0.9999999959525467,1.0,0.9999999979762734
organ_tablature,ammerbach_bookA,1,0.9999999986651962,1.0,0.9999999993325981
organ_tablature,ammerbach_bookA,1,0.9999999983102679,1.0,0.9999999991551339
organ_tablature,ammerbach_bookA,1,0.9999999824901357,0.9945873350676134,0.9972936587788745
organ_tablature,ammerbach_bookA,1,0.9999999975926781,1.0,0.999999998796339
organ_tablature,ammerbach_bookA,1,0.9999993644799641,1.0,0.999999682239982
organ_tablature,ammerbach_bookA,1,0.999997575405053,1.0,0.9999987877025265
organ_tablature,ammerbach_bookA,1,0.9999997092525444,1.0,0.9999998546262723
organ_tablature,ammerbach_bookA,1,0.9999999885105438,1.0,0.999999994255272
organ_tablature,ammerbach_bookA,1,0.9999999894232096,0.9983623028969564,0.999181146160083
organ_tablature,ammerbach_bookA,1,0.9999999994065851,1.0,0.9999999997032926
organ_tablature,ammerbach_bookA,1,0.9999999998025231,1.0,0.9999999999012615
organ_tablature,ammerbach_bookA,1,0.9999999985072128,1.0,0.9999999992536064
organ_tablature,ammerbach_bookA,1,0.9999999977848668,1.0,0.9999999988924334
organ_tablature,ammerbach_bookA,1,0.9999999994787296,1.0,0.9999999997393648
organ_tablature,ammerbach_bookA,1,0.999999995835072,1.0,0.999999997917536
organ_tablature,ammerbach_bookA,1,0.999999989533369,1.0,0.9999999947666844
organ_tablature,ammerbach_bookA,1,0.9999999518302286,1.0,0.9999999759151144
organ_tablature,ammerbach_bookA,1,0.9999997664472401,0.991732047094319,0.9958659067707796
organ_tablature,ammerbach_bookA,1,0.9999999998096389,1.0,0.9999999999048195
organ_tablature,ammerbach_bookA,1,0.9999999998251639,1.0,0.9999999999125819
organ_tablature,ammerbach_bookA,1,0.9999999987091432,1.0,0.9999999993545716
organ_tablature,ammerbach_bookA,1,0.99999920011377,1.0,0.9999996000568849
organ_tablature,ammerbach_bookA,1,0.9999999967858169,1.0,0.9999999983929084
organ_tablature,ammerbach_bookA,1,0.9999999995368019,1.0,0.9999999997684009
organ_tablature,ammerbach_bookA,1,0.9999999999296487,1.0,0.9999999999648244
organ_tablature,ammerbach_bookA,1,0.999999999802889,1.0,0.9999999999014445
organ_tablature,ammerbach_bookA,1,0.9999999872503963,0.99200323415117,0.9960016107007832
organ_tablature,ammerbach_bookA,1,0.9999999971691318,1.0,0.9999999985845659
organ_tablature,ammerbach_bookA,1,0.9999999998672124,1.0,0.9999999999336062
organ_tablature,ammerbach_bookA,1,0.9999999965767123,1.0,0.9999999982883562
organ_tablature,ammerbach_bookA,1,0.999999996213182,0.99200323415117,0.996001615182176
organ_tablature,ammerbach_bookA,1,0.9999999836701368,1.0,0.9999999918350684
organ_tablature,ammerbach_bookA,1,0.9999999686414754,0.9827637719154284,0.9913818702784519
organ_tablature,ammerbach_bookA,1,0.999999989147259,1.0,0.9999999945736295
organ_tablature,ammerbach_bookA,1,0.9999998800561576,1.0,0.9999999400280788
organ_tablature,ammerbach_bookA,1,0.9999999862389097,1.0,0.9999999931194549
organ_tablature,ammerbach_bookA,1,0.9999999965698849,1.0,0.9999999982849425
organ_tablature,ammerbach_bookA,1,0.9999999681024533,1.0,0.9999999840512266
organ_tablature,ammerbach_bookA,1,0.9999999135269825,1.0,0.9999999567634912
organ_tablature,ammerbach_bookA,1,0.999999982243441,1.0,0.9999999911217206
organ_tablature,ammerbach_bookA,1,0.9999999995932045,1.0,0.9999999997966023
organ_tablature,ammerbach_bookA,1,0.999999999948396,1.0,0.999999999974198
organ_tablature,ammerbach_bookA,1,0.9999998188719341,0.9889625259005943,0.9944811723862642
organ_tablature,ammerbach_bookA,1,0.9999999999545597,1.0,0.9999999999772798
organ_tablature,ammerbach_bookA,1,0.9999999998625289,0.9767670060665983,0.9883835029645636
organ_tablature,ammerbach_bookA,1,0.9999999998644977,1.0,0.9999999999322489
organ_tablature,ammerbach_bookA,1,0.999999998263591,0.99200323415117,0.9960016162073805
organ_tablature,ammerbach_bookA,1,0.9999999999205544,1.0,0.9999999999602772
organ_tablature,ammerbach_bookA,1,0.9999999998209994,1.0,0.9999999999104997
organ_tablature,ammerbach_bookA,1,0.9999999957748811,1.0,0.9999999978874405
organ_tablature,ammerbach_bookA,1,0.9999993607117644,1.0,0.9999996803558822
organ_tablature,ammerbach_bookA,1,0.9999992789606363,1.0,0.9999996394803181
organ_tablature,ammerbach_bookA,1,0.9999999607512673,1.0,0.9999999803756336
organ_tablature,ammerbach_bookA,1,0.999999998597001,1.0,0.9999999992985005
organ_tablature,ammerbach_bookA,1,0.9999978618015752,1.0,0.9999989309007876
organ_tablature,ammerbach_bookA,1,0.9999999988606783,1.0,0.9999999994303391
organ_tablature,ammerbach_bookA,1,0.9999999989272788,1.0,0.9999999994636394
organ_tablature,ammerbach_bookA,1,0.9999999866959308,1.0,0.9999999933479654
organ_tablature,ammerbach_bookA,1,0.999999998930017,1.0,0.9999999994650085
organ_tablature,ammerbach_bookA,1,0.9999999990778883,1.0,0.9999999995389441
organ_tablature,ammerbach_bookA,1,0.9999999947458185,1.0,0.9999999973729092
organ_tablature,ammerbach_bookA,1,0.9999999867823333,0.9944101287055519,0.9972050577439426
organ_tablature,ammerbach_bookA,1,0.9999999924283504,1.0,0.9999999962141752
organ_tablature,ammerbach_bookA,1,0.9999991407837321,1.0,0.999999570391866
organ_tablature,ammerbach_bookA,1,0.9999997755628578,0.9951546481398001,0.997577211851329
organ_tablature,ammerbach_bookA,1,0.9999948109227006,1.0,0.9999974054613503
organ_tablature,ammerbach_bookA,1,0.9999999851306058,1.0,0.9999999925653029
organ_tablature,ammerbach_bookA,1,0.9999999999238065,0.9983623028969564,0.9991811514103814
organ_tablature,ammerbach_bookA,1,0.999999989444832,1.0,0.9999999947224161
organ_tablature,ammerbach_bookA,1,0.9999999269399087,1.0,0.9999999634699543
organ_tablature,ammerbach_bookA,1,0.999999993740571,1.0,0.9999999968702855
organ_tablature,ammerbach_bookA,1,0.9999999810271251,1.0,0.9999999905135626
organ_tablature,ammerbach_bookA,1,0.9999999914350916,1.0,0.9999999957175458
organ_tablature,ammerbach_bookA,1,0.9999999948232514,1.0,0.9999999974116257
organ_tablature,ammerbach_bookA,1,0.9999998576486416,1.0,0.9999999288243209
organ_tablature,ammerbach_bookA,1,0.9999999990132651,1.0,0.9999999995066325
organ_tablature,ammerbach_bookA,1,0.9999999972949114,1.0,0.9999999986474557
organ_tablature,ammerbach_bookA,1,0.9999991885574252,1.0,0.9999995942787125
organ_tablature,ammerbach_bookA,1,0.9999995186983234,1.0,0.9999997593491616
organ_tablature,ammerbach_bookA,1,0.9999998823777402,1.0,0.99999994118887
organ_tablature,ammerbach_bookA,1,0.9999999579123686,1.0,0.9999999789561843
organ_tablature,ammerbach_bookA,1,0.9999998518671243,1.0,0.9999999259335621
organ_tablature,ammerbach_bookA,1,0.9999997509780251,1.0,0.9999998754890125
organ_tablature,ammerbach_bookA,1,0.9999999878448315,1.0,0.9999999939224158
organ_tablature,ammerbach_bookA,1,0.9999999336460064,1.0,0.9999999668230032
organ_tablature,ammerbach_bookA,1,0.9999990733222196,0.9969366813587428,0.9984678773404811
organ_tablature,ammerbach_bookA,1,0.9999978792185231,0.9969366813587428,0.998467280288633
organ_tablature,ammerbach_bookA,1,0.9999936605719631,0.9969366813587428,0.9984651709653529
organ_tablature,ammerbach_bookA,1,0.9999999876263367,1.0,0.9999999938131683
organ_tablature,ammerbach_bookA,1,0.9999999996022793,1.0,0.9999999998011396
organ_tablature,ammerbach_bookA,1,0.9999999924798727,1.0,0.9999999962399364
organ_tablature,ammerbach_bookA,1,0.9999999332973752,1.0,0.9999999666486876
organ_tablature,ammerbach_bookA,1,0.9999999842886553,1.0,0.9999999921443277
organ_tablature,ammerbach_bookA,1,0.9999998824302997,1.0,0.9999999412151499
organ_tablature,ammerbach_bookA,1,0.9999999765713986,1.0,0.9999999882856994
organ_tablature,ammerbach_bookA,1,0.9999997317035807,1.0,0.9999998658517903
organ_tablature,ammerbach_bookA,1,0.9999457443908814,0.9985980606818893,0.9992719025363853
organ_tablature,ammerbach_bookA,1,0.999994248224567,0.9933913698283632,0.9966928090264651
organ_tablature,ammerbach_bookA,1,0.9999996678518601,1.0,0.9999998339259301
organ_tablature,ammerbach_bookA,1,0.9999999906983145,1.0,0.9999999953491572
organ_tablature,ammerbach_bookA,1,0.9999999993308479,1.0,0.999999999665424
organ_tablature,ammerbach_bookA,1,0.9999999996954181,1.0,0.999999999847709
organ_tablature,ammerbach_bookA,1,0.9999999958314147,1.0,0.9999999979157074
organ_tablature,ammerbach_bookA,1,0.9999999998737117,1.0,0.9999999999368558
organ_tablature,ammerbach_bookA,1,0.999999999852337,1.0,0.9999999999261685
organ_tablature,ammerbach_bookA,1,0.9999999752587949,1.0,0.9999999876293975
organ_tablature,ammerbach_bookA,1,0.9999999994026791,0.9983177431328879,0.9991588712677835
organ_tablature,ammerbach_bookA,1,0.9999999994682751,1.0,0.9999999997341376
organ_tablature,ammerbach_bookA,1,0.9999998509431347,1.0,0.9999999254715674
organ_tablature,ammerbach_bookA,1,0.9999991630148353,0.9922770498201492,0.9961381064174922
organ_tablature,ammerbach_bookA,1,0.9999999269321354,1.0,0.9999999634660677
organ_tablature,ammerbach_bookA,1,0.9999999996264677,1.0,0.9999999998132338
organ_tablature,ammerbach_bookA,1,0.9999999985220775,1.0,0.9999999992610388
organ_tablature,ammerbach_bookA,1,0.999999988020741,1.0,0.9999999940103705
organ_tablature,ammerbach_bookA,1,0.999999966301905,1.0,0.9999999831509525
organ_tablature,ammerbach_bookA,1,0.9999999940549893,0.991663857233645,0.9958319256443171
organ_tablature,ammerbach_bookA,1,0.9999999968660567,1.0,0.9999999984330283
organ_tablature,ammerbach_bookA,1,0.9999998948263533,1.0,0.9999999474131767
organ_tablature,ammerbach_bookA,1,0.999995760659016,1.0,0.999997880329508
organ_tablature,ammerbach_bookA,1,0.9999929622726045,0.9984380165289256,0.999215489400765
organ_tablature,ammerbach_bookA,1,0.9999999997171978,1.0,0.9999999998585989
organ_tablature,ammerbach_bookA,1,0.9999999994530273,0.987053101059861,0.9935265502564441
organ_tablature,ammerbach_bookA,1,0.9999999967992153,1.0,0.9999999983996076
organ_tablature,ammerbach_bookA,1,0.9999999931107304,1.0,0.9999999965553652
organ_tablature,ammerbach_bookA,1,0.9999999954751451,1.0,0.9999999977375725
organ_tablature,ammerbach_bookA,1,0.9999999128595161,1.0,0.999999956429758
organ_tablature,ammerbach_bookA,1,0.9999995288393067,1.0,0.9999997644196533
organ_tablature,ammerbach_bookA,1,0.9999998535985938,1.0,0.999999926799297
organ_tablature,ammerbach_bookA,1,0.9999999718562801,1.0,0.9999999859281401
organ_tablature,ammerbach_bookA,1,0.9999999998009712,1.0,0.9999999999004856
organ_tablature,ammerbach_bookA,1,0.999999977028665,1.0,0.9999999885143325
organ_tablature,ammerbach_bookA,1,0.9999999994857303,1.0,0.9999999997428651
organ_tablature,ammerbach_bookA,1,0.9999999357118278,1.0,0.9999999678559139
organ_tablature,ammerbach_bookA,1,0.9999999864629394,1.0,0.9999999932314697
organ_tablature,ammerbach_bookA,1,0.9999999878729854,1.0,0.9999999939364927
organ_tablature,ammerbach_bookA,1,0.999999998387562,1.0,0.999999999193781
organ_tablature,ammerbach_bookA,1,0.9999999977909924,1.0,0.9999999988954962
organ_tablature,ammerbach_bookA,1,0.9999999991637543,1.0,0.9999999995818771
organ_tablature,ammerbach_bookA,1,0.9999999980081329,1.0,0.9999999990040664
organ_tablature,ammerbach_bookA,1,0.9999999985935106,1.0,0.9999999992967553
organ_tablature,ammerbach_bookA,1,0.999999997413046,1.0,0.999999998706523
organ_tablature,ammerbach_bookA,1,0.999999998291218,1.0,0.999999999145609
organ_tablature,ammerbach_bookA,1,0.9999930690343565,1.0,0.9999965345171782
organ_tablature,ammerbach_bookA,1,0.9999997315150805,1.0,0.9999998657575402
organ_tablature,ammerbach_bookA,1,0.9999996304151939,1.0,0.999999815207597
organ_tablature,ammerbach_bookA,1,0.9999999981538195,1.0,0.9999999990769097
organ_tablature,ammerbach_bookA,1,0.9999999997646134,1.0,0.9999999998823067
organ_tablature,ammerbach_bookA,1,0.9999995558755693,1.0,0.9999997779377847
organ_tablature,ammerbach_bookA,1,0.9999999793280467,1.0,0.9999999896640234
organ_tablature,ammerbach_bookA,1,0.9999998660673755,1.0,0.9999999330336877
organ_tablature,ammerbach_bookA,1,0.9999990098666289,1.0,0.9999995049333145
organ_tablature,ammerbach_bookA,1,0.9999991164898822,1.0,0.999999558244941
organ_tablature,ammerbach_bookA,1,0.9999995137328677,1.0,0.9999997568664338
organ_tablature,ammerbach_bookA,1,0.9999986636193616,1.0,0.9999993318096808
organ_tablature,ammerbach_bookA,1,0.9999999719700586,1.0,0.9999999859850293
organ_tablature,ammerbach_bookA,1,0.9999999997334488,1.0,0.9999999998667244
organ_tablature,ammerbach_bookA,1,0.9999999984978618,1.0,0.9999999992489309
organ_tablature,ammerbach_bookA,1,0.9999999959379364,0.9983623028969564,0.9991811494174464
organ_tablature,ammerbach_bookA,1,0.9999999885571317,1.0,0.9999999942785658
organ_tablature,ammerbach_bookA,1,0.9999999980368788,1.0,0.9999999990184394
organ_tablature,ammerbach_bookA,1,0.9999999978118974,1.0,0.9999999989059487
organ_tablature,ammerbach_bookA,1,0.9999991350303278,1.0,0.9999995675151638
organ_tablature,ammerbach_bookA,1,0.9999987926524756,1.0,0.9999993963262378
organ_tablature,ammerbach_bookA,1,0.9998543209668577,0.9963150074294205,0.9980846641981391
organ_tablature,ammerbach_bookA,1,0.9999572165040812,0.9969366813587428,0.9984469489314121
organ_tablature,ammerbach_bookA,1,0.9999994653195788,1.0,0.9999997326597894
organ_tablature,ammerbach_bookA,1,0.9999999991210509,1.0,0.9999999995605254
organ_tablature,ammerbach_bookA,1,0.9999999965120612,1.0,0.9999999982560306
organ_tablature,ammerbach_bookA,1,0.9999974089862852,1.0,0.9999987044931427
organ_tablature,ammerbach_bookA,1,0.9999999974610125,1.0,0.9999999987305063
organ_tablature,ammerbach_bookA,1,0.9999999912332925,1.0,0.9999999956166463
organ_tablature,ammerbach_bookA,1,0.9999999783145641,1.0,0.999999989157282
organ_tablature,ammerbach_bookA,1,0.9999999978914984,1.0,0.9999999989457492
organ_tablature,ammerbach_bookA,1,0.9999998486899173,1.0,0.9999999243449587
organ_tablature,ammerbach_bookA,1,0.9999999694773554,1.0,0.9999999847386777
organ_tablature,ammerbach_bookA,1,0.9999997962446403,1.0,0.9999998981223202
organ_tablature,ammerbach_bookA,1,0.9999998592104832,0.9984380165289256,0.9992189378697044
organ_tablature,ammerbach_bookA,1,0.9999999973983289,1.0,0.9999999986991644
organ_tablature,ammerbach_bookA,1,0.999999996556407,1.0,0.9999999982782035
organ_tablature,ammerbach_bookA,1,0.9999999991128876,1.0,0.9999999995564438
organ_tablature,ammerbach_bookA,1,0.9999999538401393,1.0,0.9999999769200696
organ_tablature,ammerbach_bookA,1,0.9999999717794722,1.0,0.9999999858897362
organ_tablature,ammerbach_bookA,1,0.9999999839185265,1.0,0.9999999919592633
organ_tablature,ammerbach_bookA,1,0.9999999309130357,1.0,0.9999999654565179
organ_tablature,ammerbach_bookA,1,0.99999999828597,1.0,0.999999999142985
organ_tablature,ammerbach_bookA,1,0.9999999744519004,0.9969366813587428,0.9984683279053216
organ_tablature,ammerbach_bookA,1,0.9999999824026474,0.9969366813587428,0.9984683318806951
organ_tablature,ammerbach_bookA,1,0.9999999744365256,1.0,0.9999999872182628
organ_tablature,ammerbach_bookA,1,0.9999999523303986,1.0,0.9999999761651993
organ_tablature,ammerbach_bookA,1,0.9999999611658796,1.0,0.9999999805829398
organ_tablature,ammerbach_bookA,1,0.9999999997814704,1.0,0.9999999998907352
organ_tablature,ammerbach_bookA,1,0.9999999995525735,1.0,0.9999999997762867
organ_tablature,ammerbach_bookA,1,0.9999999640955073,1.0,0.9999999820477536
organ_tablature,ammerbach_bookA,1,0.9999998484926623,0.9965873350676134,0.9982935917801379
organ_tablature,ammerbach_bookA,1,0.9999999832726604,1.0,0.9999999916363302
organ_tablature,ammerbach_bookA,1,0.9999997193042485,1.0,0.9999998596521242
organ_tablature,ammerbach_bookA,1,0.9999999036288625,1.0,0.9999999518144312
organ_tablature,ammerbach_bookA,1,0.9999999927742236,1.0,0.9999999963871118
organ_tablature,ammerbach_bookA,1,0.999999600531822,1.0,0.999999800265911
organ_tablature,ammerbach_bookA,1,0.9999936446266977,0.9983623028969564,0.999177973761827
organ_tablature,ammerbach_bookA,1,0.9999977407907189,0.9951546481398001,0.9975761944652595
organ_tablature,ammerbach_bookA,1,0.9999999800542738,1.0,0.9999999900271369
organ_tablature,ammerbach_bookA,1,0.9999999917822474,1.0,0.9999999958911236
organ_tablature,ammerbach_bookA,1,0.9999999917204693,1.0,0.9999999958602346
organ_tablature,ammerbach_bookA,1,0.999999999236239,1.0,0.9999999996181195
organ_tablature,ammerbach_bookA,1,0.9999999533815123,1.0,0.9999999766907561
organ_tablature,ammerbach_bookA,1,0.9999999896356707,1.0,0.9999999948178353
organ_tablature,ammerbach_bookA,1,0.999999999399197,1.0,0.9999999996995985
organ_tablature,ammerbach_bookA,1,0.9999999848607086,1.0,0.9999999924303543
organ_tablature,ammerbach_bookA,1,0.9999998799754672,1.0,0.9999999399877336
organ_tablature,ammerbach_bookA,1,0.9999909831865996,1.0,0.9999954915932998
organ_tablature,ammerbach_bookA,1,0.9999999307130595,0.996557991202346,0.9982789609577027
organ_tablature,ammerbach_bookA,1,0.9999999467244098,0.996557991202346,0.998278968963378
organ_tablature,ammerbach_bookA,1,0.9999999961742712,0.996557991202346,0.9982789936883085
organ_tablature,ammerbach_bookA,1,0.9999999996693418,0.9986437125748503,0.999321856122096
organ_tablature,ammerbach_bookA,1,0.9999999369356274,0.9902979470274665,0.9951489419815469
organ_tablature,ammerbach_bookA,1,0.9999999992482314,1.0,0.9999999996241157
organ_tablature,ammerbach_bookA,1,0.9999999999522853,0.9983623028969564,0.9991811514246208
organ_tablature,ammerbach_bookA,1,0.9999999995332505,1.0,0.9999999997666252
organ_tablature,ammerbach_bookA,1,0.99999999574229,1.0,0.999999997871145
organ_tablature,ammerbach_bookA,1,0.9999999987835422,1.0,0.9999999993917711
organ_tablature,ammerbach_bookA,1,0.9999999966202651,1.0,0.9999999983101325
organ_tablature,ammerbach_bookA,1,0.9999999356676254,1.0,0.9999999678338127
organ_tablature,ammerbach_bookA,1,0.9999999891408912,1.0,0.9999999945704456
organ_tablature,ammerbach_bookA,1,0.9999999990708142,1.0,0.9999999995354071
organ_tablature,ammerbach_bookA,1,0.9999999985695183,1.0,0.9999999992847591
organ_tablature,ammerbach_bookA,1,0.9999999988183323,1.0,0.9999999994091662
organ_tablature,ammerbach_bookA,1,0.9999999992644522,1.0,0.9999999996322261
organ_tablature,ammerbach_bookA,1,0.9999999991835986,1.0,0.9999999995917993
organ_tablature,ammerbach_bookA,1,0.9999999754845575,1.0,0.9999999877422787
organ_tablature,ammerbach_bookA,1,0.9999999936750494,1.0,0.9999999968375247
organ_tablature,ammerbach_bookA,1,0.9999999942217295,1.0,0.9999999971108647
organ_tablature,ammerbach_bookA,1,0.9999999994676774,1.0,0.9999999997338387
organ_tablature,ammerbach_bookA,1,0.9999999997730182,1.0,0.9999999998865091
organ_tablature,ammerbach_bookA,1,0.9999999993938531,1.0,0.9999999996969265
organ_tablature,ammerbach_bookA,1,0.9999999987902592,1.0,0.9999999993951296
organ_tablature,ammerbach_bookA,1,0.9999999962232164,1.0,0.9999999981116082
organ_tablature,ammerbach_bookA,1,0.9999999994758912,1.0,0.9999999997379456
organ_tablature,ammerbach_bookA,1,0.9999999995777009,1.0,0.9999999997888505
organ_tablature,ammerbach_bookA,1,0.9999999726961101,1.0,0.9999999863480551
organ_tablature,ammerbach_bookA,1,0.9999999987021595,1.0,0.9999999993510797
organ_tablature,ammerbach_bookA,1,0.9999999994239337,1.0,0.9999999997119668
organ_tablature,ammerbach_bookA,1,0.9999999952902003,1.0,0.9999999976451002
organ_tablature,ammerbach_bookA,1,0.9999999918335326,1.0,0.9999999959167662
organ_tablature,ammerbach_bookA,1,0.9999999928241405,1.0,0.9999999964120703
organ_tablature,ammerbach_bookA,1,0.9999999850413079,1.0,0.999999992520654
organ_tablature,ammerbach_bookA,1,0.9999994738937551,0.9984380165289256,0.9992187452113404
organ_tablature,ammerbach_bookA,1,0.9999999983108605,1.0,0.9999999991554303
organ_tablature,ammerbach_bookA,1,0.999999998255861,1.0,0.9999999991279305
organ_tablature,ammerbach_bookA,1,0.9999999976015537,1.0,0.9999999988007768
organ_tablature,ammerbach_bookA,1,0.9999993976497916,0.9952811308298841,0.9976402642398379
organ_tablature,ammerbach_bookA,1,0.99999995643949,0.9951546481398001,0.997577302289645
organ_tablature,ammerbach_bookA,1,0.9999997253173198,0.9827637719154284,0.9913817486163741
organ_tablature,ammerbach_bookA,1,0.9999995602340341,1.0,0.9999997801170171
organ_tablature,ammerbach_bookA,1,0.999999851644638,1.0,0.999999925822319
organ_tablature,ammerbach_bookA,1,0.9999998749209823,1.0,0.9999999374604911
organ_tablature,ammerbach_bookA,1,0.999999996993955,1.0,0.9999999984969775
organ_tablature,ammerbach_bookA,1,0.9999999781882867,1.0,0.9999999890941433
organ_tablature,ammerbach_bookA,1,0.9999993555385179,1.0,0.999999677769259
organ_tablature,ammerbach_bookA,1,0.9999999619348953,0.9969366813587428,0.9984683216468191
organ_tablature,ammerbach_bookA,1,0.999999980057511,1.0,0.9999999900287555
organ_tablature,ammerbach_bookA,1,0.9999999796054984,1.0,0.9999999898027492
organ_tablature,ammerbach_bookA,1,0.9999999819456417,1.0,0.9999999909728208
organ_tablature,ammerbach_bookA,1,0.9999999787566598,1.0,0.9999999893783299
organ_tablature,ammerbach_bookA,1,0.9999999599011731,1.0,0.9999999799505865
organ_tablature,ammerbach_bookA,1,0.9999999911038185,1.0,0.9999999955519092
organ_tablature,ammerbach_bookA,1,0.9999999891538299,1.0,0.9999999945769149
organ_tablature,ammerbach_bookA,1,0.9999997704627489,1.0,0.9999998852313745
organ_tablature,ammerbach_bookA,1,0.9999998830617646,1.0,0.9999999415308822
organ_tablature,ammerbach_bookA,1,0.9999999006293271,1.0,0.9999999503146635
organ_tablature,ammerbach_bookA,1,0.9999998070375998,0.9967219359244793,0.9983608714810396
organ_tablature,ammerbach_bookA,1,0.9999999235465585,1.0,0.9999999617732793
organ_tablature,ammerbach_bookA,1,0.9999999963158861,1.0,0.999999998157943
organ_tablature,ammerbach_bookA,1,0.9999999997707159,1.0,0.9999999998853579
organ_tablature,ammerbach_bookA,1,0.9999999954419623,1.0,0.9999999977209811
organ_tablature,ammerbach_bookA,1,0.9999999455229373,1.0,0.9999999727614686
organ_tablature,ammerbach_bookA,1,0.9999999909441776,1.0,0.9999999954720888
organ_tablature,ammerbach_bookA,1,0.9999999668843975,1.0,0.9999999834421988
organ_tablature,ammerbach_bookA,1,0.9999999893647747,1.0,0.9999999946823874
organ_tablature,ammerbach_bookA,1,0.9999999437964007,1.0,0.9999999718982003
organ_tablature,ammerbach_bookA,1,0.9999999995145401,1.0,0.99999999975727
organ_tablature,ammerbach_bookA,1,0.9999999959979613,1.0,0.9999999979989806
organ_tablature,ammerbach_bookA,1,0.9999987934368625,1.0,0.9999993967184313
organ_tablature,ammerbach_bookA,1,0.9999999934757222,1.0,0.9999999967378611
organ_tablature,ammerbach_bookA,1,0.9999999642538642,1.0,0.9999999821269321
organ_tablature,ammerbach_bookA,1,0.9999981665212908,0.9984380165289256,0.9992180915251082
organ_tablature,ammerbach_bookA,1,0.9999999913888705,0.9983623028969564,0.9991811471429135
organ_tablature,ammerbach_bookA,1,0.9999999508410713,1.0,0.9999999754205356
organ_tablature,ammerbach_bookA,1,0.9999999939959519,1.0,0.9999999969979759
organ_tablature,ammerbach_bookA,1,0.9999999955771486,1.0,0.9999999977885743
organ_tablature,ammerbach_bookA,1,0.9999999870581124,1.0,0.9999999935290562
organ_tablature,ammerbach_bookA,1,0.9999999661505756,1.0,0.9999999830752878
organ_tablature,ammerbach_bookA,1,0.999999978166016,1.0,0.999999989083008
organ_tablature,ammerbach_bookA,1,0.9999998189245268,1.0,0.9999999094622634
organ_tablature,ammerbach_bookA,1,0.9999967440449247,1.0,0.9999983720224623
organ_tablature,ammerbach_bookA,1,0.9999998693903185,1.0,0.9999999346951592
organ_tablature,ammerbach_bookA,1,0.9999999988782928,0.9831260748123848,0.9915630368453388
organ_tablature,ammerbach_bookA,1,0.999999982765169,1.0,0.9999999913825846
organ_tablature,ammerbach_bookA,1,0.9999999463811085,1.0,0.9999999731905542
organ_tablature,ammerbach_bookA,1,0.9999999753044008,1.0,0.9999999876522003
organ_tablature,ammerbach_bookA,1,0.9999999274292753,1.0,0.9999999637146377
organ_tablature,ammerbach_bookA,1,0.9999999824702518,1.0,0.9999999912351258
organ_tablature,ammerbach_bookA,1,0.9999999671675595,1.0,0.9999999835837797
organ_tablature,ammerbach_bookA,1,0.9999995659796116,1.0,0.9999997829898057
organ_tablature,ammerbach_bookA,1,0.9999986960316024,0.9827637719154284,0.9913812339735154
organ_tablature,ammerbach_bookA,1,0.9999990066220694,1.0,0.9999995033110347
organ_tablature,ammerbach_bookA,1,0.9999999648614987,1.0,0.9999999824307493
organ_tablature,ammerbach_bookA,1,0.9999999984892747,1.0,0.9999999992446373
organ_tablature,ammerbach_bookA,1,0.9999999990979218,1.0,0.9999999995489609
organ_tablature,ammerbach_bookA,1,0.9999999998090094,1.0,0.9999999999045047
organ_tablature,ammerbach_bookA,1,0.9999999995869115,1.0,0.9999999997934558
organ_tablature,ammerbach_bookA,1,0.999999999694585,1.0,0.9999999998472925
organ_tablature,ammerbach_bookA,1,0.9999999998797486,0.9886907981629046,0.9943453990213267
organ_tablature,ammerbach_bookA,1,0.9999999995664963,1.0,0.9999999997832482
organ_tablature,ammerbach_bookA,1,0.9999999989243646,1.0,0.9999999994621823
organ_tablature,ammerbach_bookA,1,0.9999999994336717,1.0,0.9999999997168358
organ_tablature,ammerbach_bookA,1,0.999999950158232,1.0,0.999999975079116
organ_tablature,ammerbach_bookA,1,0.9999999634506003,1.0,0.9999999817253001
organ_tablature,ammerbach_bookA,1,0.999995884867782,1.0,0.999997942433891
organ_tablature,ammerbach_bookA,1,0.9999988191437821,0.9983623028969564,0.9991805610203692
organ_tablature,ammerbach_bookA,1,0.9999998625440929,0.9869169605483423,0.9934584115462176
organ_tablature,ammerbach_bookA,1,0.9999998124423785,0.9966731991409133,0.9983365057916459
organ_tablature,ammerbach_bookA,1,0.9999987278972311,0.9828902491437642,0.9914444885204976
organ_tablature,ammerbach_bookA,1,0.9999922785086037,0.988627827161952,0.9943100528352778
organ_tablature,ammerbach_bookA,1,0.9999241816632303,0.9876063694228306,0.9937652755430304
organ_tablature,ammerbach_bookA,1,0.9999968953532111,1.0,0.9999984476766055
organ_tablature,ammerbach_bookA,1,0.9999999952742351,1.0,0.9999999976371176
organ_tablature,ammerbach_bookA,1,0.9999999955163181,1.0,0.9999999977581591
organ_tablature,ammerbach_bookA,1,0.9999999994620337,1.0,0.9999999997310168
organ_tablature,ammerbach_bookA,1,0.9999999995564515,1.0,0.9999999997782257
organ_tablature,ammerbach_bookA,1,0.9999999690580125,1.0,0.9999999845290062
organ_tablature,ammerbach_bookA,1,0.9999998588282961,0.9830085412957925,0.9915042000620443
organ_tablature,ammerbach_bookA,1,0.9999999061560939,1.0,0.999999953078047
organ_tablature,ammerbach_bookA,1,0.9999997126835753,1.0,0.9999998563417877
organ_tablature,ammerbach_bookA,1,0.9999994601375685,1.0,0.9999997300687842
organ_tablature,ammerbach_bookA,1,0.9999999346844801,1.0,0.9999999673422401
organ_tablature,ammerbach_bookA,1,0.9999999855903474,1.0,0.9999999927951737
organ_tablature,ammerbach_bookA,1,0.9999999730616002,1.0,0.9999999865308
organ_tablature,ammerbach_bookA,1,0.9999999610836985,1.0,0.9999999805418492
organ_tablature,ammerbach_bookA,1,0.9999998271886855,1.0,0.9999999135943427
organ_tablature,ammerbach_bookA,1,0.9999997831211953,1.0,0.9999998915605977
organ_tablature,ammerbach_bookA,1,0.999868968571,0.9969366813587428,0.9984028249648714
organ_tablature,ammerbach_bookA,1,0.9996807158498838,0.9966525625744934,0.9981666392121886
organ_tablature,ammerbach_bookA,1,0.9999936928383163,0.996557991202346,0.9982758420203312
organ_tablature,ammerbach_bookA,1,0.9999999543682979,0.9950961308869292,0.9975480426276135
organ_tablature,ammerbach_bookA,1,0.9999995873440621,0.9914796516923808,0.9957396195182215
organ_tablature,ammerbach_bookA,1,0.9999965882614354,0.9875823390518295,0.9937894636566325
organ_tablature,ammerbach_bookA,1,0.9999995813113761,0.9951907022590766,0.9975951417852263
organ_tablature,ammerbach_bookA,1,0.9999944526899228,0.9966525625744934,0.9983235076322081
organ_tablature,ammerbach_bookA,1,0.9999878054670902,0.9980484429065745,0.9990181241868323
organ_tablature,ammerbach_bookA,1,0.999999949717281,1.0,0.9999999748586406
organ_tablature,ammerbach_bookA,1,0.9999999996565134,1.0,0.9999999998282567
organ_tablature,ammerbach_bookA,1,0.9999999986798824,1.0,0.9999999993399412
organ_tablature,ammerbach_bookA,1,0.9999999991555479,1.0,0.999999999577774
organ_tablature,ammerbach_bookA,1,0.9999999924878448,1.0,0.9999999962439223
organ_tablature,ammerbach_bookA,1,0.9999988529941692,1.0,0.9999994264970846
organ_tablature,ammerbach_bookA,1,0.999999999243083,1.0,0.9999999996215415
organ_tablature,ammerbach_bookA,1,0.9999999961381598,1.0,0.9999999980690799
organ_tablature,ammerbach_bookA,1,0.9999999310127593,1.0,0.9999999655063796
organ_tablature,ammerbach_bookA,1,0.999999878521587,1.0,0.9999999392607934
organ_tablature,ammerbach_bookA,1,0.9999994360596388,0.9967923452428438,0.9983958906512413
organ_tablature,ammerbach_bookA,1,0.9999998425389763,0.9951546481398001,0.9975772453393883
organ_tablature,ammerbach_bookA,1,0.9999999617748582,1.0,0.9999999808874291
organ_tablature,ammerbach_bookA,1,0.999999997073814,1.0,0.999999998536907
organ_tablature,ammerbach_bookA,1,0.9999999771549887,1.0,0.9999999885774944
organ_tablature,ammerbach_bookA,1,0.9999999932010952,1.0,0.9999999966005476
organ_tablature,ammerbach_bookA,1,0.9999999971844686,1.0,0.9999999985922343
organ_tablature,ammerbach_bookA,1,0.9999999440801117,1.0,0.9999999720400559
organ_tablature,ammerbach_bookA,1,0.999999328446217,1.0,0.9999996642231085
organ_tablature,ammerbach_bookA,1,0.9999926250326114,0.9946504341010126,0.9973215295668121
organ_tablature,ammerbach_bookA,1,0.9999999239880337,1.0,0.9999999619940169
organ_tablature,ammerbach_bookA,1,0.9999999994599558,1.0,0.9999999997299779
organ_tablature,ammerbach_bookA,1,0.9999999995518118,1.0,0.9999999997759059
organ_tablature,ammerbach_bookA,1,0.9999999954334247,1.0,0.9999999977167123
organ_tablature,ammerbach_bookA,1,0.9999999997672964,1.0,0.9999999998836482
organ_tablature,ammerbach_bookA,1,0.9999999998854006,0.9983623028969564,0.9991811513911785
organ_tablature,ammerbach_bookA,1,0.999999993569548,1.0,0.999999996784774
organ_tablature,ammerbach_bookA,1,0.9999999969379862,1.0,0.9999999984689931
organ_tablature,ammerbach_bookA,1,0.9999999991077806,1.0,0.9999999995538903
organ_tablature,ammerbach_bookA,1,0.9999999985505719,1.0,0.9999999992752859
organ_tablature,ammerbach_bookA,1,0.9999999978991472,1.0,0.9999999989495736
organ_tablature,ammerbach_bookA,1,0.9999999326652959,1.0,0.999999966332648
organ_tablature,ammerbach_bookA,1,0.9999999943371809,1.0,0.9999999971685904
organ_tablature,ammerbach_bookA,1,0.9999999990628707,1.0,0.9999999995314354
organ_tablature,ammerbach_bookA,1,0.9999999853027066,1.0,0.9999999926513533
organ_tablature,ammerbach_bookA,1,0.999999999634692,1.0,0.999999999817346
organ_tablature,ammerbach_bookA,1,0.999999997455284,1.0,0.999999998727642
organ_tablature,ammerbach_bookA,1,0.9999999921537884,1.0,0.9999999960768942
organ_tablature,ammerbach_bookA,1,0.9999999801114239,1.0,0.9999999900557119
organ_tablature,ammerbach_bookA,1,0.9999999843862508,1.0,0.9999999921931254
organ_tablature,ammerbach_bookA,1,0.9999999297389845,1.0,0.9999999648694923
organ_tablature,ammerbach_bookA,1,0.9999994423882334,0.998092385572664,0.9990459139804486
organ_tablature,ammerbach_bookA,1,0.9999999499116335,0.9964546884696204,0.998227319190627
organ_tablature,ammerbach_bookA,1,0.9999998959032219,0.9964546884696204,0.9982272921864211
organ_tablature,ammerbach_bookA,1,0.999999973946341,1.0,0.9999999869731705
organ_tablature,ammerbach_bookA,1,0.9999999307851551,1.0,0.9999999653925775
organ_tablature,ammerbach_bookA,1,0.9999998173720042,1.0,0.9999999086860021
organ_tablature,ammerbach_bookA,1,0.9999999943990787,1.0,0.9999999971995394
organ_tablature,ammerbach_bookA,1,0.9999999940910862,1.0,0.9999999970455431
organ_tablature,ammerbach_bookA,1,0.9999999791651908,1.0,0.9999999895825954
organ_tablature,ammerbach_bookA,1,0.9999999980796495,1.0,0.9999999990398247
organ_tablature,ammerbach_bookA,1,0.9999999996899027,0.9980662080825451,0.9990331038862239
organ_tablature,ammerbach_bookA,1,0.9999967061354775,1.0,0.9999983530677388
organ_tablature,ammerbach_bookA,1,0.9999996440249231,1.0,0.9999998220124615
organ_tablature,ammerbach_bookA,1,0.9999999771746263,1.0,0.9999999885873132
organ_tablature,ammerbach_bookA,1,0.999999987893511,1.0,0.9999999939467554
organ_tablature,ammerbach_bookA,1,0.9999999677227819,1.0,0.9999999838613909
organ_tablature,ammerbach_bookA,1,0.9999998004846732,1.0,0.9999999002423365
organ_tablature,ammerbach_bookA,1,0.9999999620652819,1.0,0.999999981032641
organ_tablature,ammerbach_bookA,1,0.9999999262743812,1.0,0.9999999631371905
organ_tablature,ammerbach_bookA,1,0.9999999885606333,1.0,0.9999999942803166
organ_tablature,ammerbach_bookA,1,0.9999999994117568,1.0,0.9999999997058784
organ_tablature,ammerbach_bookA,1,0.9999999920795389,1.0,0.9999999960397694
organ_tablature,ammerbach_bookA,1,0.9999999899610376,1.0,0.9999999949805187
organ_tablature,ammerbach_bookA,1,0.9999999722885126,1.0,0.9999999861442563
organ_tablature,ammerbach_bookA,1,0.9999996330578002,1.0,0.9999998165289001
organ_tablature,ammerbach_bookA,1,0.9999969274866883,0.9969366813587428,0.9984668044227156
organ_tablature,ammerbach_bookA,1,0.9999971919227745,0.9983150074294205,0.9991560996760975
organ_tablature,ammerbach_bookA,1,0.9999999992301962,1.0,0.9999999996150981
organ_tablature,ammerbach_bookA,1,0.9999999822726847,1.0,0.9999999911363424
organ_tablature,ammerbach_bookA,1,0.9999996356197607,1.0,0.9999998178098803
organ_tablature,ammerbach_bookA,1,0.9999989465123426,0.998092385572664,0.9990456660425033
organ_tablature,ammerbach_bookA,1,0.9999986910454689,0.998359633027523,0.9991791620364959
organ_tablature,ammerbach_bookA,1,0.9999995775673433,0.9983108962439569,0.99915523690565
organ_tablature,ammerbach_bookA,1,0.9999999287975685,1.0,0.9999999643987842
organ_tablature,ammerbach_bookA,1,0.9999976452037078,1.0,0.9999988226018539
organ_tablature,ammerbach_bookA,1,0.9999989954117339,1.0,0.9999994977058669
organ_tablature,ammerbach_bookA,1,0.999999358444659,1.0,0.9999996792223296
organ_tablature,ammerbach_bookA,1,0.9999999486088116,1.0,0.9999999743044058
organ_tablature,ammerbach_bookA,1,0.9999999951078085,1.0,0.9999999975539042
organ_tablature,ammerbach_bookA,1,0.9999999831526859,1.0,0.9999999915763429
organ_tablature,ammerbach_bookA,1,0.9999991197485717,1.0,0.9999995598742859
organ_tablature,ammerbach_bookA,1,0.9999995487639637,0.9951546481398001,0.9975770984518819
organ_tablature,ammerbach_bookA,1,0.999997474233765,0.9963150074294205,0.9981562408315927
organ_tablature,ammerbach_bookA,1,0.9999999854138513,1.0,0.9999999927069256
organ_tablature,ammerbach_bookA,1,0.999999996600595,1.0,0.9999999983002975
organ_tablature,ammerbach_bookA,1,0.9999986041031409,1.0,0.9999993020515705
organ_tablature,ammerbach_bookA,1,0.9999995988362,1.0,0.9999997994181
organ_tablature,ammerbach_bookA,1,0.9999989075530196,1.0,0.9999994537765098
organ_tablature,ammerbach_bookA,1,0.9999949937274637,1.0,0.9999974968637318
organ_tablature,ammerbach_bookA,1,0.9999999096550329,1.0,0.9999999548275165
organ_tablature,ammerbach_bookA,1,0.9999998963799249,1.0,0.9999999481899624
organ_tablature,ammerbach_bookA,1,0.9999999940492328,1.0,0.9999999970246164
organ_tablature,ammerbach_bookA,1,0.9999999896393185,1.0,0.9999999948196592
organ_tablature,ammerbach_bookA,1,0.9999998068086371,1.0,0.9999999034043185
organ_tablature,ammerbach_bookA,1,0.9999998131184223,1.0,0.9999999065592111
organ_tablature,ammerbach_bookA,1,0.9999997478482113,0.998092385572664,0.9990460667104377
organ_tablature,ammerbach_bookA,1,0.9999970901249435,1.0,0.9999985450624718
organ_tablature,ammerbach_bookA,1,0.9999999541515828,1.0,0.9999999770757915
organ_tablature,ammerbach_bookA,1,0.999999990983737,1.0,0.9999999954918686
organ_tablature,ammerbach_bookA,1,0.9999993688588293,1.0,0.9999996844294147
organ_tablature,ammerbach_bookA,1,0.9999978363820278,1.0,0.9999989181910138
organ_tablature,ammerbach_bookA,1,0.999997272399817,1.0,0.9999986361999085
organ_tablature,ammerbach_bookA,1,0.9999999760379116,1.0,0.9999999880189558
organ_tablature,ammerbach_bookA,1,0.9999999967405448,1.0,0.9999999983702724
organ_tablature,ammerbach_bookA,1,0.999999992527174,1.0,0.999999996263587
organ_tablature,ammerbach_bookA,1,0.9999999936018484,1.0,0.9999999968009242
organ_tablature,ammerbach_bookA,1,0.9999999977692451,1.0,0.9999999988846225
organ_tablature,ammerbach_bookA,1,0.9999999958934447,1.0,0.9999999979467223
organ_tablature,ammerbach_bookA,1,0.9999999961722212,1.0,0.9999999980861106
organ_tablature,ammerbach_bookA,1,0.9999998455452733,0.9887359635563922,0.9943679045508327
organ_tablature,ammerbach_bookA,1,0.9999999994100597,0.9983462246777164,0.999173112043888
organ_tablature,ammerbach_bookA,1,0.9999999988184718,0.9935308391906561,0.996765419004564
organ_tablature,ammerbach_bookA,1,0.9999999950830312,0.998123025768911,0.999061510425971
organ_tablature,ammerbach_bookA,1,0.9999999282105736,1.0,0.9999999641052868
organ_tablature,ammerbach_bookA,1,0.9999999646670262,1.0,0.9999999823335131
organ_tablature,ammerbach_bookA,1,0.9999999844841121,1.0,0.999999992242056
organ_tablature,ammerbach_bookA,1,0.9999999105047432,1.0,0.9999999552523716
organ_tablature,ammerbach_bookA,1,0.9999987834469274,1.0,0.9999993917234637
organ_tablature,ammerbach_bookA,1,0.9999999944939917,1.0,0.9999999972469958
organ_tablature,ammerbach_bookA,1,0.999999721774132,1.0,0.9999998608870659
organ_tablature,ammerbach_bookA,1,0.9999996979144032,1.0,0.9999998489572016
organ_tablature,ammerbach_bookA,1,0.9999994222739623,1.0,0.9999997111369812
organ_tablature,ammerbach_bookA,1,0.9999971358855304,1.0,0.9999985679427652
organ_tablature,ammerbach_bookA,1,0.9999999713723947,1.0,0.9999999856861974
organ_tablature,ammerbach_bookA,1,0.9999999901452258,1.0,0.9999999950726128
organ_tablature,ammerbach_bookA,1,0.9999999750382786,1.0,0.9999999875191393
organ_tablature,ammerbach_bookA,1,0.9999999982823238,1.0,0.9999999991411619
organ_tablature,ammerbach_bookA,1,0.9999999964795188,0.9951586061509785,0.9975793013152486
organ_tablature,ammerbach_bookA,1,0.9999999751089959,1.0,0.9999999875544979
organ_tablature,ammerbach_bookA,1,0.9999999616943765,1.0,0.9999999808471882
organ_tablature,ammerbach_bookA,1,0.9999999772227258,1.0,0.9999999886113629
organ_tablature,ammerbach_bookA,1,0.9999998584576042,1.0,0.9999999292288021
organ_tablature,ammerbach_bookA,1,0.9999999148139512,1.0,0.9999999574069756
organ_tablature,ammerbach_bookA,1,0.9999966128470583,0.9967950151122773,0.9983958139796678
organ_tablature,ammerbach_bookA,1,0.9999999843181187,1.0,0.9999999921590593
organ_tablature,ammerbach_bookA,1,0.9999999951198149,1.0,0.9999999975599074
organ_tablature,ammerbach_bookA,1,0.9999998845369207,0.9983623028969564,0.9991810937169385
organ_tablature,ammerbach_bookA,1,0.9999995959245626,0.9983462246777164,0.9991729103011395
organ_tablature,ammerbach_bookA,1,0.9999999983903849,1.0,0.9999999991951924
organ_tablature,ammerbach_bookA,1,0.9999999996160234,1.0,0.9999999998080117
organ_tablature,ammerbach_bookA,1,0.9999999939554352,1.0,0.9999999969777176
organ_tablature,ammerbach_bookA,1,0.9999999916704995,1.0,0.9999999958352497
organ_tablature,ammerbach_bookA,1,0.9999999998178224,1.0,0.9999999999089112
organ_tablature,ammerbach_bookA,1,0.9999999998858369,1.0,0.9999999999429184
organ_tablature,ammerbach_bookA,1,0.9999999998337494,1.0,0.9999999999168747
organ_tablature,ammerbach_bookA,1,0.9999999992472535,1.0,0.9999999996236267
organ_tablature,ammerbach_bookA,1,0.9999999986373109,1.0,0.9999999993186555
organ_tablature,ammerbach_bookA,1,0.9999998596421648,1.0,0.9999999298210824
organ_tablature,ammerbach_bookA,1,0.9999999231938476,1.0,0.9999999615969237
organ_tablature,ammerbach_bookA,1,0.9999999272453184,1.0,0.9999999636226592
organ_tablature,ammerbach_bookA,1,0.9999997749997811,1.0,0.9999998874998905
organ_tablature,ammerbach_bookA,1,0.9999999916612857,1.0,0.9999999958306429
organ_tablature,ammerbach_bookA,1,0.9999999989915105,1.0,0.9999999994957552
organ_tablature,ammerbach_bookA,1,0.9999999984380599,1.0,0.9999999992190299
organ_tablature,ammerbach_bookA,1,0.9999999836822762,1.0,0.9999999918411381
organ_tablature,ammerbach_bookA,1,0.9999999874376914,1.0,0.9999999937188457
organ_tablature,ammerbach_bookA,1,0.9999999974250884,1.0,0.9999999987125442
organ_tablature,ammerbach_bookA,1,0.9999999402777997,1.0,0.9999999701388999
organ_tablature,ammerbach_bookA,1,0.9999997680561906,1.0,0.9999998840280953
organ_tablature,ammerbach_bookA,1,0.9999997572921843,0.9826297630094701,0.9913147601508272
organ_tablature,ammerbach_bookA,1,0.999999995190203,1.0,0.9999999975951015
organ_tablature,ammerbach_bookA,1,0.9999999992744757,1.0,0.9999999996372378
organ_tablature,ammerbach_bookA,1,0.9999997920960183,1.0,0.9999998960480092
organ_tablature,ammerbach_bookA,1,0.9999999853896968,1.0,0.9999999926948484
organ_tablature,ammerbach_bookA,1,0.9999999918645074,0.99200323415117,0.9960016130078386
organ_tablature,ammerbach_bookA,1,0.9999999995349085,1.0,0.9999999997674542
organ_tablature,ammerbach_bookA,1,0.9999999994158177,1.0,0.9999999997079089
organ_tablature,ammerbach_bookA,1,0.9999999993727551,1.0,0.9999999996863775
organ_tablature,ammerbach_bookA,1,0.999999984646732,0.9952811308298841,0.9976405577383081
organ_tablature,ammerbach_bookA,1,0.9999999555625398,1.0,0.9999999777812699
organ_tablature,ammerbach_bookA,1,0.9999993136098297,0.9984949494949495,0.9992471315523896
organ_tablature,ammerbach_bookA,1,0.9999999479992605,1.0,0.9999999739996303
organ_tablature,ammerbach_bookA,1,0.999998479589841,0.9937191473588096,0.9968588134743253
organ_tablature,ammerbach_bookA,1,0.9999999847242487,1.0,0.9999999923621243
organ_tablature,ammerbach_bookA,1,0.9999999593987411,1.0,0.9999999796993706
organ_tablature,ammerbach_bookA,1,0.9999999006436725,1.0,0.9999999503218362
organ_tablature,ammerbach_bookA,1,0.9999992625179343,1.0,0.9999996312589672
organ_tablature,ammerbach_bookA,1,0.9999999912718315,1.0,0.9999999956359158
organ_tablature,ammerbach_bookA,1,0.9999999824490341,1.0,0.999999991224517
organ_tablature,ammerbach_bookA,1,0.9999994914711386,1.0,0.9999997457355694
organ_tablature,ammerbach_bookA,1,0.999999861170491,1.0,0.9999999305852455
organ_tablature,ammerbach_bookA,1,0.9999996491453454,1.0,0.9999998245726727
organ_tablature,ammerbach_bookA,1,0.9999997441383759,0.9967950151122773,0.9983973796253266
organ_tablature,ammerbach_bookA,1,0.9999926137432337,0.9969366813587428,0.9984646475509882
organ_tablature,ammerbach_bookA,1,0.9999988700249381,0.9969366813587428,0.9984677756918405
organ_tablature,ammerbach_bookA,1,0.999999999354809,1.0,0.9999999996774045
organ_tablature,ammerbach_bookA,1,0.9999999979639937,1.0,0.9999999989819969
organ_tablature,ammerbach_bookA,1,0.9999999989180153,1.0,0.9999999994590076
organ_tablature,ammerbach_bookA,1,0.999999953158518,0.9937191473588096,0.9968595502586638
organ_tablature,ammerbach_bookA,1,0.9999999859822815,1.0,0.9999999929911407
organ_tablature,ammerbach_bookA,1,0.9999999906522706,0.9751293089635547,0.9875646498079127
organ_tablature,ammerbach_bookA,1,0.9999999994170496,1.0,0.9999999997085248
organ_tablature,ammerbach_bookA,1,0.9999999961501642,0.99200323415117,0.9960016151506671
organ_tablature,ammerbach_bookA,1,0.999999998604078,1.0,0.999999999302039
organ_tablature,ammerbach_bookA,1,0.9999998210371097,0.9743037970464847,0.9871518090417972
organ_tablature,ammerbach_bookA,1,0.9999999883348595,1.0,0.9999999941674298
organ_tablature,ammerbach_bookA,1,0.99999998076568,0.9952811308298841,0.9976405557977821
organ_tablature,ammerbach_bookA,1,0.9999999463891756,1.0,0.9999999731945878
organ_tablature,ammerbach_bookA,1,0.9999999807221122,1.0,0.9999999903610561
organ_tablature,ammerbach_bookA,1,0.9999952033680475,0.9919524721157831,0.9959738377419153
organ_tablature,ammerbach_bookA,1,0.9999999950846117,0.9735059411173679,0.9867529681009898
organ_tablature,ammerbach_bookA,1,0.9999999999767408,0.9934373342180225,0.9967186670973817
organ_tablature,ammerbach_bookA,1,0.9999999201858164,1.0,0.9999999600929081
organ_tablature,ammerbach_bookA,1,0.9999999806700236,1.0,0.9999999903350119
organ_tablature,ammerbach_bookA,1,0.9999999840379659,1.0,0.9999999920189829
organ_tablature,ammerbach_bookA,1,0.9999999990075703,1.0,0.9999999995037852
organ_tablature,ammerbach_bookA,1,0.9999999978974996,1.0,0.9999999989487498
organ_tablature,ammerbach_bookA,1,0.9999999582239079,1.0,0.9999999791119539
organ_tablature,ammerbach_bookA,1,0.999999993151709,1.0,0.9999999965758545
organ_tablature,ammerbach_bookA,1,0.9999999964612607,1.0,0.9999999982306303
organ_tablature,ammerbach_bookA,1,0.9999999858105237,1.0,0.9999999929052619
organ_tablature,ammerbach_bookA,1,0.9999999936621651,1.0,0.9999999968310825
organ_tablature,ammerbach_bookA,1,0.9999973948998002,1.0,0.9999986974499001
organ_tablature,ammerbach_bookA,1,0.9999966659276424,1.0,0.9999983329638211
organ_tablature,ammerbach_bookA,1,0.9999991676137611,1.0,0.9999995838068805
organ_tablature,ammerbach_bookA,1,0.9999999951514675,1.0,0.9999999975757338
organ_tablature,ammerbach_bookA,1,0.9999999998719058,1.0,0.9999999999359529
organ_tablature,ammerbach_bookA,1,0.9999991141455151,1.0,0.9999995570727576
organ_tablature,ammerbach_bookA,1,0.9999999980114569,1.0,0.9999999990057284
organ_tablature,ammerbach_bookA,1,0.9999999865511093,1.0,0.9999999932755547
organ_tablature,ammerbach_bookA,1,0.9999999358760895,1.0,0.9999999679380447
organ_tablature,ammerbach_bookA,1,0.999999999076199,1.0,0.9999999995380995
organ_tablature,ammerbach_bookA,1,0.9999998610136176,1.0,0.9999999305068088
organ_tablature,ammerbach_bookA,1,0.9999992354330424,1.0,0.9999996177165211
organ_tablature,ammerbach_bookA,1,0.9999992095921609,1.0,0.9999996047960804
organ_tablature,ammerbach_bookA,1,0.9999994641925007,1.0,0.9999997320962504
organ_tablature,ammerbach_bookA,1,0.9999999995743594,1.0,0.9999999997871797
organ_tablature,ammerbach_bookA,1,0.9999999970025304,1.0,0.9999999985012652
organ_tablature,ammerbach_bookA,1,0.9999999512415817,1.0,0.9999999756207909
organ_tablature,ammerbach_bookA,1,0.9999994475290591,0.9951546481398001,0.9975770478344297
organ_tablature,ammerbach_bookA,1,0.9999990010548172,1.0,0.9999995005274086
organ_tablature,ammerbach_bookA,1,0.9999999662143924,1.0,0.9999999831071962
organ_tablature,ammerbach_bookA,1,0.9999999462924396,1.0,0.9999999731462198
organ_tablature,ammerbach_bookA,1,0.9999999291578728,1.0,0.9999999645789364
organ_tablature,ammerbach_bookA,1,0.9999999992229325,1.0,0.9999999996114662
organ_tablature,ammerbach_bookA,1,0.9999999930123333,1.0,0.9999999965061667
organ_tablature,ammerbach_bookA,1,0.9999999846417977,1.0,0.9999999923208989
organ_tablature,ammerbach_bookA,1,0.9999999844989067,1.0,0.9999999922494534
organ_tablature,ammerbach_bookA,1,0.9999999881252132,1.0,0.9999999940626065
organ_tablature,ammerbach_bookA,1,0.9999999971003783,1.0,0.9999999985501892
organ_tablature,ammerbach_bookA,1,0.9999997773494383,1.0,0.9999998886747192
organ_tablature,ammerbach_bookA,1,0.9999881707269942,0.9983150074294205,0.9991515890782073
organ_tablature,ammerbach_bookA,1,0.9999976192297326,1.0,0.9999988096148663
organ_tablature,ammerbach_bookA,1,0.999999200830532,1.0,0.999999600415266
organ_tablature,ammerbach_bookA,1,0.999999994628473,1.0,0.9999999973142365
organ_tablature,ammerbach_bookA,1,0.9999999993047262,1.0,0.9999999996523631
organ_tablature,ammerbach_bookA,1,0.9999999855389086,1.0,0.9999999927694543
organ_tablature,ammerbach_bookA,1,0.9999999995232185,1.0,0.9999999997616092
organ_tablature,ammerbach_bookA,1,0.9999999422121726,1.0,0.9999999711060863
organ_tablature,ammerbach_bookA,1,0.9999998068340945,1.0,0.9999999034170473
organ_tablature,ammerbach_bookA,1,0.9999999979548002,1.0,0.9999999989774001
organ_tablature,ammerbach_bookA,1,0.9999991178883806,1.0,0.9999995589441903
organ_tablature,ammerbach_bookA,1,0.9999987502501557,1.0,0.9999993751250779
organ_tablature,ammerbach_bookA,1,0.9999997620041474,1.0,0.9999998810020737
organ_tablature,ammerbach_bookA,1,0.9999999929472438,1.0,0.9999999964736219
organ_tablature,ammerbach_bookA,1,0.9999999992191939,1.0,0.999999999609597
organ_tablature,ammerbach_bookA,1,0.9999999928917207,1.0,0.9999999964458604
organ_tablature,ammerbach_bookA,1,0.9999999624428674,1.0,0.9999999812214337
organ_tablature,ammerbach_bookA,1,0.999999999214622,1.0,0.999999999607311
organ_tablature,ammerbach_bookA,1,0.9999999929655996,0.978986366820755,0.9894931798931773
organ_tablature,ammerbach_bookA,1,0.9999999986408799,0.9779826513048978,0.9889913249728888
organ_tablature,ammerbach_bookA,1,0.9999999984988921,0.9919084423077573,0.9959542204033247
organ_tablature,ammerbach_bookA,1,0.9999999997153803,1.0,0.9999999998576902
organ_tablature,ammerbach_bookA,1,0.9999999992895106,1.0,0.9999999996447553
organ_tablature,ammerbach_bookA,1,0.9999999999333833,1.0,0.9999999999666916
organ_tablature,ammerbach_bookA,1,0.9999999998821705,1.0,0.9999999999410852
organ_tablature,ammerbach_bookA,1,0.999999985118736,1.0,0.999999992559368
organ_tablature,ammerbach_bookA,1,0.9999999994496462,1.0,0.9999999997248231
organ_tablature,ammerbach_bookA,1,0.9999999983711645,1.0,0.9999999991855822
organ_tablature,ammerbach_bookA,1,0.9999999514000147,1.0,0.9999999757000073
organ_tablature,ammerbach_bookA,1,0.9999999988753769,1.0,0.9999999994376885
organ_tablature,ammerbach_bookA,1,0.9999998358624663,1.0,0.9999999179312331
organ_tablature,ammerbach_bookA,1,0.9999999987974684,1.0,0.9999999993987342
organ_tablature,ammerbach_bookA,1,0.9999999996801734,1.0,0.9999999998400867
organ_tablature,ammerbach_bookA,1,0.9999999982664614,1.0,0.9999999991332307
organ_tablature,ammerbach_bookA,1,0.9999999253901337,1.0,0.9999999626950669
organ_tablature,ammerbach_bookA,1,0.9999993638552677,1.0,0.9999996819276338
organ_tablature,ammerbach_bookA,1,0.9999999921243096,1.0,0.9999999960621548
organ_tablature,ammerbach_bookA,1,0.9999999935496724,1.0,0.9999999967748362
organ_tablature,ammerbach_bookA,1,0.999999786505808,1.0,0.999999893252904
organ_tablature,ammerbach_bookA,1,0.9999999927670404,1.0,0.9999999963835202
organ_tablature,ammerbach_bookA,1,0.9999999787949607,1.0,0.9999999893974804
organ_tablature,ammerbach_bookA,1,0.9999997389383231,0.9903995044537549,0.995199621696039
organ_tablature,ammerbach_bookA,1,0.9999999062231123,0.9922770498201492,0.9961384780216307
organ_tablature,ammerbach_bookA,1,0.9999999797462167,0.9902979470274665,0.9951489633868416
organ_tablature,ammerbach_bookA,1,0.9999999988720907,1.0,0.9999999994360453
organ_tablature,ammerbach_bookA,1,0.9999999999932843,1.0,0.9999999999966421
organ_tablature,ammerbach_bookA,1,0.9999999993322115,1.0,0.9999999996661058
organ_tablature,ammerbach_bookA,1,0.9999999897431436,0.9902979470274665,0.9951489683853051
organ_tablature,ammerbach_bookA,1,0.9999999996477833,1.0,0.9999999998238916
organ_tablature,ammerbach_bookA,1,0.9999999999866866,0.9951408672479166,0.9975704336173017
organ_tablature,ammerbach_bookA,1,0.9999999998845508,1.0,0.9999999999422754
organ_tablature,ammerbach_bookA,1,0.9999998838680734,0.9902979470274665,0.99514891544777
organ_tablature,ammerbach_bookA,1,0.9999999999583264,1.0,0.9999999999791632
organ_tablature,ammerbach_bookA,1,0.9999999998956612,1.0,0.9999999999478306
organ_tablature,ammerbach_bookA,1,0.999999999914758,1.0,0.999999999957379
organ_tablature,ammerbach_bookA,1,0.9999999996628453,0.9965417648770697,0.9982708822699575
organ_tablature,ammerbach_bookA,1,0.9999999815674906,1.0,0.9999999907837454
organ_tablature,ammerbach_bookA,1,0.9999999881409499,1.0,0.9999999940704749
organ_tablature,ammerbach_bookA,1,0.9999998403417809,1.0,0.9999999201708905
organ_tablature,ammerbach_bookA,1,0.9999999637523385,1.0,0.9999999818761692
organ_tablature,ammerbach_bookA,1,0.9999999989366364,1.0,0.9999999994683182
organ_tablature,ammerbach_bookA,1,0.9999999892745545,1.0,0.9999999946372773
organ_tablature,ammerbach_bookA,1,0.9999999984276016,1.0,0.9999999992138008
organ_tablature,ammerbach_bookA,1,0.9999999999493954,1.0,0.9999999999746977
organ_tablature,ammerbach_bookA,1,0.9999999999553746,1.0,0.9999999999776873
organ_tablature,ammerbach_bookA,1,0.9999999999896194,1.0,0.9999999999948097
organ_tablature,ammerbach_bookA,1,0.9999999983791725,1.0,0.9999999991895863
organ_tablature,ammerbach_bookA,1,0.9999999996418376,1.0,0.9999999998209188
organ_tablature,ammerbach_bookA,1,0.9999999906893743,1.0,0.9999999953446872
organ_tablature,ammerbach_bookA,1,0.9999998432590874,0.9967923452428438,0.9983960942509655
organ_tablature,ammerbach_bookA,1,0.999991956966958,1.0,0.999995978483479
organ_tablature,ammerbach_bookA,1,0.9999999889510193,1.0,0.9999999944755096
organ_tablature,ammerbach_bookA,1,0.9999999986293169,1.0,0.9999999993146584
organ_tablature,ammerbach_bookA,1,0.9999999852806913,1.0,0.9999999926403457
organ_tablature,ammerbach_bookA,1,0.9999999943400191,0.9889214892314562,0.9944607417857376
organ_tablature,ammerbach_bookA,1,0.9999999899114383,1.0,0.9999999949557192
organ_tablature,ammerbach_bookA,1,0.9999999647625922,1.0,0.9999999823812962
organ_tablature,ammerbach_bookA,1,0.999999999202505,1.0,0.9999999996012525
organ_tablature,ammerbach_bookA,1,0.9999999995304283,1.0,0.9999999997652141
organ_tablature,ammerbach_bookA,1,0.9999999921428583,1.0,0.9999999960714292
organ_tablature,ammerbach_bookA,1,0.9999999898996371,1.0,0.9999999949498186
organ_tablature,ammerbach_bookA,1,0.9999999879405316,0.9905591863344997,0.9952795871375156
organ_tablature,ammerbach_bookA,1,0.9999999914295449,1.0,0.9999999957147725
organ_tablature,ammerbach_bookA,1,0.9999999571951913,1.0,0.9999999785975957
organ_tablature,ammerbach_bookA,1,0.9999995677356709,0.9912470337124641,0.9956233007240676
organ_tablature,ammerbach_bookA,1,0.9999825419900786,0.9935429630667685,0.9967627525284235
organ_tablature,ammerbach_bookA,1,0.9999999730172194,1.0,0.9999999865086098
organ_tablature,ammerbach_bookA,1,0.9999999999643978,1.0,0.9999999999821989
organ_tablature,ammerbach_bookA,1,0.9999999992813584,1.0,0.9999999996406792
organ_tablature,ammerbach_bookA,1,0.9999999978574834,0.9982470520007732,0.9991235249291284
organ_tablature,ammerbach_bookA,1,0.9999999985193806,1.0,0.9999999992596903
organ_tablature,ammerbach_bookA,1,0.9999999977874925,0.9866907981629046,0.9933453979751985
organ_tablature,ammerbach_bookA,1,0.9999999719586733,1.0,0.9999999859793367
organ_tablature,ammerbach_bookA,1,0.9999999781707201,1.0,0.99999998908536
organ_tablature,ammerbach_bookA,1,0.9999999699715492,1.0,0.9999999849857746
organ_tablature,ammerbach_bookA,1,0.9999999866736575,0.9904914178108594,0.9952457022422585
organ_tablature,ammerbach_bookA,1,0.999999998900019,0.9982703118983443,0.9991351553991816
organ_tablature,ammerbach_bookA,1,0.9999999859083397,1.0,0.9999999929541699
organ_tablature,ammerbach_bookA,1,0.9999999374437464,1.0,0.9999999687218732
organ_tablature,ammerbach_bookA,1,0.9999999986940995,1.0,0.9999999993470498
organ_tablature,ammerbach_bookA,1,0.9999999989583064,1.0,0.9999999994791532
organ_tablature,ammerbach_bookA,1,0.9999999997881994,1.0,0.9999999998940997
organ_tablature,ammerbach_bookA,1,0.9999994803803882,1.0,0.9999997401901941
organ_tablature,ammerbach_bookA,1,0.9999968661163237,1.0,0.9999984330581618
organ_tablature,ammerbach_bookA,1,0.9999999442621106,1.0,0.9999999721310553
organ_tablature,ammerbach_bookA,1,0.9999999994372086,1.0,0.9999999997186043
organ_tablature,ammerbach_bookA,1,0.9999999999299818,1.0,0.9999999999649909
organ_tablature,ammerbach_bookA,1,0.9999999998648881,1.0,0.999999999932444
organ_tablature,ammerbach_bookA,1,0.9999999312407167,1.0,0.9999999656203584
organ_tablature,ammerbach_bookA,1,0.9999999919626691,1.0,0.9999999959813346
organ_tablature,ammerbach_bookA,1,0.9999999468787221,0.9866907981629046,0.9933453725208133
organ_tablature,ammerbach_bookA,1,0.9999997891750063,1.0,0.9999998945875032
organ_tablature,ammerbach_bookA,1,0.9999999565651835,0.998123025768911,0.9990614911670472
organ_tablature,ammerbach_bookA,1,0.9999999504334913,1.0,0.9999999752167457
organ_tablature,ammerbach_bookA,1,0.9999999757016628,1.0,0.9999999878508314
organ_tablature,ammerbach_bookA,1,0.9999999918513222,1.0,0.9999999959256611
organ_tablature,ammerbach_bookA,1,0.9999999986147137,1.0,0.9999999993073568
organ_tablature,ammerbach_bookA,1,0.9999999994605151,1.0,0.9999999997302575
organ_tablature,ammerbach_bookA,1,0.999999982961537,1.0,0.9999999914807685
organ_tablature,ammerbach_bookA,1,0.999999987106852,1.0,0.9999999935534261
organ_tablature,ammerbach_bookA,1,0.9999999862603994,1.0,0.9999999931301997
organ_tablature,ammerbach_bookA,1,0.999999787972165,1.0,0.9999998939860826
organ_tablature,ammerbach_bookA,1,0.9999999160227804,1.0,0.9999999580113902
organ_tablature,ammerbach_bookA,1,0.9999996763000443,0.9866907981629046,0.9933452372314744
organ_tablature,ammerbach_bookA,1,0.9999993970143098,1.0,0.9999996985071549
organ_tablature,ammerbach_bookA,1,0.9999999873404485,1.0,0.9999999936702242
organ_tablature,ammerbach_bookA,1,0.9999999981592296,1.0,0.9999999990796148
organ_tablature,ammerbach_bookA,1,0.9999999989252906,1.0,0.9999999994626453
organ_tablature,ammerbach_bookA,1,0.999999999216542,1.0,0.999999999608271
organ_tablature,ammerbach_bookA,1,0.9999999923566686,1.0,0.9999999961783343
organ_tablature,ammerbach_bookA,1,0.9999999891071029,1.0,0.9999999945535514
organ_tablature,ammerbach_bookA,1,0.9999999978625582,1.0,0.9999999989312791
organ_tablature,ammerbach_bookA,1,0.9999998582713868,1.0,0.9999999291356934
organ_tablature,ammerbach_bookA,1,0.9999993645392017,1.0,0.9999996822696009
organ_tablature,ammerbach_bookA,1,0.9999998457718473,1.0,0.9999999228859237
organ_tablature,ammerbach_bookA,1,0.9999999972363331,1.0,0.9999999986181666
organ_tablature,ammerbach_bookA,1,0.9999999996218363,1.0,0.9999999998109181
organ_tablature,ammerbach_bookA,1,0.9999999904578737,1.0,0.9999999952289369
organ_tablature,ammerbach_bookA,1,0.9999999989705595,1.0,0.9999999994852797
organ_tablature,ammerbach_bookA,1,0.9999999406368036,1.0,0.9999999703184018
organ_tablature,ammerbach_bookA,1,0.9999987934186659,1.0,0.999999396709333
organ_tablature,ammerbach_bookA,1,0.9999999922952417,1.0,0.9999999961476209
organ_tablature,ammerbach_bookA,1,0.9999999998931954,0.99200323415117,0.9960016170221827
organ_tablature,ammerbach_bookA,1,0.9999999997323228,1.0,0.9999999998661614
organ_tablature,ammerbach_bookA,1,0.999999999884347,1.0,0.9999999999421735
organ_tablature,ammerbach_bookA,1,0.9999999998509896,1.0,0.9999999999254948
organ_tablature,ammerbach_bookA,1,0.9999999987443282,1.0,0.9999999993721641
organ_tablature,ammerbach_bookA,1,0.9999999927468013,0.9952540046257208,0.997626998686261
organ_tablature,ammerbach_bookA,1,0.9999999996894235,1.0,0.9999999998447118
organ_tablature,ammerbach_bookA,1,0.9999999996971338,0.9855690364132158,0.9927845180551749
organ_tablature,ammerbach_bookA,1,0.9999999996906932,1.0,0.9999999998453466
organ_tablature,ammerbach_bookA,1,0.9999999997879736,0.99200323415117,0.9960016169695718
organ_tablature,ammerbach_bookA,1,0.9999999814547614,1.0,0.9999999907273807
organ_tablature,ammerbach_bookA,1,0.9999999592433818,0.9827637719154284,0.9913818655794051
organ_tablature,ammerbach_bookA,1,0.9999999919596169,1.0,0.9999999959798085
organ_tablature,ammerbach_bookA,1,0.9999994321644188,1.0,0.9999997160822094
organ_tablature,ammerbach_bookA,1,0.999999696998593,1.0,0.9999998484992965
organ_tablature,ammerbach_bookA,1,0.9999999984426708,1.0,0.9999999992213354
organ_tablature,ammerbach_bookA,1,0.999999999566682,0.9808801636185575,0.9904400815926198
organ_tablature,ammerbach_bookA,1,0.9999999956286689,1.0,0.9999999978143345
organ_tablature,ammerbach_bookA,1,0.9999997599378491,0.9952811308298841,0.9976404453838665
organ_tablature,ammerbach_bookA,1,0.9999999814768045,1.0,0.9999999907384023
organ_tablature,ammerbach_bookA,1,0.9999999992069473,1.0,0.9999999996034736
organ_tablature,ammerbach_bookA,1,0.9999999824777345,1.0,0.9999999912388673
organ_tablature,ammerbach_bookA,1,0.9999999624069525,1.0,0.9999999812034763
organ_tablature,ammerbach_bookA,1,0.9999983078818002,1.0,0.9999991539409001
organ_tablature,ammerbach_bookA,1,0.9999999484661766,1.0,0.9999999742330883
organ_tablature,ammerbach_bookA,1,0.9999999756151686,0.9926535431501587,0.9963267593826637
organ_tablature,ammerbach_bookA,1,0.9999999945298981,1.0,0.999999997264949
organ_tablature,ammerbach_bookA,1,0.9999835753944172,0.9919533740557082,0.9959684747250627
organ_tablature,ammerbach_bookA,1,0.9999988565016418,1.0,0.9999994282508209
organ_tablature,ammerbach_bookA,1,0.9999999953930396,0.9779611256575793,0.9889805605253095
organ_tablature,ammerbach_bookA,1,0.999999671165948,1.0,0.999999835582974
organ_tablature,ammerbach_bookA,1,0.9999988920164279,0.9982470520007732,0.9991229720086006
organ_tablature,ammerbach_bookA,1,0.9999999640118504,1.0,0.9999999820059252
organ_tablature,ammerbach_bookA,1,0.9999999975196661,1.0,0.999999998759833
organ_tablature,ammerbach_bookA,1,0.9999999982799106,1.0,0.9999999991399553
organ_tablature,ammerbach_bookA,1,0.9999999800742776,1.0,0.9999999900371388
organ_tablature,ammerbach_bookA,1,0.9999997872760091,1.0,0.9999998936380046
organ_tablature,ammerbach_bookA,1,0.9999999960619315,1.0,0.9999999980309657
organ_tablature,ammerbach_bookA,1,0.9999999731470275,1.0,0.9999999865735137
organ_tablature,ammerbach_bookA,1,0.9999999984447159,1.0,0.9999999992223579
organ_tablature,ammerbach_bookA,1,0.9999999875396611,1.0,0.9999999937698305
organ_tablature,ammerbach_bookA,1,0.9999993790123348,1.0,0.9999996895061674
organ_tablature,ammerbach_bookA,1,0.9999993671577839,1.0,0.999999683578892
organ_tablature,ammerbach_bookA,1,0.9999963768443221,0.9951546481398001,0.9975755124920611
organ_tablature,ammerbach_bookA,1,0.9999983090437669,0.9951546481398001,0.9975764785917836
organ_tablature,ammerbach_bookA,1,0.9999999858601445,1.0,0.9999999929300722
organ_tablature,ammerbach_bookA,1,0.9999999953440171,1.0,0.9999999976720085
organ_tablature,ammerbach_bookA,1,0.9999999890753616,1.0,0.9999999945376807
organ_tablature,ammerbach_bookA,1,0.9999999896577231,1.0,0.9999999948288616
organ_tablature,ammerbach_bookA,1,0.9999999903463715,1.0,0.9999999951731857
organ_tablature,ammerbach_bookA,1,0.9999998847879177,1.0,0.9999999423939588
organ_tablature,ammerbach_bookA,1,0.9999999316218493,1.0,0.9999999658109247
organ_tablature,ammerbach_bookA,1,0.9999992432567146,1.0,0.9999996216283573
organ_tablature,ammerbach_bookA,1,0.9999963883737036,1.0,0.9999981941868519
organ_tablature,ammerbach_bookA,1,0.9999998045376426,1.0,0.9999999022688213
organ_tablature,ammerbach_bookA,1,0.9999997839347945,0.9980919443272881,0.9990458641310414
organ_tablature,ammerbach_bookA,1,0.9999998827599086,1.0,0.9999999413799543
organ_tablature,ammerbach_bookA,1,0.9999999811958017,1.0,0.9999999905979009
organ_tablature,ammerbach_bookA,1,0.9999999010536189,1.0,0.9999999505268095
organ_tablature,ammerbach_bookA,1,0.9999999856133615,1.0,0.9999999928066807
organ_tablature,ammerbach_bookA,1,0.9999999868575515,1.0,0.9999999934287758
organ_tablature,ammerbach_bookA,1,0.9999999165290211,0.998092385572664,0.9990461510508426
organ_tablature,ammerbach_bookA,1,0.9999992236083582,0.9964546884696204,0.9982269560389894
organ_tablature,ammerbach_bookA,1,0.999999525157843,1.0,0.9999997625789214
organ_tablature,ammerbach_bookA,1,0.9999999900614146,1.0,0.9999999950307072
organ_tablature,ammerbach_bookA,1,0.9999999961544028,1.0,0.9999999980772014
organ_tablature,ammerbach_bookA,1,0.9999999940525095,1.0,0.9999999970262547
organ_tablature,ammerbach_bookA,1,0.9999999927357577,1.0,0.9999999963678788
organ_tablature,ammerbach_bookA,1,0.999999999967796,1.0,0.999999999983898
organ_tablature,ammerbach_bookA,1,0.9999999997115965,1.0,0.9999999998557982
organ_tablature,ammerbach_bookA,1,0.9999999997860254,1.0,0.9999999998930127
organ_tablature,ammerbach_bookA,1,0.9999999998989759,1.0,0.999999999949488
organ_tablature,ammerbach_bookA,1,0.9999999909910086,1.0,0.9999999954955043
organ_tablature,ammerbach_bookA,1,0.9999999972941629,1.0,0.9999999986470814
organ_tablature,ammerbach_bookA,1,0.9999999998285565,1.0,0.9999999999142782
organ_tablature,ammerbach_bookA,1,0.9999997168260788,1.0,0.9999998584130394
organ_tablature,ammerbach_bookA,1,0.9999999958360226,0.9874613272721972,0.9937306615541099
organ_tablature,ammerbach_bookA,1,0.999999997888233,1.0,0.9999999989441165
organ_tablature,ammerbach_bookA,1,0.9999999427372941,1.0,0.999999971368647
organ_tablature,ammerbach_bookA,1,0.9999998746449035,1.0,0.9999999373224517
organ_tablature,ammerbach_bookA,1,0.9999999852306398,0.9983462246777164,0.9991731049541781
organ_tablature,ammerbach_bookA,1,0.9999998967123651,1.0,0.9999999483561826
organ_tablature,ammerbach_bookA,1,0.9999999959575037,1.0,0.9999999979787518
organ_tablature,ammerbach_bookA,1,0.9999999969881839,1.0,0.9999999984940919
organ_tablature,ammerbach_bookA,1,0.9999999961885175,1.0,0.9999999980942588
organ_tablature,ammerbach_bookA,1,0.9999999901947699,1.0,0.999999995097385
organ_tablature,ammerbach_bookA,1,0.9999999979185434,1.0,0.9999999989592717
organ_tablature,ammerbach_bookA,1,0.999999410360394,1.0,0.999999705180197
organ_tablature,ammerbach_bookA,1,0.9999992644929964,1.0,0.9999996322464981
organ_tablature,ammerbach_bookA,1,0.999977257548279,0.9969063836902412,0.9984418206192601
organ_tablature,ammerbach_bookA,1,0.9999999639563044,1.0,0.9999999819781522
organ_tablature,ammerbach_bookA,1,0.9999998666096479,0.9985083724045546,0.9992541195071012
organ_tablature,ammerbach_bookA,1,0.9999995269558157,1.0,0.9999997634779079
organ_tablature,ammerbach_bookA,1,0.9999999992872954,1.0,0.9999999996436477
organ_tablature,ammerbach_bookA,1,0.9999996477355508,1.0,0.9999998238677754
organ_tablature,ammerbach_bookA,1,0.99999145183107,1.0,0.999995725915535
organ_tablature,ammerbach_bookA,1,0.999995242372716,1.0,0.9999976211863579
organ_tablature,ammerbach_bookA,1,0.9999980045916188,0.9957255200161623,0.9978617623038906
organ_tablature,ammerbach_bookA,1,0.9999958609448698,1.0,0.9999979304724349
organ_tablature,ammerbach_bookA,1,0.9999996138069772,1.0,0.9999998069034886
organ_tablature,ammerbach_bookA,1,0.9999999819269029,1.0,0.9999999909634514
organ_tablature,ammerbach_bookA,1,0.9999999958122485,1.0,0.9999999979061243
organ_tablature,ammerbach_bookA,1,0.9999999811355439,1.0,0.9999999905677719
organ_tablature,ammerbach_bookA,1,0.9999999721490437,1.0,0.9999999860745219
organ_tablature,ammerbach_bookA,1,0.9999999952047878,1.0,0.9999999976023939
organ_tablature,ammerbach_bookA,1,0.999999924653974,1.0,0.9999999623269871
organ_tablature,ammerbach_bookA,1,0.9999999906695226,1.0,0.9999999953347614
organ_tablature,ammerbach_bookA,1,0.9999996326679418,1.0,0.999999816333971
organ_tablature,ammerbach_bookA,1,0.9999998969556163,1.0,0.9999999484778082
organ_tablature,ammerbach_bookA,1,0.9999999529890773,1.0,0.9999999764945386
organ_tablature,ammerbach_bookA,1,0.9999997494415022,0.9934756030558938,0.9967376762486979
organ_tablature,ammerbach_bookA,1,0.9999999998164564,1.0,0.9999999999082282
organ_tablature,ammerbach_bookA,1,0.9999999960385435,0.9797129224737613,0.9898564592561524
organ_tablature,ammerbach_bookA,1,0.9999999983151122,1.0,0.9999999991575561
organ_tablature,ammerbach_bookA,1,0.9999999832698453,1.0,0.9999999916349227
organ_tablature,ammerbach_bookA,1,0.9999999999285083,1.0,0.9999999999642541
organ_tablature,ammerbach_bookA,1,0.9999999997358344,1.0,0.9999999998679172
organ_tablature,ammerbach_bookA,1,0.9999999965706909,1.0,0.9999999982853455
organ_tablature,ammerbach_bookA,1,0.9999999995242783,1.0,0.9999999997621392
organ_tablature,ammerbach_bookA,1,0.99999999900214,0.9831260748123848,0.9915630369072623
organ_tablature,ammerbach_bookA,1,0.9999999925529539,1.0,0.999999996276477
organ_tablature,ammerbach_bookA,1,0.9999984969586782,1.0,0.9999992484793391
organ_tablature,ammerbach_bookA,1,0.9999998020521762,1.0,0.999999901026088
organ_tablature,ammerbach_bookA,1,0.9999953976260125,1.0,0.9999976988130063
organ_tablature,ammerbach_bookA,1,0.9999999970200262,1.0,0.9999999985100131
organ_tablature,ammerbach_bookA,1,0.9999999952595287,1.0,0.9999999976297643
organ_tablature,ammerbach_bookA,1,0.9999999963327051,1.0,0.9999999981663525
organ_tablature,ammerbach_bookA,1,0.9999999994099351,1.0,0.9999999997049676
organ_tablature,ammerbach_bookA,1,0.9999999963865038,1.0,0.9999999981932519
organ_tablature,ammerbach_bookA,1,0.9999999958960439,1.0,0.999999997948022
organ_tablature,ammerbach_bookA,1,0.999999999381761,1.0,0.9999999996908805
organ_tablature,ammerbach_bookA,1,0.999999999156322,1.0,0.999999999578161
organ_tablature,ammerbach_bookA,1,0.9999999983647723,1.0,0.9999999991823861
organ_tablature,ammerbach_bookA,1,0.9999999992707014,1.0,0.9999999996353507
organ_tablature,ammerbach_bookA,1,0.999999999587603,1.0,0.9999999997938015
organ_tablature,ammerbach_bookA,1,0.999999808585893,1.0,0.9999999042929465
organ_tablature,ammerbach_bookA,1,0.9999985668304258,1.0,0.9999992834152129
organ_tablature,ammerbach_bookA,1,0.9999940301062126,0.998,0.9989970150531062
organ_tablature,ammerbach_bookA,1,0.9999999910462819,1.0,0.9999999955231409
organ_tablature,ammerbach_bookA,1,0.999999962082493,1.0,0.9999999810412465
organ_tablature,ammerbach_bookA,1,0.9999999477112925,1.0,0.9999999738556462
organ_tablature,ammerbach_bookA,1,0.9999999913789085,1.0,0.9999999956894543
organ_tablature,ammerbach_bookA,1,0.9999999455930212,1.0,0.9999999727965105
organ_tablature,ammerbach_bookA,1,0.9999999964963955,1.0,0.9999999982481977
organ_tablature,ammerbach_bookA,1,0.9999999541088921,1.0,0.9999999770544461
organ_tablature,ammerbach_bookA,1,0.999999995609538,1.0,0.999999997804769
organ_tablature,ammerbach_bookA,1,0.9999999990956219,1.0,0.9999999995478109
organ_tablature,ammerbach_bookA,1,0.999999958253311,1.0,0.9999999791266555
organ_tablature,ammerbach_bookA,1,0.9999999926334535,1.0,0.9999999963167268
organ_tablature,ammerbach_bookA,1,0.9999999679657369,1.0,0.9999999839828684
organ_tablature,ammerbach_bookA,1,0.9999999896115715,1.0,0.9999999948057858
organ_tablature,ammerbach_bookA,1,0.9999999997283249,1.0,0.9999999998641624
organ_tablature,ammerbach_bookA,1,0.9999999479345856,1.0,0.9999999739672928
organ_tablature,ammerbach_bookA,1,0.9999999593463985,1.0,0.9999999796731993
organ_tablature,ammerbach_bookA,1,0.9999999941607298,1.0,0.9999999970803649
organ_tablature,ammerbach_bookA,1,0.9999999982164292,0.9984881836596894,0.9992440909380593
organ_tablature,ammerbach_bookA,1,0.9999999639666224,1.0,0.9999999819833112
organ_tablature,ammerbach_bookA,1,0.9999999191734196,0.9983623028969564,0.999181111035188
organ_tablature,ammerbach_bookA,1,0.9999997590876356,0.9535055358571317,0.9767526474723837
organ_tablature,ammerbach_bookA,1,0.9999999964913036,1.0,0.9999999982456518
organ_tablature,ammerbach_bookA,1,0.9999999972432148,1.0,0.9999999986216074
organ_tablature,ammerbach_bookA,1,0.9999999771453117,1.0,0.9999999885726558
organ_tablature,ammerbach_bookA,1,0.9999999998345379,1.0,0.999999999917269
organ_tablature,ammerbach_bookA,1,0.9999999709237231,1.0,0.9999999854618615
organ_tablature,ammerbach_bookA,1,0.9999999832240524,1.0,0.9999999916120261
organ_tablature,ammerbach_bookA,1,0.9999999998441784,1.0,0.9999999999220892
organ_tablature,ammerbach_bookA,1,0.9999999914089758,0.9952811308298841,0.9976405611194299
organ_tablature,ammerbach_bookA,1,0.999999996258317,1.0,0.9999999981291585
organ_tablature,ammerbach_bookA,1,0.9999999996261508,1.0,0.9999999998130754
organ_tablature,ammerbach_bookA,1,0.9999999996216704,1.0,0.9999999998108352
organ_tablature,ammerbach_bookA,1,0.9999999993398156,1.0,0.9999999996699078
organ_tablature,ammerbach_bookA,1,0.9999999836417788,1.0,0.9999999918208894
organ_tablature,ammerbach_bookA,1,0.9999999772470082,0.9967950151122773,0.9983974961796427
organ_tablature,ammerbach_bookA,1,0.999999990069698,1.0,0.999999995034849
organ_tablature,ammerbach_bookA,1,0.9999999704369094,0.9897269327528787,0.994863451594894
organ_tablature,ammerbach_bookA,1,0.9999999986408799,0.9779826513048978,0.9889913249728888
organ_tablature,ammerbach_bookA,1,0.999999999889436,0.9984881836596894,0.9992440917745626
organ_tablature,ammerbach_bookA,1,0.9999987888915134,1.0,0.9999993944457567
organ_tablature,ammerbach_bookA,1,0.9999997768458039,1.0,0.999999888422902
organ_tablature,ammerbach_bookA,1,0.9999999694538912,1.0,0.9999999847269456
organ_tablature,ammerbach_bookA,1,0.9999995363956851,1.0,0.9999997681978425
organ_tablature,ammerbach_bookA,1,0.9999999197120164,1.0,0.9999999598560082
organ_tablature,ammerbach_bookA,1,0.9999999960046377,1.0,0.9999999980023189
organ_tablature,ammerbach_bookA,1,0.9999999978269896,0.9918024920007507,0.9959012449138701
organ_tablature,ammerbach_bookA,1,0.9999999847776038,1.0,0.9999999923888019
organ_tablature,ammerbach_bookA,1,0.9999998300715973,1.0,0.9999999150357987
organ_tablature,ammerbach_bookA,1,0.9999988048728105,1.0,0.9999994024364052
organ_tablature,ammerbach_bookA,1,0.9999992471876159,1.0,0.999999623593808
organ_tablature,ammerbach_bookA,1,0.9999999416721265,1.0,0.9999999708360632
organ_tablature,ammerbach_bookA,1,0.9999999952599392,1.0,0.9999999976299696
organ_tablature,ammerbach_bookA,1,0.9999989885792808,1.0,0.9999994942896404
organ_tablature,ammerbach_bookA,1,0.999998830080945,0.981373507831643,0.990686168956294
organ_tablature,ammerbach_bookA,1,0.9999980491795345,1.0,0.9999990245897672
organ_tablature,ammerbach_bookA,1,0.9999999888558982,1.0,0.9999999944279492
organ_tablature,ammerbach_bookA,1,0.9999998511357442,1.0,0.9999999255678721
organ_tablature,ammerbach_bookA,1,0.9999999837291977,1.0,0.9999999918645989
organ_tablature,ammerbach_bookA,1,0.9999996779891049,1.0,0.9999998389945525
organ_tablature,ammerbach_bookA,1,0.9999998168717019,0.9964546884696204,0.9982272526706611
organ_tablature,ammerbach_bookA,1,0.9999837163390177,0.998092385572664,0.9990380509558409
organ_tablature,ammerbach_bookA,1,0.9999464661565232,0.9926622013749051,0.9963043337657141
organ_tablature,ammerbach_bookA,1,0.9999997172258295,1.0,0.9999998586129147
organ_tablature,ammerbach_bookA,1,0.9999999833815787,1.0,0.9999999916907893
organ_tablature,ammerbach_bookA,1,0.9999999904787057,1.0,0.9999999952393528
organ_tablature,ammerbach_bookA,1,0.9999999770419358,1.0,0.9999999885209678
organ_tablature,ammerbach_bookA,1,0.9999999170005425,1.0,0.9999999585002712
organ_tablature,ammerbach_bookA,1,0.9999999117100755,1.0,0.9999999558550378
organ_tablature,ammerbach_bookA,1,0.999998246158023,1.0,0.9999991230790115
organ_tablature,ammerbach_bookA,1,0.999999760051619,1.0,0.9999998800258094
organ_tablature,ammerbach_bookA,1,0.9999975020664009,0.9903995044537549,0.9951985032600779
organ_tablature,ammerbach_bookA,1,0.9999986740466968,1.0,0.9999993370233484
organ_tablature,ammerbach_bookA,1,0.9999999954366967,0.994557991202346,0.9972789933195214
organ_tablature,ammerbach_bookA,1,0.9999999543176691,0.9933708519334855,0.9966854031255773
organ_tablature,ammerbach_bookA,1,0.9999997648184575,0.9878000978663836,0.9938999313424206
organ_tablature,ammerbach_bookA,1,0.9999998782707041,0.9918800065927358,0.9959399424317199
organ_tablature,ammerbach_bookA,1,0.9999999265809812,0.998092385572664,0.9990461560768227
organ_tablature,ammerbach_bookA,1,0.9999986746162903,0.9984327122153208,0.9992156934158056
organ_tablature,ammerbach_bookA,1,0.9999977115725689,1.0,0.9999988557862844
organ_tablature,ammerbach_bookA,1,0.9999999976817249,1.0,0.9999999988408624
organ_tablature,ammerbach_bookA,1,0.9999999945709501,1.0,0.9999999972854751
organ_tablature,ammerbach_bookA,1,0.9999999959762425,1.0,0.9999999979881212
organ_tablature,ammerbach_bookA,1,0.9999999838983245,1.0,0.9999999919491622
organ_tablature,ammerbach_bookA,1,0.9999999910068308,1.0,0.9999999955034153
organ_tablature,ammerbach_bookA,1,0.9999996737130127,1.0,0.9999998368565064
organ_tablature,ammerbach_bookA,1,0.9999999784395293,1.0,0.9999999892197646
organ_tablature,ammerbach_bookA,1,0.9999999696342008,1.0,0.9999999848171004
organ_tablature,ammerbach_bookA,1,0.9999999696564192,1.0,0.9999999848282096
organ_tablature,ammerbach_bookA,1,0.999998698138467,1.0,0.9999993490692335
organ_tablature,ammerbach_bookA,1,0.9999932374682504,0.9984327122153208,0.9992129748417856
organ_tablature,ammerbach_bookA,1,0.999984894036002,0.9950852747898143,0.9975350844129082
organ_tablature,ammerbach_bookA,1,0.9999855862693289,0.9964582309582309,0.9982219086137799
organ_tablature,ammerbach_bookA,1,0.9999999896669846,0.9983636363636363,0.9991818130153105
organ_tablature,ammerbach_bookA,1,0.9999998872581584,0.9981943548387097,0.9990971210484341
organ_tablature,ammerbach_bookA,1,0.999999984614907,1.0,0.9999999923074535
organ_tablature,ammerbach_bookA,1,0.9999999892126173,0.9965873350676134,0.9982936621401154
organ_tablature,ammerbach_bookA,1,0.9999993711391941,1.0,0.9999996855695971
organ_tablature,ammerbach_bookA,1,0.9999992890426092,1.0,0.9999996445213046
organ_tablature,ammerbach_bookA,1,0.9999998049444784,1.0,0.9999999024722392
organ_tablature,ammerbach_bookA,1,0.9999985162415412,0.9983150074294205,0.9991567618354809
organ_tablature,ammerbach_bookA,1,0.9999987312690491,1.0,0.9999993656345245
organ_tablature,ammerbach_bookA,1,0.9999891010874128,1.0,0.9999945505437065
organ_tablature,ammerbach_bookA,1,0.999984044947825,1.0,0.9999920224739125
organ_tablature,ammerbach_bookA,1,0.9999970735535065,1.0,0.9999985367767532
organ_tablature,ammerbach_bookA,1,0.9999989408622767,1.0,0.9999994704311383
organ_tablature,ammerbach_bookA,1,0.9999996192088376,0.9934238419694691,0.9967117305891533
organ_tablature,ammerbach_bookA,1,0.9999999767769848,0.9950529406972956,0.9975264587371402
organ_tablature,ammerbach_bookA,1,0.9999999883621459,0.9965829309725331,0.9982914596673396
organ_tablature,ammerbach_bookA,1,0.9999998302081041,1.0,0.9999999151040521
organ_tablature,ammerbach_bookA,1,0.9999994806962128,0.9969366813587428,0.9984680810274777
organ_tablature,ammerbach_bookA,1,0.9999999898470217,0.993034376431697,0.9965171831393593
organ_tablature,ammerbach_bookA,1,0.9999999993628459,0.9763751787313186,0.9881875890470823
organ_tablature,ammerbach_bookA,1,0.9999999889985202,0.9928327122489023,0.9964163506237113
organ_tablature,ammerbach_bookA,1,0.9999995488314591,0.9912105537768394,0.9956050513041492
organ_tablature,ammerbach_bookA,1,0.9999999637625301,0.9803258498928961,0.9901629068277131
organ_tablature,ammerbach_bookA,1,0.9999979845338878,0.9930529406972955,0.9965254626155917
organ_tablature,ammerbach_bookA,1,0.9999764584363937,0.9944582309582309,0.9972173446973123
organ_tablature,ammerbach_bookA,1,0.9999999899859554,0.996557991202346,0.9982789905941507
organ_tablature,ammerbach_bookA,1,0.9999999862606328,1.0,0.9999999931303164
organ_tablature,ammerbach_bookA,1,0.9999999595631289,1.0,0.9999999797815644
organ_tablature,ammerbach_bookA,1,0.9999988288840405,1.0,0.9999994144420202
organ_tablature,ammerbach_bookA,1,0.999999607631732,0.9966525625744934,0.9983260851031127
organ_tablature,ammerbach_bookA,1,0.9999994767188365,0.9948183248332567,0.9974089007760466
organ_tablature,ammerbach_bookA,1,0.9999937173743191,0.9968585858585859,0.9984261516164525
organ_tablature,ammerbach_bookA,1,0.9999993437950842,0.9900873171289925,0.9950433304620383
organ_tablature,ammerbach_bookA,1,0.999999992490645,0.9980976950729541,0.9990488437817995
organ_tablature,ammerbach_bookA,1,0.999999847244313,0.9862816719677022,0.9931407596060076
organ_tablature,ammerbach_bookA,1,0.9999988371951917,0.9898820497052528,0.9949404434502223
organ_tablature,ammerbach_bookA,1,0.999999511319141,0.9948183248332567,0.9974089180761989
organ_tablature,ammerbach_bookA,1,0.999997316508221,0.9964949494949495,0.9982461330015853
organ_tablature,ammerbach_bookA,1,0.9999984619980764,0.9963636363636363,0.9981810491808564
organ_tablature,ammerbach_bookA,1,0.9999999877866524,0.996557991202346,0.9982789894944992
organ_tablature,ammerbach_bookA,1,0.9999999857176647,0.9949465673361696,0.9974732765269172
organ_tablature,ammerbach_bookA,1,0.999999980973025,0.998,0.9989999904865126
organ_tablature,ammerbach_bookA,1,0.9999999916309038,0.9964560219363003,0.998228006783602
organ_tablature,ammerbach_bookA,1,0.9999993855197534,0.9951546481398001,0.9975770168297768
organ_tablature,ammerbach_bookA,1,0.9999980907935282,0.9822517573506853,0.9911249240721067
organ_tablature,ammerbach_bookA,1,0.9999999943524163,1.0,0.9999999971762081
organ_tablature,ammerbach_bookA,1,0.9999999994861526,0.9817245270368204,0.9908622632614865
organ_tablature,ammerbach_bookA,1,0.9999999989796764,0.9861643860215462,0.9930821925006112
organ_tablature,ammerbach_bookA,1,0.9999999993703763,0.9981943548387097,0.9990971771045429
organ_tablature,ammerbach_bookA,1,0.9999999979036036,1.0,0.9999999989518018
organ_tablature,ammerbach_bookA,1,0.9999989034066253,0.9966525625744934,0.9983257329905594
organ_tablature,ammerbach_bookA,1,0.9999999609545127,0.9817275976652209,0.9908637793098668
organ_tablature,ammerbach_bookA,1,0.9999998043429134,0.9931041804157135,0.9965519923793134
organ_tablature,ammerbach_bookA,1,0.9999999998264322,0.988068205795929,0.9940341028111805
organ_tablature,ammerbach_bookA,1,0.9999999998860039,0.9732193698723087,0.9866096848791563
organ_tablature,ammerbach_bookA,1,0.9999999857536184,0.9913418669081526,0.9956709263308855
organ_tablature,ammerbach_bookA,1,0.9999995891021173,0.993239897642107,0.9966197433721121
organ_tablature,ammerbach_bookA,1,0.9999998654698493,0.9964546884696204,0.9982272769697349
organ_tablature,ammerbach_bookA,1,0.9999996711958934,1.0,0.9999998355979467
organ_tablature,ammerbach_bookA,1,0.9999999546431059,1.0,0.9999999773215529
organ_tablature,ammerbach_bookA,1,0.9999999985697621,1.0,0.999999999284881
organ_tablature,ammerbach_bookA,1,0.9999999994429718,1.0,0.9999999997214859
organ_tablature,ammerbach_bookA,1,0.9999999942121327,1.0,0.9999999971060664
organ_tablature,ammerbach_bookA,1,0.9999999187487277,0.9965873350676134,0.9982936269081706
organ_tablature,ammerbach_bookA,1,0.9999987571731969,0.998092385572664,0.9990455713729305
organ_tablature,ammerbach_bookA,1,0.9999951573409152,0.9926525857969406,0.9963238715689279
organ_tablature,ammerbach_bookA,1,0.9999999733688936,0.996557991202346,0.9982789822856197
organ_tablature,ammerbach_bookA,1,0.9999999658721805,0.996557991202346,0.9982789785372632
organ_tablature,ammerbach_bookA,1,0.999999999509646,0.9933276617438519,0.996663830626749
organ_tablature,ammerbach_bookA,1,0.9999999985570136,0.9931583802189252,0.9965791893879694
organ_tablature,ammerbach_bookA,1,0.9999997924651267,0.998092385572664,0.9990460890188954
organ_tablature,ammerbach_bookA,1,0.9999934188785634,0.9947449481471574,0.9973691835128604
organ_tablature,ammerbach_bookA,1,0.999999966566997,0.9893871002103033,0.9946935333886502
organ_tablature,ammerbach_bookA,1,0.9999999825127935,0.9912105537768394,0.9956052681448164
organ_tablature,ammerbach_bookA,1,0.9999999974482428,1.0,0.9999999987241214
organ_tablature,ammerbach_bookA,1,0.9999994323982677,0.9985980606818893,0.9992987465400784
organ_tablature,ammerbach_bookA,1,0.9999885933741846,0.9894938238357547,0.9947412086049696
organ_tablature,ammerbach_bookA,1,0.9999936017286142,0.9932470337124641,0.9966203177205392
organ_tablature,ammerbach_bookA,1,0.9999855670769671,1.0,0.9999927835384835
organ_tablature,ammerbach_bookA,1,0.999999979798732,1.0,0.999999989899366
organ_tablature,ammerbach_bookA,1,0.9999999952413599,1.0,0.9999999976206799
organ_tablature,ammerbach_bookA,1,0.9999999700425986,1.0,0.9999999850212993
organ_tablature,ammerbach_bookA,1,0.9999999910869463,1.0,0.9999999955434731
organ_tablature,ammerbach_bookA,1,0.9999999973554277,1.0,0.9999999986777138
organ_tablature,ammerbach_bookA,1,0.9999999796168766,1.0,0.9999999898084383
organ_tablature,ammerbach_bookA,1,0.9999999904298794,1.0,0.9999999952149397
organ_tablature,ammerbach_bookA,1,0.9999998651826447,1.0,0.9999999325913224
organ_tablature,ammerbach_bookA,1,0.9999999101157712,1.0,0.9999999550578855
organ_tablature,ammerbach_bookA,1,0.9999997631037963,1.0,0.9999998815518982
organ_tablature,ammerbach_bookA,1,0.9999996747730152,1.0,0.9999998373865076
organ_tablature,ammerbach_bookA,1,0.9999996528614324,1.0,0.9999998264307162
organ_tablature,ammerbach_bookA,1,0.9999996217148573,1.0,0.9999998108574286
organ_tablature,ammerbach_bookA,1,0.9999961224541053,1.0,0.9999980612270527
organ_tablature,ammerbach_bookA,1,0.9999998269153896,1.0,0.9999999134576948
organ_tablature,ammerbach_bookA,1,0.9999999853752468,1.0,0.9999999926876234
organ_tablature,ammerbach_bookA,1,0.9999999692040599,1.0,0.99999998460203
organ_tablature,ammerbach_bookA,1,0.99999946515583,1.0,0.9999997325779151
organ_tablature,ammerbach_bookA,1,0.9999961281200178,1.0,0.9999980640600089
organ_tablature,ammerbach_bookA,1,0.9999966064756737,1.0,0.9999983032378368
organ_tablature,ammerbach_bookA,1,0.9998630623608792,0.9983150074294205,0.9990890348951498
organ_tablature,ammerbach_bookA,1,0.9999992176171051,1.0,0.9999996088085525
organ_tablature,ammerbach_bookA,1,0.9999996576619123,1.0,0.9999998288309562
organ_tablature,ammerbach_bookA,1,0.9999999876856213,1.0,0.9999999938428106
organ_tablature,ammerbach_bookA,1,0.9999999975548404,1.0,0.9999999987774202
organ_tablature,ammerbach_bookA,1,0.999999992275398,1.0,0.9999999961376991
organ_tablature,ammerbach_bookA,1,0.9999999973943683,1.0,0.9999999986971841
organ_tablature,ammerbach_bookA,1,0.9999999966162307,1.0,0.9999999983081154
organ_tablature,ammerbach_bookA,1,0.9999996395688968,1.0,0.9999998197844484
organ_tablature,ammerbach_bookA,1,0.999999726259026,1.0,0.9999998631295131
organ_tablature,ammerbach_bookA,1,0.9999997196940933,1.0,0.9999998598470466
organ_tablature,ammerbach_bookA,1,0.9999996249218362,1.0,0.9999998124609182
organ_tablature,ammerbach_bookA,1,0.9999995960430028,1.0,0.9999997980215014
organ_tablature,ammerbach_bookA,1,0.9999993077202135,1.0,0.9999996538601068
organ_tablature,ammerbach_bookA,1,0.999996854655792,0.9953265274624642,0.997661691059128
organ_tablature,ammerbach_bookA,1,0.9999995369901516,1.0,0.9999997684950759
organ_tablature,ammerbach_bookA,1,0.9999999991201616,1.0,0.9999999995600808
organ_tablature,ammerbach_bookA,1,0.9999999958794232,1.0,0.9999999979397116
organ_tablature,ammerbach_bookA,1,0.9999999910543335,1.0,0.9999999955271668
organ_tablature,ammerbach_bookA,1,0.9999995207774969,1.0,0.9999997603887485
organ_tablature,ammerbach_bookA,1,0.9999999948187983,1.0,0.9999999974093992
organ_tablature,ammerbach_bookA,1,0.9999990076112889,1.0,0.9999995038056444
organ_tablature,ammerbach_bookA,1,0.9999998580050606,1.0,0.9999999290025303
organ_tablature,ammerbach_bookA,1,0.9999998864251614,1.0,0.9999999432125807
organ_tablature,ammerbach_bookA,1,0.9999905507787652,1.0,0.9999952753893826
organ_tablature,ammerbach_bookA,1,0.9999996073472831,1.0,0.9999998036736415
organ_tablature,ammerbach_bookA,1,0.9999999998245004,1.0,0.9999999999122502
organ_tablature,ammerbach_bookA,1,0.999999994741384,1.0,0.999999997370692
organ_tablature,ammerbach_bookA,1,0.9999999836993432,1.0,0.9999999918496716
organ_tablature,ammerbach_bookA,1,0.9999999773766636,1.0,0.9999999886883317
organ_tablature,ammerbach_bookA,1,0.9999999967775732,1.0,0.9999999983887866
organ_tablature,ammerbach_bookA,1,0.9999999449334883,1.0,0.9999999724667441
organ_tablature,ammerbach_bookA,1,0.9999999881725131,1.0,0.9999999940862565
organ_tablature,ammerbach_bookA,1,0.9999999837638274,1.0,0.9999999918819137
organ_tablature,ammerbach_bookA,1,0.9999990212888124,1.0,0.9999995106444062
organ_tablature,ammerbach_bookA,1,0.9999991513661369,0.9967923452428438,0.9983957483044903
organ_tablature,ammerbach_bookA,1,0.9999999556079753,0.9951546481398001,0.9975773018738877
organ_tablature,ammerbach_bookA,1,0.9999995318572621,1.0,0.999999765928631
organ_tablature,ammerbach_bookA,1,0.9999999923831956,1.0,0.9999999961915977
organ_tablature,ammerbach_bookA,1,0.9999999986521393,1.0,0.9999999993260696
organ_tablature,ammerbach_bookA,1,0.9999999943208335,1.0,0.9999999971604168
organ_tablature,ammerbach_bookA,1,0.9999999968720799,1.0,0.9999999984360399
organ_tablature,ammerbach_bookA,1,0.9999999993691717,0.9934401891037943,0.996720094236483
organ_tablature,ammerbach_bookA,1,0.9999999585624283,0.9886907981629046,0.9943453783626665
organ_tablature,ammerbach_bookA,1,0.9999998610770089,1.0,0.9999999305385044
organ_tablature,ammerbach_bookA,1,0.999999959094482,1.0,0.999999979547241
organ_tablature,ammerbach_bookA,1,0.9999995879315727,1.0,0.9999997939657863
organ_tablature,ammerbach_bookA,1,0.9999999354006521,1.0,0.9999999677003261
organ_tablature,ammerbach_bookA,1,0.9999997413950923,1.0,0.9999998706975461
organ_tablature,ammerbach_bookA,1,0.9999972160816242,1.0,0.9999986080408121
organ_tablature,ammerbach_bookA,1,0.9999999655220743,0.9969366813587428,0.9984683234404086
organ_tablature,ammerbach_bookA,1,0.999999959239574,0.9952063437501976,0.9976031514948858
organ_tablature,ammerbach_bookA,1,0.9999999998751179,1.0,0.999999999937559
organ_tablature,ammerbach_bookA,1,0.9999999979014298,1.0,0.9999999989507149
organ_tablature,ammerbach_bookA,1,0.999999999549074,1.0,0.999999999774537
organ_tablature,ammerbach_bookA,1,0.9999999760784798,1.0,0.9999999880392398
organ_tablature,ammerbach_bookA,1,0.9999999999739724,1.0,0.9999999999869862
organ_tablature,ammerbach_bookA,1,0.999999999985075,0.9967557596618135,0.9983778798234443
organ_tablature,ammerbach_bookA,1,0.999999999659845,1.0,0.9999999998299225
organ_tablature,ammerbach_bookA,1,0.9999999900006099,0.9952811308298841,0.997640560415247
organ_tablature,ammerbach_bookA,1,0.9999999998685809,1.0,0.9999999999342905
organ_tablature,ammerbach_bookA,1,0.9999999993352484,1.0,0.9999999996676242
organ_tablature,ammerbach_bookA,1,0.9999999961023156,1.0,0.9999999980511578
organ_tablature,ammerbach_bookA,1,0.999999031624441,0.9969366813587428,0.9984678564915919
organ_tablature,ammerbach_bookA,1,0.9999999666317196,0.9969366813587428,0.9984683239952312
organ_tablature,ammerbach_bookA,1,0.9999999993930606,1.0,0.9999999996965303
organ_tablature,ammerbach_bookA,1,0.9999999535407796,1.0,0.9999999767703898
organ_tablature,ammerbach_bookA,1,0.999999999853108,1.0,0.999999999926554
organ_tablature,ammerbach_bookA,1,0.9999999999847056,1.0,0.9999999999923528
organ_tablature,ammerbach_bookA,1,0.9999999999744145,1.0,0.9999999999872072
organ_tablature,ammerbach_bookA,1,0.999999952233808,1.0,0.999999976116904
organ_tablature,ammerbach_bookA,1,0.999999999806257,1.0,0.9999999999031285
organ_tablature,ammerbach_bookA,1,0.9999999999983966,1.0,0.9999999999991983
organ_tablature,ammerbach_bookA,1,0.9999999949844471,1.0,0.9999999974922236
organ_tablature,ammerbach_bookA,1,0.9999998964864444,1.0,0.9999999482432222
organ_tablature,ammerbach_bookA,1,0.9999999932955768,1.0,0.9999999966477884
organ_tablature,ammerbach_bookA,1,0.9999999851800452,1.0,0.9999999925900226
organ_tablature,ammerbach_bookA,1,0.9999999961619286,1.0,0.9999999980809643
organ_tablature,ammerbach_bookA,1,0.9999999937366191,1.0,0.9999999968683095
organ_tablature,ammerbach_bookA,1,0.999999998276655,1.0,0.9999999991383275
organ_tablature,ammerbach_bookA,1,0.9999999926610725,0.9952540046257208,0.9976269986433967
organ_tablature,ammerbach_bookA,1,0.9999999989402619,1.0,0.999999999470131
organ_tablature,ammerbach_bookA,1,0.9999999963920518,1.0,0.9999999981960259
organ_tablature,ammerbach_bookA,1,0.9999999765697268,1.0,0.9999999882848634
organ_tablature,ammerbach_bookA,1,0.9999999844422927,1.0,0.9999999922211463
organ_tablature,ammerbach_bookA,1,0.9999999998351661,1.0,0.999999999917583
organ_tablature,ammerbach_bookA,1,0.9999999838635594,0.9767670060665983,0.9883834949650788
organ_tablature,ammerbach_bookA,1,0.9999999979317773,1.0,0.9999999989658886
organ_tablature,ammerbach_bookA,1,0.9999999611220958,0.9982470520007732,0.9991235065614346
organ_tablature,ammerbach_bookA,1,0.9999999995988726,1.0,0.9999999997994363
organ_tablature,ammerbach_bookA,1,0.9999999995743256,1.0,0.9999999997871628
organ_tablature,ammerbach_bookA,1,0.9999999995725481,1.0,0.9999999997862741
organ_tablature,ammerbach_bookA,1,0.9999999994167956,1.0,0.9999999997083978
organ_tablature,ammerbach_bookA,1,0.9999999998100495,0.994949150558333,0.9974745751841912
organ_tablature,ammerbach_bookA,1,0.9999999941432369,1.0,0.9999999970716185
organ_tablature,ammerbach_bookA,1,0.9999992661255447,0.9900538861747787,0.9950265761501618
organ_tablature,ammerbach_bookA,1,0.9999998768025847,1.0,0.9999999384012923
organ_tablature,ammerbach_bookA,1,0.999999864667196,0.9693242839512368,0.9846620743092165
organ_tablature,ammerbach_bookA,1,0.9999999891970265,1.0,0.9999999945985132
organ_tablature,ammerbach_bookA,1,0.9999999999611207,0.99200323415117,0.9960016170561453
organ_tablature,ammerbach_bookA,1,0.9999999992795576,1.0,0.9999999996397788
organ_tablature,ammerbach_bookA,1,0.9999999950281118,1.0,0.9999999975140559
organ_tablature,ammerbach_bookA,1,0.9999999997738336,1.0,0.9999999998869168
organ_tablature,ammerbach_bookA,1,0.9999999985969688,1.0,0.9999999992984844
organ_tablature,ammerbach_bookA,1,0.9999999988212067,1.0,0.9999999994106034
organ_tablature,ammerbach_bookA,1,0.9999999999931162,1.0,0.9999999999965581
organ_tablature,ammerbach_bookA,1,0.9999999999980214,1.0,0.9999999999990107
organ_tablature,ammerbach_bookA,1,0.9999999995496294,1.0,0.9999999997748147
organ_tablature,ammerbach_bookA,1,0.9999999831416223,1.0,0.9999999915708111
organ_tablature,ammerbach_bookA,1,0.9999999999120794,1.0,0.9999999999560397
organ_tablature,ammerbach_bookA,1,0.9999999999821259,1.0,0.9999999999910629
organ_tablature,ammerbach_bookA,1,0.9999999999337974,1.0,0.9999999999668987
organ_tablature,ammerbach_bookA,1,0.9999999788476421,1.0,0.9999999894238211
organ_tablature,ammerbach_bookA,1,0.999999999356558,1.0,0.999999999678279
organ_tablature,ammerbach_bookA,1,0.9999999963780615,1.0,0.9999999981890307
organ_tablature,ammerbach_bookA,1,0.9999999621444408,1.0,0.9999999810722204
organ_tablature,ammerbach_bookA,1,0.9999999508090152,1.0,0.9999999754045076
organ_tablature,ammerbach_bookA,1,0.9999999682510753,0.9968100227401492,0.9984049954956122
organ_tablature,ammerbach_bookA,1,0.9999999950846117,0.9735059411173679,0.9867529681009898
organ_tablature,ammerbach_bookA,1,0.9999999997348559,0.9984881836596894,0.9992440916972727
organ_tablature,ammerbach_bookA,1,0.9999999965272137,1.0,0.9999999982636069
organ_tablature,ammerbach_bookA,1,0.9999999930301311,1.0,0.9999999965150655
organ_tablature,ammerbach_bookA,1,0.9999999870719469,1.0,0.9999999935359735
organ_tablature,ammerbach_bookA,1,0.9999999983004677,1.0,0.9999999991502339
organ_tablature,ammerbach_bookA,1,0.9999999949161482,1.0,0.9999999974580741
organ_tablature,ammerbach_bookA,1,0.9999999109021214,1.0,0.9999999554510607
organ_tablature,ammerbach_bookA,1,0.9999999406606717,0.9827637719154284,0.9913818562880501
organ_tablature,ammerbach_bookA,1,0.9999999904762414,1.0,0.9999999952381207
organ_tablature,ammerbach_bookA,1,0.9999999596002197,1.0,0.9999999798001098
organ_tablature,ammerbach_bookA,1,0.9999998950072279,1.0,0.9999999475036139
organ_tablature,ammerbach_bookA,1,0.9999999609309471,1.0,0.9999999804654736
organ_tablature,ammerbach_bookA,1,0.9999999999527929,1.0,0.9999999999763964
organ_tablature,ammerbach_bookA,1,0.9999999983504342,1.0,0.9999999991752171
organ_tablature,ammerbach_bookA,1,0.999999999676549,1.0,0.9999999998382745
organ_tablature,ammerbach_bookA,1,0.999999999663447,1.0,0.9999999998317235
organ_tablature,ammerbach_bookA,1,0.9999991275732971,1.0,0.9999995637866486
organ_tablature,ammerbach_bookA,1,0.9999993963695584,1.0,0.9999996981847792
organ_tablature,ammerbach_bookA,1,0.9999983344871676,1.0,0.9999991672435837
organ_tablature,ammerbach_bookA,1,0.9999999645001455,1.0,0.9999999822500727
organ_tablature,ammerbach_bookA,1,0.999999998944483,1.0,0.9999999994722415
organ_tablature,ammerbach_bookA,1,0.9999999962333432,1.0,0.9999999981166716
organ_tablature,ammerbach_bookA,1,0.9999996327480906,1.0,0.9999998163740453
organ_tablature,ammerbach_bookA,1,0.9999997925853102,0.9967950151122773,0.9983974038487937
organ_tablature,ammerbach_bookA,1,0.9999996390141366,1.0,0.9999998195070683
organ_tablature,ammerbach_bookA,1,0.9999999948757157,1.0,0.9999999974378578
organ_tablature,ammerbach_bookA,1,0.9999999996106508,0.9980662080825451,0.9990331038465979
organ_tablature,ammerbach_bookA,1,0.9999999997896432,1.0,0.9999999998948216
organ_tablature,ammerbach_bookA,1,0.999999965229856,1.0,0.999999982614928
organ_tablature,ammerbach_bookA,1,0.9999999987872439,1.0,0.9999999993936219
organ_tablature,ammerbach_bookA,1,0.9999999998603659,1.0,0.999999999930183
organ_tablature,ammerbach_bookA,1,0.9999999833684701,1.0,0.999999991684235
organ_tablature,ammerbach_bookA,1,0.9999999934927664,1.0,0.9999999967463832
organ_tablature,ammerbach_bookA,1,0.9999999989332127,1.0,0.9999999994666063
organ_tablature,ammerbach_bookA,1,0.999999996316004,1.0,0.999999998158002
organ_tablature,ammerbach_bookA,1,0.9999999831207981,1.0,0.999999991560399
organ_tablature,ammerbach_bookA,1,0.999999880596758,0.9826491748296103,0.9913245277131841
organ_tablature,ammerbach_bookA,1,0.9999999923911572,1.0,0.9999999961955786
organ_tablature,ammerbach_bookA,1,0.9999999995013835,1.0,0.9999999997506918
organ_tablature,ammerbach_bookA,1,0.9999999998777676,0.9983272861902999,0.9991636430340337
organ_tablature,ammerbach_bookA,1,0.999999999907959,1.0,0.9999999999539795
organ_tablature,ammerbach_bookA,1,0.9999999967356097,1.0,0.9999999983678048
organ_tablature,ammerbach_bookA,1,0.9999999992032427,1.0,0.9999999996016213
organ_tablature,ammerbach_bookA,1,0.9999999995159974,1.0,0.9999999997579987
organ_tablature,ammerbach_bookA,1,0.9999999042869888,1.0,0.9999999521434944
organ_tablature,ammerbach_bookA,1,0.9999999965627973,1.0,0.9999999982813986
organ_tablature,ammerbach_bookA,1,0.999999998719741,1.0,0.9999999993598705
organ_tablature,ammerbach_bookA,1,0.9999999663639789,1.0,0.9999999831819895
organ_tablature,ammerbach_bookA,1,0.9999987971379396,0.9969366813587428,0.9984677392483412
organ_tablature,ammerbach_bookA,1,0.999999966727203,1.0,0.9999999833636015
organ_tablature,ammerbach_bookA,1,0.9999998732682555,1.0,0.9999999366341277
organ_tablature,ammerbach_bookA,1,0.9999999983384862,1.0,0.9999999991692431
organ_tablature,ammerbach_bookA,1,0.9999999900807593,1.0,0.9999999950403797
organ_tablature,ammerbach_bookA,1,0.999999992508196,1.0,0.999999996254098
organ_tablature,ammerbach_bookA,1,0.9999999998786879,1.0,0.999999999939344
organ_tablature,ammerbach_bookA,1,0.9999999957749308,1.0,0.9999999978874654
organ_tablature,ammerbach_bookA,1,0.9999999971931761,1.0,0.9999999985965881
organ_tablature,ammerbach_bookA,1,0.9999999997252225,1.0,0.9999999998626112
organ_tablature,ammerbach_bookA,1,0.9999998731837213,1.0,0.9999999365918606
organ_tablature,ammerbach_bookA,1,0.9999999959361343,1.0,0.9999999979680672
organ_tablature,ammerbach_bookA,1,0.9999996982352188,1.0,0.9999998491176094
organ_tablature,ammerbach_bookA,1,0.9999991301326397,1.0,0.9999995650663198
organ_tablature,ammerbach_bookA,1,0.9999999820713948,1.0,0.9999999910356974
organ_tablature,ammerbach_bookA,1,0.9999999972081994,1.0,0.9999999986040997
organ_tablature,ammerbach_bookA,1,0.9999999988144606,1.0,0.9999999994072303
organ_tablature,ammerbach_bookA,1,0.9999999716019784,1.0,0.9999999858009891
organ_tablature,ammerbach_bookA,1,0.9999999987744446,0.998123025768911,0.9990615122716777
organ_tablature,ammerbach_bookA,1,0.9999999976530844,1.0,0.9999999988265422
organ_tablature,ammerbach_bookA,1,0.9999999151079811,1.0,0.9999999575539906
organ_tablature,ammerbach_bookA,1,0.9999999678867929,1.0,0.9999999839433964
organ_tablature,ammerbach_bookA,1,0.9999999988511212,1.0,0.9999999994255606
organ_tablature,ammerbach_bookA,1,0.9999998449250945,1.0,0.9999999224625473
organ_tablature,ammerbach_bookA,1,0.9999992037435658,1.0,0.9999996018717829
organ_tablature,ammerbach_bookA,1,0.9999997399240567,1.0,0.9999998699620283
organ_tablature,ammerbach_bookA,1,0.9999999965670863,1.0,0.9999999982835431
organ_tablature,ammerbach_bookA,1,0.9999999964305559,1.0,0.999999998215278
organ_tablature,ammerbach_bookA,1,0.9999999922452306,1.0,0.9999999961226154
organ_tablature,ammerbach_bookA,1,0.9999999907354545,1.0,0.9999999953677272
organ_tablature,ammerbach_bookA,1,0.9999998407198271,1.0,0.9999999203599135
organ_tablature,ammerbach_bookA,1,0.9999999852405015,1.0,0.9999999926202507
organ_tablature,ammerbach_bookA,1,0.9999999996954596,1.0,0.9999999998477298
organ_tablature,ammerbach_bookA,1,0.9999999929204257,1.0,0.9999999964602129
organ_tablature,ammerbach_bookA,1,0.9999999940765807,1.0,0.9999999970382903
organ_tablature,ammerbach_bookA,1,0.9999995535158597,1.0,0.9999997767579298
organ_tablature,ammerbach_bookA,1,0.9999997235157153,1.0,0.9999998617578576
organ_tablature,ammerbach_bookA,1,0.9999999652676291,1.0,0.9999999826338146
organ_tablature,ammerbach_bookA,1,0.9999999959369914,1.0,0.9999999979684957
organ_tablature,ammerbach_bookA,1,0.9999999949763918,1.0,0.9999999974881959
organ_tablature,ammerbach_bookA,1,0.999999625313582,0.9985083724045546,0.9992539988590683
organ_tablature,ammerbach_bookA,1,0.9999998085062549,1.0,0.9999999042531275
organ_tablature,ammerbach_bookA,1,0.9999997643110841,1.0,0.999999882155542
organ_tablature,ammerbach_bookA,1,0.9999997768744944,1.0,0.9999998884372472
organ_tablature,ammerbach_bookA,1,0.999999386928304,1.0,0.999999693464152
organ_tablature,ammerbach_bookA,1,0.9999876723529678,0.9851573571290543,0.992572514741011
organ_tablature,ammerbach_bookA,1,0.9999969225417561,0.995487187287599,0.9977420549146776
organ_tablature,ammerbach_bookA,1,0.9999999937207082,1.0,0.9999999968603541
organ_tablature,ammerbach_bookA,1,0.9999999990926756,0.9963623028969564,0.998181150994816
organ_tablature,ammerbach_bookA,1,0.9999999919989034,1.0,0.9999999959994517
organ_tablature,ammerbach_bookA,1,0.9999999887901777,1.0,0.9999999943950888
organ_tablature,ammerbach_bookA,1,0.999999998507235,1.0,0.9999999992536175
organ_tablature,ammerbach_bookA,1,0.9999999927485212,1.0,0.9999999963742606
organ_tablature,ammerbach_bookA,1,0.9999999655842605,1.0,0.9999999827921302
organ_tablature,ammerbach_bookA,1,0.9999999985366801,1.0,0.99999999926834
organ_tablature,ammerbach_bookA,1,0.9999994594290136,1.0,0.9999997297145068
organ_tablature,ammerbach_bookA,1,0.9999998661765835,0.9951546481398001,0.9975772571581918
organ_tablature,ammerbach_bookA,1,0.9999998524677856,0.9967923452428438,0.9983960988553147
organ_tablature,ammerbach_bookA,1,0.9999999987153723,0.998092385572664,0.9990461921440181
organ_tablature,ammerbach_bookA,1,0.9999999907866403,1.0,0.9999999953933201
organ_tablature,ammerbach_bookA,1,0.9999992943255495,1.0,0.9999996471627748
organ_tablature,ammerbach_bookA,1,0.9999999837205635,1.0,0.9999999918602818
organ_tablature,ammerbach_bookA,1,0.999999999150752,1.0,0.999999999575376
organ_tablature,ammerbach_bookA,1,0.9999998354520594,1.0,0.9999999177260297
organ_tablature,ammerbach_bookA,1,0.9999999949692933,1.0,0.9999999974846466
organ_tablature,ammerbach_bookA,1,0.9999999972818894,1.0,0.9999999986409447
organ_tablature,ammerbach_bookA,1,0.9999999928286465,1.0,0.9999999964143232
organ_tablature,ammerbach_bookA,1,0.9999999712428994,0.998092385572664,0.9990461784077818
organ_tablature,ammerbach_bookA,1,0.9999999787723433,0.998092385572664,0.9990461821725036
organ_tablature,ammerbach_bookA,1,0.9999998432651335,0.9951546481398001,0.9975772457024668
organ_tablature,ammerbach_bookA,1,0.9999964984191259,1.0,0.9999982492095629
organ_tablature,ammerbach_bookA,1,0.9999999844171295,1.0,0.9999999922085647
organ_tablature,ammerbach_bookA,1,0.9999999799164636,1.0,0.9999999899582318
organ_tablature,ammerbach_bookA,1,0.9999999820110431,1.0,0.9999999910055215
organ_tablature,ammerbach_bookA,1,0.9999999814888968,1.0,0.9999999907444483
organ_tablature,ammerbach_bookA,1,0.9999999080674895,1.0,0.9999999540337448
organ_tablature,ammerbach_bookA,1,0.9999998562157733,1.0,0.9999999281078866
organ_tablature,ammerbach_bookA,1,0.9999999040260458,1.0,0.9999999520130229
organ_tablature,ammerbach_bookA,1,0.9999986267794855,1.0,0.9999993133897427
organ_tablature,ammerbach_bookA,1,0.9999945358324572,1.0,0.9999972679162286
organ_tablature,ammerbach_bookA,1,0.999997927062673,1.0,0.9999989635313364
organ_tablature,ammerbach_bookA,1,0.9999999990434589,1.0,0.9999999995217295
organ_tablature,ammerbach_bookA,1,0.9999999964633566,1.0,0.9999999982316783
organ_tablature,ammerbach_bookA,1,0.9999999617505125,1.0,0.9999999808752562
organ_tablature,ammerbach_bookA,1,0.9999999977183887,1.0,0.9999999988591943
organ_tablature,ammerbach_bookA,1,0.999999965201038,1.0,0.999999982600519
organ_tablature,ammerbach_bookA,1,0.9999992405161781,1.0,0.999999620258089
organ_tablature,ammerbach_bookA,1,0.9999989178866496,1.0,0.9999994589433248
organ_tablature,ammerbach_bookA,1,0.9999999420167136,1.0,0.9999999710083568
organ_tablature,ammerbach_bookA,1,0.9999998960310136,1.0,0.9999999480155068
organ_tablature,ammerbach_bookA,1,0.9999992273579358,1.0,0.999999613678968
organ_tablature,ammerbach_bookA,1,0.999998638379901,1.0,0.9999993191899506
organ_tablature,ammerbach_bookA,1,0.9999999571674024,1.0,0.9999999785837013
organ_tablature,ammerbach_bookA,1,0.9999999162084748,1.0,0.9999999581042374
organ_tablature,ammerbach_bookA,1,0.9999995472517673,1.0,0.9999997736258837
organ_tablature,ammerbach_bookA,1,0.9999998497339898,0.9885591863344997,0.9942795180342447
organ_tablature,ammerbach_bookA,1,0.9999998545312784,1.0,0.9999999272656392
organ_tablature,ammerbach_bookA,1,0.9999999345550284,0.998092385572664,0.9990461600638463
organ_tablature,ammerbach_bookA,1,0.9999977560883696,1.0,0.9999988780441849
organ_tablature,ammerbach_bookA,1,0.9999995862002014,1.0,0.9999997931001007
organ_tablature,ammerbach_bookA,1,0.9999999956429513,1.0,0.9999999978214756
organ_tablature,ammerbach_bookA,1,0.9999999809545007,1.0,0.9999999904772503
organ_tablature,ammerbach_bookA,1,0.9999999850033781,1.0,0.999999992501689
organ_tablature,ammerbach_bookA,1,0.9999999360781971,0.9983108962439569,0.999155416161077
organ_tablature,ammerbach_bookA,1,0.999999929844396,1.0,0.999999964922198
organ_tablature,ammerbach_bookA,1,0.9999982984185233,1.0,0.9999991492092617
organ_tablature,ammerbach_bookA,1,0.9999995110992662,1.0,0.9999997555496332
organ_tablature,ammerbach_bookA,1,0.9999874389018342,0.9951546481398001,0.9975710435208172
organ_tablature,ammerbach_bookA,1,0.9999848886800119,0.9951546481398001,0.9975697684099061
organ_tablature,ammerbach_bookA,1,0.9999999536684535,1.0,0.9999999768342267
organ_tablature,ammerbach_bookA,1,0.9999999975648945,1.0,0.9999999987824473
organ_tablature,ammerbach_bookA,1,0.9999999982817904,1.0,0.9999999991408952
organ_tablature,ammerbach_bookA,1,0.9999999748104118,1.0,0.9999999874052059
organ_tablature,ammerbach_bookA,1,0.9999999877840445,1.0,0.9999999938920223
organ_tablature,ammerbach_bookA,1,0.9999999960553967,1.0,0.9999999980276983
organ_tablature,ammerbach_bookA,1,0.999999728042507,1.0,0.9999998640212535
organ_tablature,ammerbach_bookA,1,0.9999996864156835,1.0,0.9999998432078417
organ_tablature,ammerbach_bookA,1,0.9999999907683167,1.0,0.9999999953841583
organ_tablature,ammerbach_bookA,1,0.9999999702979421,1.0,0.999999985148971
organ_tablature,ammerbach_bookA,1,0.999998908391574,1.0,0.9999994541957871
organ_tablature,ammerbach_bookA,1,0.9999998687302328,1.0,0.9999999343651165
organ_tablature,ammerbach_bookA,1,0.9999999958974444,1.0,0.9999999979487222
organ_tablature,ammerbach_bookA,1,0.9999999842717264,1.0,0.9999999921358632
organ_tablature,ammerbach_bookA,1,0.9999999970895919,1.0,0.9999999985447959
organ_tablature,ammerbach_bookA,1,0.9999999853465549,1.0,0.9999999926732774
organ_tablature,ammerbach_bookA,1,0.9999999953149783,1.0,0.9999999976574891
organ_tablature,ammerbach_bookA,1,0.9999999814265316,0.998092385572664,0.9990461834995978
organ_tablature,ammerbach_bookA,1,0.9999961414484647,1.0,0.9999980707242324
organ_tablature,ammerbach_bookA,1,0.9999993504724516,0.9951546481398001,0.9975769993061259
organ_tablature,ammerbach_bookA,1,0.9999999321342757,1.0,0.9999999660671379
organ_tablature,ammerbach_bookA,1,0.9999999993632325,1.0,0.9999999996816162
organ_tablature,ammerbach_bookA,1,0.9999999226368537,0.9985083724045546,0.9992541475207042
organ_tablature,ammerbach_bookA,1,0.9999998402558679,1.0,0.9999999201279339
organ_tablature,ammerbach_bookA,1,0.9999999884846028,1.0,0.9999999942423015
organ_tablature,ammerbach_bookA,1,0.9999999789178899,1.0,0.999999989458945
organ_tablature,ammerbach_bookA,1,0.9999999546434438,1.0,0.9999999773217219
organ_tablature,ammerbach_bookA,1,0.9999999673432167,0.998092385572664,0.9990461764579404
organ_tablature,ammerbach_bookA,1,0.9999996594053483,1.0,0.9999998297026742
organ_tablature,ammerbach_bookA,1,0.9999990924726256,0.9967923452428438,0.9983957188577347
organ_tablature,ammerbach_bookA,1,0.9999962673395455,1.0,0.9999981336697727
organ_tablature,ammerbach_bookA,1,0.9999997000092525,1.0,0.9999998500046263
organ_tablature,ammerbach_bookA,1,0.9999996547374388,1.0,0.9999998273687194
organ_tablature,ammerbach_bookA,1,0.9999999548032288,1.0,0.9999999774016144
organ_tablature,ammerbach_bookA,1,0.9999999986683445,1.0,0.9999999993341723
organ_tablature,ammerbach_bookA,1,0.9999999970981255,1.0,0.9999999985490627
organ_tablature,ammerbach_bookA,1,0.9999999993254447,1.0,0.9999999996627223
organ_tablature,ammerbach_bookA,1,0.9999999986221859,1.0,0.999999999311093
organ_tablature,ammerbach_bookA,1,0.9999999400820991,1.0,0.9999999700410496
organ_tablature,ammerbach_bookA,1,0.9999990829016963,1.0,0.9999995414508481
organ_tablature,ammerbach_bookA,1,0.9999990825813477,1.0,0.9999995412906739
organ_tablature,ammerbach_bookA,1,0.9999999624928056,1.0,0.9999999812464029
organ_tablature,ammerbach_bookA,1,0.9999998889150835,0.9983623028969564,0.9991810959060199
organ_tablature,ammerbach_bookA,1,0.9999999881531071,1.0,0.9999999940765536
organ_tablature,ammerbach_bookA,1,0.999999992116985,1.0,0.9999999960584924
organ_tablature,ammerbach_bookA,1,0.9999999857922433,0.9885591863344997,0.9942795860633715
organ_tablature,ammerbach_bookA,1,0.9999999779421038,1.0,0.9999999889710519
organ_tablature,ammerbach_bookA,1,0.9999999726086973,1.0,0.9999999863043487
organ_tablature,ammerbach_bookA,1,0.9999998281291234,0.9968593942555133,0.9984296111923183
organ_tablature,ammerbach_bookA,1,0.9999983108772924,1.0,0.9999991554386463
organ_tablature,ammerbach_bookA,1,0.9999995905729235,1.0,0.9999997952864618
organ_tablature,ammerbach_bookA,1,0.9999999997531761,0.9984881836596894,0.9992440917064327
organ_tablature,ammerbach_bookA,1,0.9999999747318746,0.998123025768911,0.9990615002503929
organ_tablature,ammerbach_bookA,1,0.9999998734306079,1.0,0.999999936715304
organ_tablature,ammerbach_bookA,1,0.9999999560382155,1.0,0.9999999780191078
organ_tablature,ammerbach_bookA,1,0.999999974461506,1.0,0.999999987230753
organ_tablature,ammerbach_bookA,1,0.9999999950728609,1.0,0.9999999975364304
organ_tablature,ammerbach_bookA,1,0.9999999989091111,1.0,0.9999999994545555
organ_tablature,ammerbach_bookA,1,0.9999999993868136,1.0,0.9999999996934068
organ_tablature,ammerbach_bookA,1,0.9999999857127311,1.0,0.9999999928563655
organ_tablature,ammerbach_bookA,1,0.9999999993160349,1.0,0.9999999996580174
organ_tablature,ammerbach_bookA,1,0.9999997518355689,1.0,0.9999998759177844
organ_tablature,ammerbach_bookA,1,0.9999999815960982,1.0,0.999999990798049
organ_tablature,ammerbach_bookA,1,0.9999999985064618,1.0,0.9999999992532309
organ_tablature,ammerbach_bookA,1,0.9999999995257494,1.0,0.9999999997628747
organ_tablature,ammerbach_bookA,1,0.9999999938857653,1.0,0.9999999969428827
organ_tablature,ammerbach_bookA,1,0.9999999966980126,1.0,0.9999999983490063
organ_tablature,ammerbach_bookA,1,0.9999999485433033,1.0,0.9999999742716517
organ_tablature,ammerbach_bookA,1,0.9999999672869884,1.0,0.9999999836434942
organ_tablature,ammerbach_bookA,1,0.9999995771349693,1.0,0.9999997885674847
organ_tablature,ammerbach_bookA,1,0.9999999498507971,0.9847637719154284,0.9923818608831128
organ_tablature,ammerbach_bookA,1,0.9999993230723226,1.0,0.9999996615361613
organ_tablature,ammerbach_bookA,1,0.9999999953984013,1.0,0.9999999976992007
organ_tablature,ammerbach_bookA,1,0.9999999888658432,1.0,0.9999999944329216
organ_tablature,ammerbach_bookA,1,0.9999999424828729,1.0,0.9999999712414365
organ_tablature,ammerbach_bookA,1,0.9999999841008476,1.0,0.9999999920504238
organ_tablature,ammerbach_bookA,1,0.999999959579709,1.0,0.9999999797898544
organ_tablature,ammerbach_bookA,1,0.9999412013532686,0.998,0.9989706006766343
organ_tablature,ammerbach_bookA,1,0.999999900914867,1.0,0.9999999504574335
organ_tablature,ammerbach_bookA,1,0.99999999535703,1.0,0.999999997678515
organ_tablature,ammerbach_bookA,1,0.9999999993920847,1.0,0.9999999996960424
organ_tablature,ammerbach_bookA,1,0.9999999993111812,1.0,0.9999999996555906
organ_tablature,ammerbach_bookA,1,0.9999999984400332,1.0,0.9999999992200166
organ_tablature,ammerbach_bookA,1,0.9999999729689174,1.0,0.9999999864844586
organ_tablature,ammerbach_bookA,1,0.9999999833304466,1.0,0.9999999916652234
organ_tablature,ammerbach_bookA,1,0.9999999996338333,0.998092385572664,0.9990461926032487
organ_tablature,ammerbach_bookA,1,0.9999998590649416,1.0,0.9999999295324709
organ_tablature,ammerbach_bookA,1,0.9999999588011662,1.0,0.9999999794005832
organ_tablature,ammerbach_bookA,1,0.9999999952102012,0.9952811308298841,0.9976405630200427
organ_tablature,ammerbach_bookA,1,0.9999999950846117,0.9735059411173679,0.9867529681009898
organ_tablature,ammerbach_bookA,1,0.9999999997131521,0.9982559351476549,0.9991279674304034
organ_tablature,ammerbach_bookA,1,0.9999999950477911,0.9904914178108594,0.9952457064293252
organ_tablature,ammerbach_bookA,1,0.9999999981503633,1.0,0.9999999990751817
organ_tablature,ammerbach_bookA,1,0.9999999999566218,1.0,0.9999999999783109
organ_tablature,ammerbach_bookA,1,0.9999999973877753,1.0,0.9999999986938877
organ_tablature,ammerbach_bookA,1,0.9999999888177057,1.0,0.9999999944088529
organ_tablature,ammerbach_bookA,1,0.9999999881736586,1.0,0.9999999940868294
organ_tablature,ammerbach_bookA,1,0.9999998064803478,1.0,0.9999999032401738
organ_tablature,ammerbach_bookA,1,0.9999999794475545,1.0,0.9999999897237772
organ_tablature,ammerbach_bookA,1,0.9999999804206169,0.990002708989254,0.9950013447049355
organ_tablature,ammerbach_bookA,1,0.999996846975493,1.0,0.9999984234877465
organ_tablature,ammerbach_bookA,1,0.9999997584310669,1.0,0.9999998792155335
organ_tablature,ammerbach_bookA,1,0.9999996773037083,1.0,0.9999998386518542
organ_tablature,ammerbach_bookA,1,0.9999998423397418,1.0,0.9999999211698709
organ_tablature,ammerbach_bookA,1,0.9999998144126254,1.0,0.9999999072063127
organ_tablature,ammerbach_bookA,1,0.9999999662616423,1.0,0.9999999831308212
organ_tablature,ammerbach_bookA,1,0.9999999992425987,1.0,0.9999999996212994
organ_tablature,ammerbach_bookA,1,0.9999999876999909,1.0,0.9999999938499955
organ_tablature,ammerbach_bookA,1,0.99999999487091,1.0,0.999999997435455
organ_tablature,ammerbach_bookA,1,0.9999999862246673,1.0,0.9999999931123337
organ_tablature,ammerbach_bookA,1,0.9999997693923565,1.0,0.9999998846961782
organ_tablature,ammerbach_bookA,1,0.9999997196512973,1.0,0.9999998598256487
organ_tablature,ammerbach_bookA,1,0.9999995185800432,1.0,0.9999997592900216
organ_tablature,ammerbach_bookA,1,0.9999999272628759,0.9951546481398001,0.997577287701338
organ_tablature,ammerbach_bookA,1,0.999999646782018,1.0,0.999999823391009
organ_tablature,ammerbach_bookA,1,0.9999999850037617,1.0,0.9999999925018809
organ_tablature,ammerbach_bookA,1,0.999999963504943,1.0,0.9999999817524715
organ_tablature,ammerbach_bookA,1,0.9999999973123319,1.0,0.999999998656166
organ_tablature,ammerbach_bookA,1,0.999999996550504,1.0,0.999999998275252
organ_tablature,ammerbach_bookA,1,0.9999999999673364,1.0,0.9999999999836682
organ_tablature,ammerbach_bookA,1,0.9999999999472768,1.0,0.9999999999736384
organ_tablature,ammerbach_bookA,1,0.9999999671415369,1.0,0.9999999835707685
organ_tablature,ammerbach_bookA,1,0.9999999837127846,1.0,0.9999999918563923
organ_tablature,ammerbach_bookA,1,0.9999978186428301,1.0,0.999998909321415
organ_tablature,ammerbach_bookA,1,0.9999989988471683,1.0,0.9999994994235841
organ_tablature,ammerbach_bookA,1,0.9999999973031051,1.0,0.9999999986515525
organ_tablature,ammerbach_bookA,1,0.9999996081468271,0.9968706753015111,0.998435141724169
organ_tablature,ammerbach_bookA,1,0.9999999818613855,1.0,0.9999999909306927
organ_tablature,ammerbach_bookA,1,0.999999649783183,1.0,0.9999998248915916
organ_tablature,ammerbach_bookA,1,0.9999998724764323,1.0,0.9999999362382161
organ_tablature,ammerbach_bookA,1,0.9999999708035425,1.0,0.9999999854017713
organ_tablature,ammerbach_bookA,1,0.9999997623342322,0.998092385572664,0.9990460739534481
organ_tablature,ammerbach_bookA,1,0.9999999505700516,1.0,0.9999999752850258
organ_tablature,ammerbach_bookA,1,0.9999995681328768,1.0,0.9999997840664384
organ_tablature,ammerbach_bookA,1,0.9999995686501346,0.9967923452428438,0.9983959569464892
organ_tablature,ammerbach_bookA,1,0.9999996856874258,0.985933376712121,0.9929665311997734
organ_tablature,ammerbach_bookA,1,0.9999988068444098,1.0,0.9999994034222048
organ_tablature,ammerbach_bookA,1,0.9999998563232588,1.0,0.9999999281616294
organ_tablature,ammerbach_bookA,1,0.9999995448346428,1.0,0.9999997724173214
organ_tablature,ammerbach_bookA,1,0.9999989842096073,1.0,0.9999994921048037
organ_tablature,ammerbach_bookA,1,0.9999963852952735,0.9950537490942231,0.9975250671947482
organ_tablature,ammerbach_bookA,1,0.9999988812837916,0.9969569408084483,0.9984779110461199
organ_tablature,ammerbach_bookA,1,0.9999999535174985,1.0,0.9999999767587493
organ_tablature,ammerbach_bookA,1,0.9999979438209635,1.0,0.9999989719104818
organ_tablature,ammerbach_bookA,1,0.9999982013085665,0.9984327122153208,0.9992154567619437
organ_tablature,ammerbach_bookA,1,0.9999993984653083,1.0,0.9999996992326541
organ_tablature,ammerbach_bookA,1,0.9999999955881791,1.0,0.9999999977940895
organ_tablature,ammerbach_bookA,1,0.9999999999677978,1.0,0.9999999999838989
organ_tablature,ammerbach_bookA,1,0.9999999999888118,1.0,0.9999999999944059
organ_tablature,ammerbach_bookA,1,0.9999999999996219,1.0,0.9999999999998109
organ_tablature,ammerbach_bookA,1,0.9999999950846117,0.9735059411173679,0.9867529681009898
organ_tablature,ammerbach_bookA,1,0.9999999993839503,0.9969592917494243,0.9984796455666873
organ_tablature,ammerbach_bookA,1,0.9999999856393571,1.0,0.9999999928196786
organ_tablature,ammerbach_bookA,1,0.9999999985909334,1.0,0.9999999992954667
organ_tablature,ammerbach_bookA,1,0.9999999889419505,1.0,0.9999999944709752
organ_tablature,ammerbach_bookA,1,0.9999999991005328,1.0,0.9999999995502664
organ_tablature,ammerbach_bookA,1,0.9999999993966107,1.0,0.9999999996983053
organ_tablature,ammerbach_bookA,1,0.9999999999515234,1.0,0.9999999999757617
organ_tablature,ammerbach_bookA,1,0.9999999993219875,1.0,0.9999999996609937
organ_tablature,ammerbach_bookA,1,0.9999996757790549,1.0,0.9999998378895274
organ_tablature,ammerbach_bookA,1,0.999999995254456,1.0,0.999999997627228
organ_tablature,ammerbach_bookA,1,0.9999999985330619,1.0,0.9999999992665309
organ_tablature,ammerbach_bookA,1,0.9999999861268667,0.9984881836596894,0.999244084893278
organ_tablature,ammerbach_bookA,1,0.9999999987899364,1.0,0.9999999993949682
organ_tablature,ammerbach_bookA,1,0.9999998930626558,0.9984949494949495,0.9992474212788027
organ_tablature,ammerbach_bookA,1,0.9999995587145372,1.0,0.9999997793572686
organ_tablature,ammerbach_bookA,1,0.9999999951417262,1.0,0.9999999975708631
organ_tablature,ammerbach_bookA,1,0.9999999995568598,1.0,0.9999999997784299
organ_tablature,ammerbach_bookA,1,0.9999999877871718,0.9983883149269683,0.9991941513570701
organ_tablature,ammerbach_bookA,1,0.9999999996874285,0.9913290893079933,0.9956645444977109
organ_tablature,ammerbach_bookA,1,0.9999999973564901,1.0,0.9999999986782451
organ_tablature,ammerbach_bookA,1,0.9999999975871403,1.0,0.9999999987935702
organ_tablature,ammerbach_bookA,1,0.9999999998716267,1.0,0.9999999999358133
organ_tablature,ammerbach_bookA,1,0.9999999992277058,1.0,0.9999999996138529
organ_tablature,ammerbach_bookA,1,0.9999999958214678,1.0,0.9999999979107339
organ_tablature,ammerbach_bookA,1,0.9999999985643939,1.0,0.999999999282197
organ_tablature,ammerbach_bookA,1,0.999999957852258,1.0,0.999999978926129
organ_tablature,ammerbach_bookA,1,0.9999926947870875,1.0,0.9999963473935438
organ_tablature,ammerbach_bookA,1,0.9999941120417746,0.9967923452428438,0.9983932286423092
organ_tablature,ammerbach_bookA,1,0.9999907445698869,1.0,0.9999953722849435
organ_tablature,ammerbach_bookA,1,0.999999865544681,0.9891708650672926,0.9945853653059868
organ_tablature,ammerbach_bookA,1,0.9999996968924456,1.0,0.9999998484462228
organ_tablature,ammerbach_bookA,1,0.9999999983885242,1.0,0.9999999991942621
organ_tablature,ammerbach_bookA,1,0.9999999997575586,1.0,0.9999999998787793
organ_tablature,ammerbach_bookA,1,0.9999999992138324,1.0,0.9999999996069162
organ_tablature,ammerbach_bookA,1,0.9999999953873329,1.0,0.9999999976936664
organ_tablature,ammerbach_bookA,1,0.9999999962004684,0.9964949494949495,0.998247472847709
organ_tablature,ammerbach_bookA,1,0.9999999641751032,1.0,0.9999999820875516
organ_tablature,ammerbach_bookA,1,0.9999999657676092,0.998092385572664,0.9990461756701365
organ_tablature,ammerbach_bookA,1,0.9999999986534742,1.0,0.9999999993267371
organ_tablature,ammerbach_bookA,1,0.9999991354664743,0.9969366813587428,0.9984679084126086
organ_tablature,ammerbach_bookA,1,0.9999983429248381,1.0,0.999999171462419
organ_tablature,ammerbach_bookA,1,0.9999995094924915,1.0,0.9999997547462458
organ_tablature,ammerbach_bookA,1,0.9999999881322036,0.9982947128762965,0.9991473505042501
organ_tablature,ammerbach_bookA,1,0.9999999993845361,1.0,0.999999999692268
organ_tablature,ammerbach_bookA,1,0.9999999983059935,0.981373126813158,0.9906865625595758
organ_tablature,ammerbach_bookA,1,0.9999999993745441,1.0,0.999999999687272
organ_tablature,ammerbach_bookA,1,0.9999999972900253,1.0,0.9999999986450127
organ_tablature,ammerbach_bookA,1,0.999999998164727,1.0,0.9999999990823635
organ_tablature,ammerbach_bookA,1,0.9999999987699193,1.0,0.9999999993849596
organ_tablature,ammerbach_bookA,1,0.9999999992752746,1.0,0.9999999996376373
organ_tablature,ammerbach_bookA,1,0.999999998334014,1.0,0.999999999167007
organ_tablature,ammerbach_bookA,1,0.9999999901017907,1.0,0.9999999950508953
organ_tablature,ammerbach_bookA,1,0.9999995879835349,1.0,0.9999997939917675
organ_tablature,ammerbach_bookA,1,0.9999997794524025,0.9969366813587428,0.9984682304055726
organ_tablature,ammerbach_bookA,1,0.9999988282315194,0.9969366813587428,0.9984677547951311
organ_tablature,ammerbach_bookA,1,0.999999459055084,0.9969366813587428,0.9984680702069134
organ_tablature,ammerbach_bookA,1,0.9999999969917979,1.0,0.9999999984958989
organ_tablature,ammerbach_bookA,1,0.9999999996053754,1.0,0.9999999998026877
organ_tablature,ammerbach_bookA,1,0.9999999957038386,1.0,0.9999999978519193
organ_tablature,ammerbach_bookA,1,0.9999999784741513,1.0,0.9999999892370757
organ_tablature,ammerbach_bookA,1,0.9999999976348739,1.0,0.999999998817437
organ_tablature,ammerbach_bookA,1,0.9999997512635873,1.0,0.9999998756317936
organ_tablature,ammerbach_bookA,1,0.9999999811908934,1.0,0.9999999905954466
organ_tablature,ammerbach_bookA,1,0.9999999513063776,0.9874613272721972,0.9937306392892874
organ_tablature,ammerbach_bookA,1,0.9999909449998419,0.9985083724045546,0.9992496587021982
organ_tablature,ammerbach_bookA,1,0.9999965486035457,0.9983150074294205,0.999155778016483
organ_tablature,ammerbach_bookA,1,0.9999999916790033,1.0,0.9999999958395016
organ_tablature,ammerbach_bookA,1,0.9999999529640566,1.0,0.9999999764820283
organ_tablature,ammerbach_bookA,1,0.9999999414087292,1.0,0.9999999707043645
organ_tablature,ammerbach_bookA,1,0.9999999492575679,1.0,0.999999974628784
organ_tablature,ammerbach_bookA,1,0.9999999181364585,1.0,0.9999999590682292
organ_tablature,ammerbach_bookA,1,0.9999999998503741,0.99200323415117,0.996001617000772
organ_tablature,ammerbach_bookA,1,0.9999999999320011,1.0,0.9999999999660005
organ_tablature,ammerbach_bookA,1,0.9999999993207436,0.9886907981629046,0.994345398741824
organ_tablature,ammerbach_bookA,1,0.9999999996775013,1.0,0.9999999998387507
organ_tablature,ammerbach_bookA,1,0.9999998084582753,1.0,0.9999999042291376
organ_tablature,ammerbach_bookA,1,0.9999999658235353,1.0,0.9999999829117676
organ_tablature,ammerbach_bookA,1,0.9999999184629649,1.0,0.9999999592314824
organ_tablature,ammerbach_bookA,1,0.9999999030979553,0.995487187287599,0.9977435451927772
organ_tablature,ammerbach_bookA,1,0.9999970020435555,0.9967923452428438,0.9983946736431997
organ_tablature,ammerbach_bookA,1,0.9999973797591851,1.0,0.9999986898795925
organ_tablature,ammerbach_bookA,1,0.9999998369543056,1.0,0.9999999184771529
organ_tablature,ammerbach_bookA,1,0.9999999314663506,1.0,0.9999999657331753
organ_tablature,ammerbach_bookA,1,0.9999999816596686,1.0,0.9999999908298343
organ_tablature,ammerbach_bookA,1,0.999999993977114,1.0,0.999999996988557
organ_tablature,ammerbach_bookA,1,0.9999999781316102,1.0,0.9999999890658051
organ_tablature,ammerbach_bookA,1,0.9999987468392267,0.9944073930020844,0.9972030699206555
organ_tablature,ammerbach_bookA,1,0.9999996727148132,1.0,0.9999998363574065
organ_tablature,ammerbach_bookA,1,0.9999709198032807,0.9985980606818893,0.999284490242585
organ_tablature,ammerbach_bookA,1,0.9999865872887475,0.9985083724045546,0.9992474798466511
organ_tablature,ammerbach_bookA,1,0.9999999904490117,1.0,0.9999999952245058
organ_tablature,ammerbach_bookA,1,0.9999999558318922,1.0,0.9999999779159461
organ_tablature,ammerbach_bookA,1,0.9999998582766066,1.0,0.9999999291383033
organ_tablature,ammerbach_bookA,1,0.9999999805878262,1.0,0.9999999902939132
organ_tablature,ammerbach_bookA,1,0.9999930276050535,1.0,0.9999965138025267
organ_tablature,ammerbach_bookA,1,0.9999831901622677,0.9967923452428438,0.9983877677025557
organ_tablature,ammerbach_bookA,1,0.9999909490916788,0.9967923452428438,0.9983916471672614
organ_tablature,ammerbach_bookA,1,0.999999022690922,0.9967923452428438,0.9983956839668828
organ_tablature,ammerbach_bookA,1,0.9999998899786501,1.0,0.9999999449893251
organ_tablature,ammerbach_bookA,1,0.9999999827557814,0.9952540046257208,0.9976269936907511
organ_tablature,ammerbach_bookA,1,0.9999999999262148,1.0,0.9999999999631074
organ_tablature,ammerbach_bookA,1,0.9999999991941404,0.9806940323140745,0.9903470157541074
organ_tablature,ammerbach_bookA,1,0.9999999852452257,1.0,0.9999999926226129
organ_tablature,ammerbach_bookA,1,0.9999998410278161,1.0,0.9999999205139081
organ_tablature,ammerbach_bookA,1,0.9999999438082037,1.0,0.9999999719041018
organ_tablature,ammerbach_bookA,1,0.9999999779469515,1.0,0.9999999889734758
organ_tablature,ammerbach_bookA,1,0.9999999974924318,0.9984949494949495,0.9992474734936907
organ_tablature,ammerbach_bookA,1,0.9999999845865382,0.998092385572664,0.9990461850796011
organ_tablature,ammerbach_bookA,1,0.9999999770392144,1.0,0.9999999885196071
organ_tablature,ammerbach_bookA,1,0.9999999365730241,1.0,0.999999968286512
organ_tablature,ammerbach_bookA,1,0.9999999519672446,1.0,0.9999999759836222
organ_tablature,ammerbach_bookA,1,0.999999942092332,1.0,0.999999971046166
organ_tablature,ammerbach_bookA,1,0.9999991967939809,1.0,0.9999995983969905
organ_tablature,ammerbach_bookA,1,0.999999991409613,1.0,0.9999999957048065
organ_tablature,ammerbach_bookA,1,0.999999931065073,1.0,0.9999999655325365
organ_tablature,ammerbach_bookA,1,0.9999995371736478,1.0,0.9999997685868238
organ_tablature,ammerbach_bookA,1,0.9999999773177378,1.0,0.9999999886588689
organ_tablature,ammerbach_bookA,1,0.9999999773506171,1.0,0.9999999886753086
organ_tablature,ammerbach_bookA,1,0.9999998453626208,1.0,0.9999999226813103
organ_tablature,ammerbach_bookA,1,0.9999996774963301,1.0,0.999999838748165
organ_tablature,ammerbach_bookA,1,0.9999997997904299,1.0,0.9999998998952149
organ_tablature,ammerbach_bookA,1,0.999996296578827,0.9980484429065745,0.9990223697427008
organ_tablature,ammerbach_bookA,1,0.9999979549652043,0.998359633027523,0.9991787939963637
organ_tablature,ammerbach_bookA,1,0.9999999387310161,1.0,0.9999999693655081
organ_tablature,ammerbach_bookA,1,0.9999999948597755,1.0,0.9999999974298878
organ_tablature,ammerbach_bookA,1,0.9999999788677885,1.0,0.9999999894338942
organ_tablature,ammerbach_bookA,1,0.9999999829895471,1.0,0.9999999914947735
organ_tablature,ammerbach_bookA,1,0.9999999716154909,0.9902979470274665,0.9951489593214787
organ_tablature,ammerbach_bookA,1,0.9999999431646881,1.0,0.999999971582344
organ_tablature,ammerbach_bookA,1,0.9999999962765103,0.9827637719154284,0.9913818840959694
organ_tablature,ammerbach_bookA,1,0.9999999946366618,1.0,0.9999999973183309
organ_tablature,ammerbach_bookA,1,0.9999999235084643,1.0,0.9999999617542321
organ_tablature,ammerbach_bookA,1,0.9999998014350028,1.0,0.9999999007175013
organ_tablature,ammerbach_bookA,1,0.9999994167453417,0.9967923452428438,0.9983958809940927
organ_tablature,ammerbach_bookA,1,0.9999982150003909,0.9967923452428438,0.9983952801216174
organ_tablature,ammerbach_bookA,1,0.9999998774252136,1.0,0.9999999387126068
organ_tablature,ammerbach_bookA,1,0.9999999876252442,1.0,0.9999999938126221
organ_tablature,ammerbach_bookA,1,0.9999999388696841,1.0,0.999999969434842
organ_tablature,ammerbach_bookA,1,0.9999999971601907,0.9965873350676134,0.9982936661139021
organ_tablature,ammerbach_bookA,1,0.999999716952418,1.0,0.999999858476209
organ_tablature,ammerbach_bookA,1,0.9999993544439678,1.0,0.9999996772219839
organ_tablature,ammerbach_bookA,1,0.999998926584744,0.9951546481398001,0.9975767873622721
organ_tablature,ammerbach_bookA,1,0.9999993141685194,0.9951546481398001,0.9975769811541597
organ_tablature,ammerbach_bookA,1,0.9999997984384732,1.0,0.9999998992192366
organ_tablature,ammerbach_bookA,1,0.9999999978083149,1.0,0.9999999989041575
organ_tablature,ammerbach_bookA,1,0.9999999947341267,1.0,0.9999999973670634
organ_tablature,ammerbach_bookA,1,0.9999986026044493,1.0,0.9999993013022246
organ_tablature,ammerbach_bookA,1,0.9999999607109689,1.0,0.9999999803554844
organ_tablature,ammerbach_bookA,1,0.9999992780273074,1.0,0.9999996390136536
organ_tablature,ammerbach_bookA,1,0.9999999466389224,0.9964520186001868,0.9982259826195546
organ_tablature,ammerbach_bookA,1,0.9999996054606728,1.0,0.9999998027303364
organ_tablature,ammerbach_bookA,1,0.9999994634861985,0.9967923452428438,0.9983959043645212
organ_tablature,ammerbach_bookA,1,0.9999999191454664,0.995487187287599,0.9977435532165326
organ_tablature,ammerbach_bookA,1,0.9999999936791741,1.0,0.9999999968395871
organ_tablature,ammerbach_bookA,1,0.9999999983503132,0.9983623028969564,0.9991811506236348
organ_tablature,ammerbach_bookA,1,0.9999999979732275,1.0,0.9999999989866137
organ_tablature,ammerbach_bookA,1,0.9999999679746815,1.0,0.9999999839873408
organ_tablature,ammerbach_bookA,1,0.9999999779372182,0.9984949494949495,0.9992474637160839
organ_tablature,ammerbach_bookA,1,0.9999999895455615,1.0,0.9999999947727807
organ_tablature,ammerbach_bookA,1,0.9999999992185447,1.0,0.9999999996092723
organ_tablature,ammerbach_bookA,1,0.9999999127916807,0.998092385572664,0.9990461491821723
organ_tablature,ammerbach_bookA,1,0.9999987991643489,1.0,0.9999993995821744
organ_tablature,ammerbach_bookA,1,0.9999995923903074,0.9948143214971433,0.9974069569437254
organ_tablature,ammerbach_bookA,1,0.999999829571333,1.0,0.9999999147856665
organ_tablature,ammerbach_bookA,1,0.9999999992033366,1.0,0.9999999996016683
organ_tablature,ammerbach_bookA,1,0.9999999999516811,1.0,0.9999999999758405
organ_tablature,ammerbach_bookA,1,0.9999999577940353,1.0,0.9999999788970176
organ_tablature,ammerbach_bookA,1,0.9999992285219669,1.0,0.9999996142609835
organ_tablature,ammerbach_bookA,1,0.9999903734057637,1.0,0.9999951867028818
organ_tablature,ammerbach_bookA,1,0.9999998554832048,0.998092385572664,0.9990461205279344
organ_tablature,ammerbach_bookA,1,0.9999996108398446,1.0,0.9999998054199223
organ_tablature,ammerbach_bookA,1,0.9999983806846454,0.9855541525935552,0.9927762666391002
organ_tablature,ammerbach_bookA,1,0.9999007652500518,1.0,0.9999503826250259
organ_tablature,ammerbach_bookA,1,0.9999999501460193,1.0,0.9999999750730096
organ_tablature,ammerbach_bookA,1,0.9999952742542508,0.9925755577448929,0.9962854159995719
organ_tablature,ammerbach_bookA,1,0.9999970065443309,0.9957255200161623,0.9978612632802466
organ_tablature,ammerbach_bookA,1,0.9999999855925394,1.0,0.9999999927962697
organ_tablature,ammerbach_bookA,1,0.9999999873229964,1.0,0.9999999936614983
organ_tablature,ammerbach_bookA,1,0.9999999754882333,1.0,0.9999999877441166
organ_tablature,ammerbach_bookA,1,0.9999999028715899,1.0,0.9999999514357949
organ_tablature,ammerbach_bookA,1,0.9999998862039919,1.0,0.9999999431019959
organ_tablature,ammerbach_bookA,1,0.9999905989701736,1.0,0.9999952994850868
organ_tablature,ammerbach_bookA,1,0.9999703152598716,0.9964546884696204,0.998212501864746
organ_tablature,ammerbach_bookA,1,0.9999569532579008,0.9914178386870695,0.9956873959724851
organ_tablature,ammerbach_bookA,1,0.9999998850140793,0.996557991202346,0.9982789381082127
organ_tablature,ammerbach_bookA,1,0.9999999869982121,1.0,0.9999999934991061
organ_tablature,ammerbach_bookA,1,0.9999999976599581,1.0,0.999999998829979
organ_tablature,ammerbach_bookA,1,0.9999999779267814,1.0,0.9999999889633907
organ_tablature,ammerbach_bookA,1,0.9999998491434158,1.0,0.9999999245717079
organ_tablature,ammerbach_bookA,1,0.9999996239549767,1.0,0.9999998119774883
organ_tablature,ammerbach_bookA,1,0.9999977612641413,0.9964520186001868,0.9982248899321641
organ_tablature,ammerbach_bookA,1,0.9999994697372089,0.9967923452428438,0.9983959074900264
organ_tablature,ammerbach_bookA,1,0.9999992954165495,1.0,0.9999996477082748
organ_tablature,ammerbach_bookA,1,0.9999999941455617,1.0,0.9999999970727809
organ_tablature,ammerbach_bookA,1,0.9999996786517928,1.0,0.9999998393258964
organ_tablature,ammerbach_bookA,1,0.9999999801161228,1.0,0.9999999900580614
organ_tablature,ammerbach_bookA,1,0.999999961673227,1.0,0.9999999808366136
organ_tablature,ammerbach_bookA,1,0.999999198187128,1.0,0.999999599093564
organ_tablature,ammerbach_bookA,1,0.9999992916045874,1.0,0.9999996458022937
organ_tablature,ammerbach_bookA,1,0.9999999749040784,1.0,0.9999999874520392
organ_tablature,ammerbach_bookA,1,0.9999999813412673,1.0,0.9999999906706336
organ_tablature,ammerbach_bookA,1,0.9999999428181919,1.0,0.9999999714090959
organ_tablature,ammerbach_bookA,1,0.9999985107351642,1.0,0.999999255367582
organ_tablature,ammerbach_bookA,1,0.9999999903186158,1.0,0.9999999951593079
organ_tablature,ammerbach_bookA,1,0.9999999989512445,1.0,0.9999999994756222
organ_tablature,ammerbach_bookA,1,0.9999998722364186,1.0,0.9999999361182093
organ_tablature,ammerbach_bookA,1,0.9999999904285622,1.0,0.9999999952142811
organ_tablature,ammerbach_bookA,1,0.9999999951360716,1.0,0.9999999975680358
organ_tablature,ammerbach_bookA,1,0.9999999951038512,1.0,0.9999999975519256
organ_tablature,ammerbach_bookA,1,0.9999999979231875,1.0,0.9999999989615938
organ_tablature,ammerbach_bookA,1,0.9999999811145978,1.0,0.9999999905572989
organ_tablature,ammerbach_bookA,1,0.9999991995231691,1.0,0.9999995997615845
organ_tablature,ammerbach_bookA,1,0.9999738581773482,0.9952506232563827,0.9976122407168655
organ_tablature,ammerbach_bookA,1,0.9999948020467493,1.0,0.9999974010233746
organ_tablature,ammerbach_bookA,1,0.9999999939083855,1.0,0.9999999969541927
organ_tablature,ammerbach_bookA,1,0.9999999859999948,1.0,0.9999999929999974
organ_tablature,ammerbach_bookA,1,0.9999999285709467,1.0,0.9999999642854733
organ_tablature,ammerbach_bookA,1,0.9999999921322292,1.0,0.9999999960661146
organ_tablature,ammerbach_bookA,1,0.9999999945290889,1.0,0.9999999972645445
organ_tablature,ammerbach_bookA,1,0.9999999849174293,1.0,0.9999999924587146
organ_tablature,ammerbach_bookA,1,0.9999999992696271,1.0,0.9999999996348136
organ_tablature,ammerbach_bookA,1,0.9999999991848165,1.0,0.9999999995924083
organ_tablature,ammerbach_bookA,1,0.9999979157878626,1.0,0.9999989578939312
organ_tablature,ammerbach_bookA,1,0.999999880269624,0.9967923452428438,0.998396112756234
organ_tablature,ammerbach_bookA,1,0.9999990644118084,1.0,0.9999995322059042
organ_tablature,ammerbach_bookA,1,0.9999999917992549,1.0,0.9999999958996275
organ_tablature,ammerbach_bookA,1,0.9999999967604183,1.0,0.9999999983802091
organ_tablature,ammerbach_bookA,1,0.9999999978318863,1.0,0.9999999989159432
organ_tablature,ammerbach_bookA,1,0.9999999801561859,1.0,0.9999999900780929
organ_tablature,ammerbach_bookA,1,0.9999999136939969,1.0,0.9999999568469984
organ_tablature,ammerbach_bookA,1,0.9999998352267648,1.0,0.9999999176133825
organ_tablature,ammerbach_bookA,1,0.9999996182562202,1.0,0.9999998091281102
organ_tablature,ammerbach_bookA,1,0.9999994667783648,1.0,0.9999997333891824
organ_tablature,ammerbach_bookB,1,0.9999999999999734,0.9980746968472111,0.9990373484235922
organ_tablature,ammerbach_bookB,1,0.9999999999775058,0.9943748050542369,0.9971874025158713
organ_tablature,ammerbach_bookB,1,0.9999999991567103,0.9963221629065375,0.9981610810316239
organ_tablature,ammerbach_bookB,1,0.9999999967586182,1.0,0.9999999983793091
organ_tablature,ammerbach_bookB,1,0.9999989961246908,1.0,0.9999994980623454
organ_tablature,ammerbach_bookB,1,0.9999999333507283,1.0,0.9999999666753642
organ_tablature,ammerbach_bookB,1,0.9999999963530068,1.0,0.9999999981765034
organ_tablature,ammerbach_bookB,1,0.9999990589049529,1.0,0.9999995294524764
organ_tablature,ammerbach_bookB,1,0.9999999985390529,1.0,0.9999999992695264
organ_tablature,ammerbach_bookB,1,0.9999999784612474,1.0,0.9999999892306237
organ_tablature,ammerbach_bookB,1,0.9999998517179813,1.0,0.9999999258589907
organ_tablature,ammerbach_bookB,1,0.9999999884011231,1.0,0.9999999942005615
organ_tablature,ammerbach_bookB,1,0.9999998124775394,0.9943221030720284,0.997160957774784
organ_tablature,ammerbach_bookB,1,0.9999998439760466,1.0,0.9999999219880233
organ_tablature,ammerbach_bookB,1,0.9999984425059865,1.0,0.9999992212529932
organ_tablature,ammerbach_bookB,1,0.9999916499736148,1.0,0.9999958249868074
organ_tablature,ammerbach_bookB,1,0.9999732338863125,1.0,0.9999866169431563
organ_tablature,ammerbach_bookB,1,0.9999440170237692,1.0,0.9999720085118846
organ_tablature,ammerbach_bookB,1,0.9999999997001492,0.9967535964955875,0.9983767980978684
organ_tablature,ammerbach_bookB,1,0.9999999993429414,1.0,0.9999999996714707
organ_tablature,ammerbach_bookB,1,0.9999991209685257,1.0,0.9999995604842629
organ_tablature,ammerbach_bookB,1,0.9999981840109775,1.0,0.9999990920054888
organ_tablature,ammerbach_bookB,1,0.9999822003330451,1.0,0.9999911001665225
organ_tablature,ammerbach_bookB,1,0.9999953765650056,1.0,0.9999976882825028
organ_tablature,ammerbach_bookB,1,0.999999905820437,1.0,0.9999999529102185
organ_tablature,ammerbach_bookB,1,0.9999390907598387,1.0,0.9999695453799193
organ_tablature,ammerbach_bookB,1,0.999998151623451,1.0,0.9999990758117254
organ_tablature,ammerbach_bookB,1,0.9999999977518146,1.0,0.9999999988759073
organ_tablature,ammerbach_bookB,1,0.9999999994404958,1.0,0.9999999997202479
organ_tablature,ammerbach_bookB,1,0.9999999890223187,1.0,0.9999999945111593
organ_tablature,ammerbach_bookB,1,0.9999951686451566,1.0,0.9999975843225783
organ_tablature,ammerbach_bookB,1,0.99999143261201,1.0,0.9999957163060049
organ_tablature,ammerbach_bookB,1,0.999987135286001,1.0,0.9999935676430005
organ_tablature,ammerbach_bookB,1,0.9999947588569796,1.0,0.9999973794284898
organ_tablature,ammerbach_bookB,1,0.99999999150338,1.0,0.9999999957516901
organ_tablature,ammerbach_bookB,1,0.9999999999392382,1.0,0.9999999999696191
organ_tablature,ammerbach_bookB,1,0.9999999994707827,1.0,0.9999999997353913
organ_tablature,ammerbach_bookB,1,0.9999999969800499,1.0,0.999999998490025
organ_tablature,ammerbach_bookB,1,0.9999999999833447,1.0,0.9999999999916723
organ_tablature,ammerbach_bookB,1,0.9999999999906093,0.9962755610972569,0.9981377805439331
organ_tablature,ammerbach_bookB,1,0.9999999963590764,1.0,0.9999999981795382
organ_tablature,ammerbach_bookB,1,0.9999998464460851,1.0,0.9999999232230425
organ_tablature,ammerbach_bookB,1,0.999999987095256,1.0,0.999999993547628
organ_tablature,ammerbach_bookB,1,0.9999999989379058,1.0,0.9999999994689529
organ_tablature,ammerbach_bookB,1,0.999999973763664,1.0,0.999999986881832
organ_tablature,ammerbach_bookB,1,0.999999970248886,1.0,0.999999985124443
organ_tablature,ammerbach_bookB,1,0.999999997794021,1.0,0.9999999988970105
organ_tablature,ammerbach_bookB,1,0.9999999990297292,0.9962755610972569,0.9981377800634931
organ_tablature,ammerbach_bookB,1,0.9999999893832564,1.0,0.9999999946916283
organ_tablature,ammerbach_bookB,1,0.9999997196064976,0.9934828746299218,0.9967412971182097
organ_tablature,ammerbach_bookB,1,0.9999994110071772,1.0,0.9999997055035885
organ_tablature,ammerbach_bookB,1,0.9999998045788727,1.0,0.9999999022894364
organ_tablature,ammerbach_bookB,1,0.9999995457046308,0.9875827144135912,0.993791130059111
organ_tablature,ammerbach_bookB,1,0.9999997553674093,1.0,0.9999998776837047
organ_tablature,ammerbach_bookB,1,0.999999033320148,1.0,0.9999995166600739
organ_tablature,ammerbach_bookB,1,0.999999996368182,1.0,0.999999998184091
organ_tablature,ammerbach_bookB,1,0.9999999702197975,1.0,0.9999999851098987
organ_tablature,ammerbach_bookB,1,0.9999999958235113,0.9856285740093312,0.9928142849164212
organ_tablature,ammerbach_bookB,1,0.9999999968330673,1.0,0.9999999984165336
organ_tablature,ammerbach_bookB,1,0.999999871727836,1.0,0.999999935863918
organ_tablature,ammerbach_bookB,1,0.9999997447633319,1.0,0.9999998723816659
organ_tablature,ammerbach_bookB,1,0.999999381478988,1.0,0.999999690739494
organ_tablature,ammerbach_bookB,1,0.9999725784329767,1.0,0.9999862892164884
organ_tablature,ammerbach_bookB,1,0.999989870691085,1.0,0.9999949353455425
organ_tablature,ammerbach_bookB,1,0.9999999796922427,1.0,0.9999999898461214
organ_tablature,ammerbach_bookB,1,0.9999999158462078,1.0,0.9999999579231039
organ_tablature,ammerbach_bookB,1,0.999999996134816,1.0,0.999999998067408
organ_tablature,ammerbach_bookB,1,0.9999990715131998,1.0,0.9999995357565998
organ_tablature,ammerbach_bookB,1,0.9999990402575286,1.0,0.9999995201287644
organ_tablature,ammerbach_bookB,1,0.9999997695458054,0.9857373278799254,0.9928685487128655
organ_tablature,ammerbach_bookB,1,0.9999999219984911,0.9967535964955875,0.9983767592470393
organ_tablature,ammerbach_bookB,1,0.9999987299217032,1.0,0.9999993649608516
organ_tablature,ammerbach_bookB,1,0.9999989194633574,1.0,0.9999994597316787
organ_tablature,ammerbach_bookB,1,0.9999999445394152,1.0,0.9999999722697076
organ_tablature,ammerbach_bookB,1,0.9999999944822537,1.0,0.9999999972411269
organ_tablature,ammerbach_bookB,1,0.9999999938856421,1.0,0.999999996942821
organ_tablature,ammerbach_bookB,1,0.9999999945390528,0.9856285740093312,0.992814284274192
organ_tablature,ammerbach_bookB,1,0.9999994868050306,1.0,0.9999997434025153
organ_tablature,ammerbach_bookB,1,0.9999997860206169,1.0,0.9999998930103084
organ_tablature,ammerbach_bookB,1,0.9999999283093568,1.0,0.9999999641546784
organ_tablature,ammerbach_bookB,1,0.9999984183002726,1.0,0.9999992091501363
organ_tablature,ammerbach_bookB,1,0.9999964890299263,1.0,0.9999982445149631
organ_tablature,ammerbach_bookB,1,0.9999985253933517,1.0,0.9999992626966758
organ_tablature,ammerbach_bookB,1,0.9999929759088294,1.0,0.9999964879544148
organ_tablature,ammerbach_bookB,1,0.9999999950879521,1.0,0.9999999975439761
organ_tablature,ammerbach_bookB,1,0.999999998452141,0.9981359102244389,0.99906795433829
organ_tablature,ammerbach_bookB,1,0.9999999695238715,0.9981546134663342,0.9990772914951028
organ_tablature,ammerbach_bookB,1,0.9999999866698033,1.0,0.9999999933349016
organ_tablature,ammerbach_bookB,1,0.9999999117768634,1.0,0.9999999558884317
organ_tablature,ammerbach_bookB,1,0.9999986847990958,1.0,0.9999993423995479
organ_tablature,ammerbach_bookB,1,0.9999924094894258,0.9876138864834166,0.9938031479864212
organ_tablature,ammerbach_bookB,1,0.9999977303997621,1.0,0.999998865199881
organ_tablature,ammerbach_bookB,1,0.9999592398892871,1.0,0.9999796199446436
organ_tablature,ammerbach_bookB,1,0.9999965229406701,0.9841326134485131,0.9920645681945917
organ_tablature,ammerbach_bookB,1,0.99999999783614,0.9856285740093312,0.9928142859227356
organ_tablature,ammerbach_bookB,1,0.9999999977301464,1.0,0.9999999988650732
organ_tablature,ammerbach_bookB,1,0.9999998499972343,1.0,0.9999999249986171
organ_tablature,ammerbach_bookB,1,0.9999994630865757,1.0,0.9999997315432878
organ_tablature,ammerbach_bookB,1,0.9999990733935995,1.0,0.9999995366967998
organ_tablature,ammerbach_bookB,1,0.9999991401120194,1.0,0.9999995700560097
organ_tablature,ammerbach_bookB,1,0.9999928792945418,1.0,0.9999964396472709
organ_tablature,ammerbach_bookB,1,0.9999989075450821,1.0,0.9999994537725411
organ_tablature,ammerbach_bookB,1,0.9999955277659139,1.0,0.9999977638829569
organ_tablature,ammerbach_bookB,1,0.9999991622041968,0.9866084403658795,0.9933038012850381
organ_tablature,ammerbach_bookB,1,0.999999998841336,0.9967535964955875,0.9983767976684617
organ_tablature,ammerbach_bookB,1,0.9999999983780417,1.0,0.9999999991890208
organ_tablature,ammerbach_bookB,1,0.999999999898793,0.9967535964955875,0.9983767981971903
organ_tablature,ammerbach_bookB,1,0.999999997840396,0.9837831874756654,0.9918915926580307
organ_tablature,ammerbach_bookB,1,0.9999999773428064,1.0,0.9999999886714033
organ_tablature,ammerbach_bookB,1,0.9999999763998483,1.0,0.9999999881999242
organ_tablature,ammerbach_bookB,1,0.9999989753017418,1.0,0.9999994876508709
organ_tablature,ammerbach_bookB,1,0.999997724549029,1.0,0.9999988622745145
organ_tablature,ammerbach_bookB,1,0.9999976011317465,1.0,0.9999988005658733
organ_tablature,ammerbach_bookB,1,0.999996094521792,1.0,0.999998047260896
organ_tablature,ammerbach_bookB,1,0.9999919086332967,1.0,0.9999959543166483
organ_tablature,ammerbach_bookB,1,0.9999999960560424,1.0,0.9999999980280212
organ_tablature,ammerbach_bookB,1,0.9999999998435933,1.0,0.9999999999217967
organ_tablature,ammerbach_bookB,1,0.9999999985360812,1.0,0.9999999992680406
organ_tablature,ammerbach_bookB,1,0.9999997058348987,1.0,0.9999998529174494
organ_tablature,ammerbach_bookB,1,0.9997102897544197,1.0,0.9998551448772098
organ_tablature,ammerbach_bookB,1,0.9999835779732371,1.0,0.9999917889866186
organ_tablature,ammerbach_bookB,1,0.9998650115951314,1.0,0.9999325057975657
organ_tablature,ammerbach_bookB,1,0.9993915866063432,1.0,0.9996957933031716
organ_tablature,ammerbach_bookB,1,0.9999997599463478,1.0,0.999999879973174
organ_tablature,ammerbach_bookB,1,0.9999999999591493,1.0,0.9999999999795747
organ_tablature,ammerbach_bookB,1,0.9999999966332884,1.0,0.9999999983166442
organ_tablature,ammerbach_bookB,1,0.9999999666812014,1.0,0.9999999833406007
organ_tablature,ammerbach_bookB,1,0.9999971290080484,1.0,0.9999985645040241
organ_tablature,ammerbach_bookB,1,0.9999997621176748,1.0,0.9999998810588374
organ_tablature,ammerbach_bookB,1,0.999996479444996,1.0,0.999998239722498
organ_tablature,ammerbach_bookB,1,0.9993464292094647,1.0,0.9996732146047324
organ_tablature,ammerbach_bookB,1,0.9999999560439635,1.0,0.9999999780219817
organ_tablature,ammerbach_bookB,1,0.9999999998994402,1.0,0.9999999999497201
organ_tablature,ammerbach_bookB,1,0.9999999970150102,1.0,0.9999999985075051
organ_tablature,ammerbach_bookB,1,0.9999999987765071,1.0,0.9999999993882536
organ_tablature,ammerbach_bookB,1,0.9999999972375395,1.0,0.9999999986187698
organ_tablature,ammerbach_bookB,1,0.9999999966786353,1.0,0.9999999983393176
organ_tablature,ammerbach_bookB,1,0.9999999986055759,0.996830596157041,0.9984152973813084
organ_tablature,ammerbach_bookB,1,0.9999995326181264,1.0,0.9999997663090632
organ_tablature,ammerbach_bookB,1,0.999999881574968,1.0,0.999999940787484
organ_tablature,ammerbach_bookB,1,0.9999832210073726,1.0,0.9999916105036863
organ_tablature,ammerbach_bookB,1,0.9999998309581827,1.0,0.9999999154790913
organ_tablature,ammerbach_bookB,1,0.999999994636529,1.0,0.9999999973182645
organ_tablature,ammerbach_bookB,1,0.9999999892950521,1.0,0.999999994647526
organ_tablature,ammerbach_bookB,1,0.9999999993085595,1.0,0.9999999996542798
organ_tablature,ammerbach_bookB,1,0.9999999999518017,1.0,0.9999999999759008
organ_tablature,ammerbach_bookB,1,0.9999999998108144,1.0,0.9999999999054072
organ_tablature,ammerbach_bookB,1,0.9999999996937954,0.9962755610972569,0.9981377803955261
organ_tablature,ammerbach_bookB,1,0.9999999910712912,0.9875827144135912,0.9937913527424412
organ_tablature,ammerbach_bookB,1,0.9999967656173431,0.9803921947880677,0.9901944802027054
organ_tablature,ammerbach_bookB,1,0.9999994993819451,1.0,0.9999997496909725
organ_tablature,ammerbach_bookB,1,0.999999996569066,1.0,0.999999998284533
organ_tablature,ammerbach_bookB,1,0.9999999991117594,0.9806553676940343,0.9903276834028969
organ_tablature,ammerbach_bookB,1,0.9999999438398524,0.9967535964955875,0.99837677016772
organ_tablature,ammerbach_bookB,1,0.9999999850337415,1.0,0.9999999925168708
organ_tablature,ammerbach_bookB,1,0.9999996758916403,1.0,0.9999998379458201
organ_tablature,ammerbach_bookB,1,0.9999972279032971,1.0,0.9999986139516486
organ_tablature,ammerbach_bookB,1,0.9999971637703666,1.0,0.9999985818851833
organ_tablature,ammerbach_bookB,1,0.9999924251582509,1.0,0.9999962125791255
organ_tablature,ammerbach_bookB,1,0.9999999616313201,1.0,0.9999999808156601
organ_tablature,ammerbach_bookB,1,0.9999999808763281,1.0,0.999999990438164
organ_tablature,ammerbach_bookB,1,0.9999999175818141,0.9980465419747716,0.9990232297782928
organ_tablature,ammerbach_bookB,1,0.9999999730623989,1.0,0.9999999865311995
organ_tablature,ammerbach_bookB,1,0.9999998753691359,1.0,0.999999937684568
organ_tablature,ammerbach_bookB,1,0.9999999085741887,0.9837831874756654,0.9918915480249271
organ_tablature,ammerbach_bookB,1,0.9999999601414549,0.9967535964955875,0.9983767783185211
organ_tablature,ammerbach_bookB,1,0.9999931234868628,1.0,0.9999965617434314
organ_tablature,ammerbach_bookB,1,0.9999994762476639,1.0,0.9999997381238319
organ_tablature,ammerbach_bookB,1,0.9999999288178545,1.0,0.9999999644089272
organ_tablature,ammerbach_bookB,1,0.9999993536440962,1.0,0.999999676822048
organ_tablature,ammerbach_bookB,1,0.9999640430888515,0.9983618421052631,0.9991629425970573
organ_tablature,ammerbach_bookB,1,0.9999960878895642,0.9981359102244389,0.9990659990570016
organ_tablature,ammerbach_bookB,1,0.9999999987987287,0.9967535964955875,0.998376797647158
organ_tablature,ammerbach_bookB,1,0.9999999992831408,1.0,0.9999999996415704
organ_tablature,ammerbach_bookB,1,0.9999999999047202,1.0,0.9999999999523601
organ_tablature,ammerbach_bookB,1,0.999999911471955,1.0,0.9999999557359776
organ_tablature,ammerbach_bookB,1,0.9999981831544291,1.0,0.9999990915772146
organ_tablature,ammerbach_bookB,1,0.99938255090155,1.0,0.999691275450775
organ_tablature,ammerbach_bookB,1,0.9996259767559061,1.0,0.9998129883779531
organ_tablature,ammerbach_bookB,1,0.9999957357952672,1.0,0.9999978678976336
organ_tablature,ammerbach_bookB,1,0.99999973238021,1.0,0.9999998661901051
organ_tablature,ammerbach_bookB,1,0.9999999996926436,1.0,0.9999999998463218
organ_tablature,ammerbach_bookB,1,0.999999999435847,0.9962755610972569,0.998137780266552
organ_tablature,ammerbach_bookB,1,0.9999984788662125,1.0,0.9999992394331063
organ_tablature,ammerbach_bookB,1,0.9999999492470067,1.0,0.9999999746235033
organ_tablature,ammerbach_bookB,1,0.99999999999721,0.9986430678466076,0.9993215339219088
organ_tablature,ammerbach_bookB,1,0.9999999983033037,0.9981402743142145,0.9990701363087591
organ_tablature,ammerbach_bookB,1,0.9999999644373029,1.0,0.9999999822186514
organ_tablature,ammerbach_bookB,1,0.9999994004666812,1.0,0.9999997002333406
organ_tablature,ammerbach_bookB,1,0.9999999773878833,1.0,0.9999999886939417
organ_tablature,ammerbach_bookB,1,0.9999999998228861,1.0,0.9999999999114431
organ_tablature,ammerbach_bookB,1,0.9999999992376456,1.0,0.9999999996188228
organ_tablature,ammerbach_bookB,1,0.9999998657356741,0.9963221629065375,0.9981610143211058
organ_tablature,ammerbach_bookB,1,0.9999999266184408,1.0,0.9999999633092205
organ_tablature,ammerbach_bookB,1,0.9999999721062344,1.0,0.9999999860531172
organ_tablature,ammerbach_bookB,1,0.9999982131675662,1.0,0.9999991065837831
organ_tablature,ammerbach_bookB,1,0.9999789830035833,1.0,0.9999894915017917
organ_tablature,ammerbach_bookB,1,0.999995289337331,1.0,0.9999976446686655
organ_tablature,ammerbach_bookB,1,0.9999998169111817,1.0,0.9999999084555908
organ_tablature,ammerbach_bookB,1,0.9998894377939155,1.0,0.9999447188969577
organ_tablature,ammerbach_bookB,1,0.9999999805146008,1.0,0.9999999902573005
organ_tablature,ammerbach_bookB,1,0.9999999998158378,1.0,0.9999999999079189
organ_tablature,ammerbach_bookB,1,0.9999999962179482,1.0,0.9999999981089741
organ_tablature,ammerbach_bookB,1,0.9999999970148634,1.0,0.9999999985074317
organ_tablature,ammerbach_bookB,1,0.9999999970872064,1.0,0.9999999985436032
organ_tablature,ammerbach_bookB,1,0.9999999996135371,1.0,0.9999999998067686
organ_tablature,ammerbach_bookB,1,0.9999999995702085,0.9981402743142145,0.9990701369422115
organ_tablature,ammerbach_bookB,1,0.999999998365976,1.0,0.999999999182988
organ_tablature,ammerbach_bookB,1,0.9999999573428833,1.0,0.9999999786714416
organ_tablature,ammerbach_bookB,1,0.999995181457567,1.0,0.9999975907287835
organ_tablature,ammerbach_bookB,1,0.9998852043131602,1.0,0.99994260215658
organ_tablature,ammerbach_bookB,1,0.9999976304985491,1.0,0.9999988152492745
organ_tablature,ammerbach_bookB,1,0.9999999981685415,1.0,0.9999999990842707
organ_tablature,ammerbach_bookB,1,0.9999999888590504,1.0,0.9999999944295253
organ_tablature,ammerbach_bookB,1,0.9999999513207071,1.0,0.9999999756603535
organ_tablature,ammerbach_bookB,1,0.9999999997526299,1.0,0.9999999998763149
organ_tablature,ammerbach_bookB,1,0.9999999993238669,0.9943748050542369,0.9971874021890519
organ_tablature,ammerbach_bookB,1,0.9999999412510162,1.0,0.999999970625508
organ_tablature,ammerbach_bookB,1,0.9999999090296684,0.9967535964955875,0.9983767527626279
organ_tablature,ammerbach_bookB,1,0.9999999885435477,1.0,0.9999999942717739
organ_tablature,ammerbach_bookB,1,0.9999999525112144,1.0,0.9999999762556072
organ_tablature,ammerbach_bookB,1,0.9999999883436722,1.0,0.999999994171836
organ_tablature,ammerbach_bookB,1,0.9999999968424444,1.0,0.9999999984212222
organ_tablature,ammerbach_bookB,1,0.9999999993899131,1.0,0.9999999996949566
organ_tablature,ammerbach_bookB,1,0.9999999941123652,1.0,0.9999999970561826
organ_tablature,ammerbach_bookB,1,0.9999994970250187,1.0,0.9999997485125094
organ_tablature,ammerbach_bookB,1,0.9999999534670421,1.0,0.999999976733521
organ_tablature,ammerbach_bookB,1,0.9999999909767215,1.0,0.9999999954883607
organ_tablature,ammerbach_bookB,1,0.9999999855764192,1.0,0.9999999927882096
organ_tablature,ammerbach_bookB,1,0.9999999972126687,1.0,0.9999999986063344
organ_tablature,ammerbach_bookB,1,0.9999999961587633,1.0,0.9999999980793817
organ_tablature,ammerbach_bookB,1,0.9999999990523234,1.0,0.9999999995261617
organ_tablature,ammerbach_bookB,1,0.9999999997348676,0.9962755610972569,0.9981377804160623
organ_tablature,ammerbach_bookB,1,0.9999996711887384,1.0,0.9999998355943692
organ_tablature,ammerbach_bookB,1,0.9999991598615301,1.0,0.999999579930765
organ_tablature,ammerbach_bookB,1,0.9999999464597535,1.0,0.9999999732298768
organ_tablature,ammerbach_bookB,1,0.9999999961929804,1.0,0.9999999980964902
organ_tablature,ammerbach_bookB,1,0.9999999999943536,0.9962755610972569,0.9981377805458053
organ_tablature,ammerbach_bookB,1,0.9999999999660223,1.0,0.9999999999830111
organ_tablature,ammerbach_bookB,1,0.999999998964314,1.0,0.999999999482157
organ_tablature,ammerbach_bookB,1,0.9999999977017346,1.0,0.9999999988508673
organ_tablature,ammerbach_bookB,1,0.9999996352254003,1.0,0.9999998176127001
organ_tablature,ammerbach_bookB,1,0.9999984661989734,0.9985868320610687,0.999292649130021
organ_tablature,ammerbach_bookB,1,0.9999999678678005,1.0,0.9999999839339002
organ_tablature,ammerbach_bookB,1,0.9999999574499066,1.0,0.9999999787249533
organ_tablature,ammerbach_bookB,1,0.999999943252441,0.9856285740093312,0.9928142586308861
organ_tablature,ammerbach_bookB,1,0.9999999937374648,1.0,0.9999999968687324
organ_tablature,ammerbach_bookB,1,0.9999999947908049,0.9856285740093312,0.992814284400068
organ_tablature,ammerbach_bookB,1,0.9999999967505657,1.0,0.9999999983752829
organ_tablature,ammerbach_bookB,1,0.9999994021653346,0.9952458453228855,0.99762262374411
organ_tablature,ammerbach_bookB,1,0.999997934855088,1.0,0.999998967427544
organ_tablature,ammerbach_bookB,1,0.9999982413936465,0.9981402743142145,0.9990692578539304
organ_tablature,ammerbach_bookB,1,0.9999999981825094,1.0,0.9999999990912547
organ_tablature,ammerbach_bookB,1,0.9999999998766396,0.9930291575928443,0.9965145787347419
organ_tablature,ammerbach_bookB,1,0.9999999994094899,1.0,0.999999999704745
organ_tablature,ammerbach_bookB,1,0.9999999999835576,1.0,0.9999999999917788
organ_tablature,ammerbach_bookB,1,0.9999999992241912,1.0,0.9999999996120956
organ_tablature,ammerbach_bookB,1,0.9999999999745715,0.9963841310444149,0.9981920655094931
organ_tablature,ammerbach_bookB,1,0.9999999996396052,0.9943221030720284,0.9971610513558168
organ_tablature,ammerbach_bookB,1,0.9999999881185121,1.0,0.9999999940592561
organ_tablature,ammerbach_bookB,1,0.9999999995355577,1.0,0.9999999997677789
organ_tablature,ammerbach_bookB,1,0.999999999240361,1.0,0.9999999996201805
organ_tablature,ammerbach_bookB,1,0.9999999999911864,1.0,0.9999999999955932
organ_tablature,ammerbach_bookB,1,0.9999999998860496,1.0,0.9999999999430248
organ_tablature,ammerbach_bookB,1,0.9999999701735125,1.0,0.9999999850867562
organ_tablature,ammerbach_bookB,1,0.9999999350566955,1.0,0.9999999675283477
organ_tablature,ammerbach_bookB,1,0.9999999998474034,1.0,0.9999999999237017
organ_tablature,ammerbach_bookB,1,0.9999999967249154,0.9943748050542369,0.9971874008895761
organ_tablature,ammerbach_bookB,1,0.9999996618714204,1.0,0.9999998309357102
organ_tablature,ammerbach_bookB,1,0.9999999561523948,1.0,0.9999999780761974
organ_tablature,ammerbach_bookB,1,0.9999999609536132,1.0,0.9999999804768066
organ_tablature,ammerbach_bookB,1,0.9999998910973021,1.0,0.999999945548651
organ_tablature,ammerbach_bookB,1,0.999999990614116,1.0,0.999999995307058
organ_tablature,ammerbach_bookB,1,0.9999999978699032,1.0,0.9999999989349516
organ_tablature,ammerbach_bookB,1,0.9999995844237006,1.0,0.9999997922118503
organ_tablature,ammerbach_bookB,1,0.9999998588822588,1.0,0.9999999294411295
organ_tablature,ammerbach_bookB,1,0.9999964026189827,1.0,0.9999982013094914
organ_tablature,ammerbach_bookB,1,0.9999999141278049,1.0,0.9999999570639024
organ_tablature,ammerbach_bookB,1,0.9999983764097437,1.0,0.9999991882048718
organ_tablature,ammerbach_bookB,1,0.9999999953478209,1.0,0.9999999976739105
organ_tablature,ammerbach_bookB,1,0.9999999985835046,1.0,0.9999999992917523
organ_tablature,ammerbach_bookB,1,0.9999984918447787,1.0,0.9999992459223894
organ_tablature,ammerbach_bookB,1,0.9999993762454582,0.9980465419747716,0.999022959110115
organ_tablature,ammerbach_bookB,1,0.9999999993150073,0.9837831874756654,0.9918915933953363
organ_tablature,ammerbach_bookB,1,0.9999999988788897,1.0,0.9999999994394448
organ_tablature,ammerbach_bookB,1,0.999999986986146,1.0,0.999999993493073
organ_tablature,ammerbach_bookB,1,0.9999996345238745,1.0,0.9999998172619373
organ_tablature,ammerbach_bookB,1,0.9999999418460108,1.0,0.9999999709230054
organ_tablature,ammerbach_bookB,1,0.9999999997963325,0.998076711441981,0.9990383556191567
organ_tablature,ammerbach_bookB,1,0.9999999986233332,0.993072653280443,0.9965363259518881
organ_tablature,ammerbach_bookB,1,0.9999999094354957,1.0,0.9999999547177478
organ_tablature,ammerbach_bookB,1,0.9999857919681522,0.9660221215448141,0.9830039567564832
organ_tablature,ammerbach_bookB,1,0.9999999886948702,1.0,0.9999999943474351
organ_tablature,ammerbach_bookB,1,0.9999998155113526,1.0,0.9999999077556763
organ_tablature,ammerbach_bookB,1,0.9999999933335111,1.0,0.9999999966667555
organ_tablature,ammerbach_bookB,1,0.9999999974316542,1.0,0.9999999987158271
organ_tablature,ammerbach_bookB,1,0.9999999988902011,1.0,0.9999999994451005
organ_tablature,ammerbach_bookB,1,0.9999980015136685,1.0,0.9999990007568342
organ_tablature,ammerbach_bookB,1,0.999999951564469,1.0,0.9999999757822344
organ_tablature,ammerbach_bookB,1,0.9999999981111636,1.0,0.9999999990555818
organ_tablature,ammerbach_bookB,1,0.9999999870029359,1.0,0.999999993501468
organ_tablature,ammerbach_bookB,1,0.9999999777321729,1.0,0.9999999888660864
organ_tablature,ammerbach_bookB,1,0.9999999982914329,1.0,0.9999999991457165
organ_tablature,ammerbach_bookB,1,0.9999999839249554,1.0,0.9999999919624777
organ_tablature,ammerbach_bookB,1,0.9999999987100676,1.0,0.9999999993550338
organ_tablature,ammerbach_bookB,1,0.9999999977317022,1.0,0.9999999988658511
organ_tablature,ammerbach_bookB,1,0.9999998134632079,0.9967535964955875,0.9983767049793977
organ_tablature,ammerbach_bookB,1,0.9999999390929474,1.0,0.9999999695464736
organ_tablature,ammerbach_bookB,1,0.9999999994627455,1.0,0.9999999997313728
organ_tablature,ammerbach_bookB,1,0.999999998594723,1.0,0.9999999992973615
organ_tablature,ammerbach_bookB,1,0.9999999917251038,1.0,0.9999999958625518
organ_tablature,ammerbach_bookB,1,0.9999999975351439,1.0,0.999999998767572
organ_tablature,ammerbach_bookB,1,0.9999999910906613,1.0,0.9999999955453307
organ_tablature,ammerbach_bookB,1,0.999999992254171,1.0,0.9999999961270856
organ_tablature,ammerbach_bookB,1,0.9999942348663853,1.0,0.9999971174331926
organ_tablature,ammerbach_bookB,1,0.9999953534083039,1.0,0.999997676704152
organ_tablature,ammerbach_bookB,1,0.9999999997557742,1.0,0.9999999998778871
organ_tablature,ammerbach_bookB,1,0.9999999998531808,1.0,0.9999999999265904
organ_tablature,ammerbach_bookB,1,0.9999999998369722,0.9980992439569801,0.9990496218969762
organ_tablature,ammerbach_bookB,1,0.9999999887111418,1.0,0.9999999943555709
organ_tablature,ammerbach_bookB,1,0.9999999664113224,1.0,0.9999999832056612
organ_tablature,ammerbach_bookB,1,0.9999999209981649,1.0,0.9999999604990825
organ_tablature,ammerbach_bookB,1,0.9999965628228266,1.0,0.9999982814114132
organ_tablature,ammerbach_bookB,1,0.9999999719134925,1.0,0.9999999859567463
organ_tablature,ammerbach_bookB,1,0.9999999437940328,1.0,0.9999999718970164
organ_tablature,ammerbach_bookB,1,0.9999999938277933,1.0,0.9999999969138966
organ_tablature,ammerbach_bookB,1,0.999999950645057,1.0,0.9999999753225285
organ_tablature,ammerbach_bookB,1,0.9999999969996953,1.0,0.9999999984998477
organ_tablature,ammerbach_bookB,1,0.9999999467367202,1.0,0.9999999733683601
organ_tablature,ammerbach_bookB,1,0.9999833595213482,1.0,0.999991679760674
organ_tablature,ammerbach_bookB,1,0.9999788417527501,1.0,0.9999894208763751
organ_tablature,ammerbach_bookB,1,0.9999717494224912,1.0,0.9999858747112456
organ_tablature,ammerbach_bookB,1,0.9999996725476747,0.9967535964955875,0.9983766345216312
organ_tablature,ammerbach_bookB,1,0.9999999769934674,0.998,0.9989999884967338
organ_tablature,ammerbach_bookB,1,0.9999999704213058,1.0,0.9999999852106529
organ_tablature,ammerbach_bookB,1,0.999999994146771,1.0,0.9999999970733855
organ_tablature,ammerbach_bookB,1,0.9999998893584126,1.0,0.9999999446792063
organ_tablature,ammerbach_bookB,1,0.9999974903656148,1.0,0.9999987451828074
organ_tablature,ammerbach_bookB,1,0.9998868506271307,1.0,0.9999434253135653
organ_tablature,ammerbach_bookB,1,0.9998806671409585,1.0,0.9999403335704793
organ_tablature,ammerbach_bookB,1,0.9999984888737647,0.9981402743142145,0.9990693815939896
organ_tablature,ammerbach_bookB,1,0.9999999981036061,0.9967535964955875,0.9983767972995967
organ_tablature,ammerbach_bookB,1,0.9999999971515634,0.9856285740093312,0.9928142855804474
organ_tablature,ammerbach_bookB,1,0.9999999902727591,1.0,0.9999999951363796
organ_tablature,ammerbach_bookB,1,0.9999998910433737,1.0,0.9999999455216868
organ_tablature,ammerbach_bookB,1,0.9999997865659558,1.0,0.9999998932829779
organ_tablature,ammerbach_bookB,1,0.9999999900538338,1.0,0.9999999950269169
organ_tablature,ammerbach_bookB,1,0.9999998659577074,1.0,0.9999999329788537
organ_tablature,ammerbach_bookB,1,0.9999976996498271,1.0,0.9999988498249135
organ_tablature,ammerbach_bookB,1,0.9999810910842569,1.0,0.9999905455421285
organ_tablature,ammerbach_bookB,1,0.9999970692229371,1.0,0.9999985346114686
organ_tablature,ammerbach_bookB,1,0.999999999283292,1.0,0.999999999641646
organ_tablature,ammerbach_bookB,1,0.9999999767277082,1.0,0.9999999883638542
organ_tablature,ammerbach_bookB,1,0.9999999924068933,1.0,0.9999999962034467
organ_tablature,ammerbach_bookB,1,0.999999959061178,1.0,0.999999979530589
organ_tablature,ammerbach_bookB,1,0.9999999515172925,1.0,0.9999999757586462
organ_tablature,ammerbach_bookB,1,0.9999981043537757,1.0,0.9999990521768878
organ_tablature,ammerbach_bookB,1,0.9999913931267178,1.0,0.999995696563359
organ_tablature,ammerbach_bookB,1,0.999876995158251,1.0,0.9999384975791255
organ_tablature,ammerbach_bookB,1,0.9999687425742153,0.998,0.9989843712871076
organ_tablature,ammerbach_bookB,1,0.9999999903394076,1.0,0.9999999951697038
organ_tablature,ammerbach_bookB,1,0.9999999891089874,1.0,0.9999999945544937
organ_tablature,ammerbach_bookB,1,0.9999999976353822,1.0,0.9999999988176911
organ_tablature,ammerbach_bookB,1,0.999999978603024,1.0,0.999999989301512
organ_tablature,ammerbach_bookB,1,0.9999999969216546,0.9967535964955875,0.998376796708621
organ_tablature,ammerbach_bookB,1,0.9999995017566328,1.0,0.9999997508783164
organ_tablature,ammerbach_bookB,1,0.9999962937775473,1.0,0.9999981468887736
organ_tablature,ammerbach_bookB,1,0.9999486904755577,1.0,0.9999743452377788
organ_tablature,ammerbach_bookB,1,0.9999240466471299,1.0,0.9999620233235649
organ_tablature,ammerbach_bookB,1,0.9999989114412141,1.0,0.9999994557206071
organ_tablature,ammerbach_bookB,1,0.9999999978433545,1.0,0.9999999989216772
organ_tablature,ammerbach_bookB,1,0.9999999845560295,1.0,0.9999999922780147
organ_tablature,ammerbach_bookB,1,0.9999999783406073,1.0,0.9999999891703036
organ_tablature,ammerbach_bookB,1,0.9999995410897852,1.0,0.9999997705448926
organ_tablature,ammerbach_bookB,1,0.9999997686290512,1.0,0.9999998843145256
organ_tablature,ammerbach_bookB,1,0.9999999331326284,1.0,0.9999999665663142
organ_tablature,ammerbach_bookB,1,0.9999998113790329,1.0,0.9999999056895165
organ_tablature,ammerbach_bookB,1,0.999971332728398,1.0,0.999985666364199
organ_tablature,ammerbach_bookB,1,0.9999254705496085,1.0,0.9999627352748042
organ_tablature,ammerbach_bookB,1,0.9999980547345466,1.0,0.9999990273672733
organ_tablature,ammerbach_bookB,1,0.9999999761329471,1.0,0.9999999880664736
organ_tablature,ammerbach_bookB,1,0.999999992501256,1.0,0.9999999962506281
organ_tablature,ammerbach_bookB,1,0.9999999910878884,1.0,0.9999999955439443
organ_tablature,ammerbach_bookB,1,0.9999999902102913,1.0,0.9999999951051457
organ_tablature,ammerbach_bookB,1,0.9999999457302692,1.0,0.9999999728651345
organ_tablature,ammerbach_bookB,1,0.999999751099615,1.0,0.9999998755498075
organ_tablature,ammerbach_bookB,1,0.9999914158678098,1.0,0.9999957079339049
organ_tablature,ammerbach_bookB,1,0.9999999299179523,1.0,0.9999999649589761
organ_tablature,ammerbach_bookB,1,0.9999997724309149,0.996169255249124,0.9980845138400194
organ_tablature,ammerbach_bookB,1,0.9999999985008947,0.9856285740093312,0.992814286255113
organ_tablature,ammerbach_bookB,1,0.9999999228516003,0.9837831874756654,0.9918915551636329
organ_tablature,ammerbach_bookB,1,0.9999998986013615,0.9967535964955875,0.9983767475484745
organ_tablature,ammerbach_bookB,1,0.9999997393158795,1.0,0.9999998696579397
organ_tablature,ammerbach_bookB,1,0.9999937161154339,1.0,0.999996858057717
organ_tablature,ammerbach_bookB,1,0.9999699797065376,1.0,0.9999849898532688
organ_tablature,ammerbach_bookB,1,0.9993443891570631,1.0,0.9996721945785316
organ_tablature,ammerbach_bookB,1,0.9999802958992159,1.0,0.9999901479496079
organ_tablature,ammerbach_bookB,1,0.9999515150370065,0.9980948835230294,0.999023199280018
organ_tablature,ammerbach_bookB,1,0.9999997025026418,1.0,0.9999998512513208
organ_tablature,ammerbach_bookB,1,0.9999991005739733,1.0,0.9999995502869867
organ_tablature,ammerbach_bookB,1,0.9999999742717223,1.0,0.9999999871358611
organ_tablature,ammerbach_bookB,1,0.9999998763377254,1.0,0.9999999381688627
organ_tablature,ammerbach_bookB,1,0.9999915919164356,1.0,0.9999957959582177
organ_tablature,ammerbach_bookB,1,0.9999996712023898,1.0,0.9999998356011949
organ_tablature,ammerbach_bookB,1,0.9999977568036689,1.0,0.9999988784018344
organ_tablature,ammerbach_bookB,1,0.9999959447954198,1.0,0.9999979723977099
organ_tablature,ammerbach_bookB,1,0.9999999974076199,1.0,0.99999999870381
organ_tablature,ammerbach_bookB,1,0.9999999965226747,1.0,0.9999999982613373
organ_tablature,ammerbach_bookB,1,0.9999999883014795,1.0,0.9999999941507398
organ_tablature,ammerbach_bookB,1,0.9999999956734393,1.0,0.9999999978367197
organ_tablature,ammerbach_bookB,1,0.9999983979514515,0.9983719279082469,0.9991851629298492
organ_tablature,ammerbach_bookB,1,0.9999990982817253,1.0,0.9999995491408626
organ_tablature,ammerbach_bookB,1,0.9999972084795481,1.0,0.999998604239774
organ_tablature,ammerbach_bookB,1,0.9999921545215898,1.0,0.999996077260795
organ_tablature,ammerbach_bookB,1,0.9999971546812007,1.0,0.9999985773406004
organ_tablature,ammerbach_bookB,1,0.9999999986654184,1.0,0.9999999993327092
organ_tablature,ammerbach_bookB,1,0.9999999822799336,1.0,0.9999999911399668
organ_tablature,ammerbach_bookB,1,0.999999987938417,1.0,0.9999999939692086
organ_tablature,ammerbach_bookB,1,0.9999999890309305,1.0,0.9999999945154652
organ_tablature,ammerbach_bookB,1,0.9999998012976681,1.0,0.999999900648834
organ_tablature,ammerbach_bookB,1,0.9999419001959627,1.0,0.9999709500979814
organ_tablature,ammerbach_bookB,1,0.9990765043070169,1.0,0.9995382521535084
organ_tablature,ammerbach_bookB,1,0.9995834894748524,1.0,0.9997917447374263
organ_tablature,ammerbach_bookB,1,0.9999999915141463,1.0,0.9999999957570731
organ_tablature,ammerbach_bookB,1,0.999999994985519,1.0,0.9999999974927595
organ_tablature,ammerbach_bookB,1,0.9999994748457519,1.0,0.999999737422876
organ_tablature,ammerbach_bookB,1,0.9999987722797682,1.0,0.9999993861398841
organ_tablature,ammerbach_bookB,1,0.9999983252626595,1.0,0.9999991626313298
organ_tablature,ammerbach_bookB,1,0.999999475253035,1.0,0.9999997376265175
organ_tablature,ammerbach_bookB,1,0.9999813844231742,1.0,0.9999906922115871
organ_tablature,ammerbach_bookB,1,0.9999891407716917,0.9914257132233526,0.9957074269975221
organ_tablature,ammerbach_bookB,1,0.9999997877616151,1.0,0.9999998938808076
organ_tablature,ammerbach_bookB,1,0.9999992242136196,1.0,0.9999996121068098
organ_tablature,ammerbach_bookB,1,0.999999887738592,1.0,0.999999943869296
organ_tablature,ammerbach_bookB,1,0.999999971655121,1.0,0.9999999858275606
organ_tablature,ammerbach_bookB,1,0.9999999992026392,1.0,0.9999999996013196
organ_tablature,ammerbach_bookB,1,0.9999999830844682,1.0,0.9999999915422342
organ_tablature,ammerbach_bookB,1,0.9999999489692767,1.0,0.9999999744846384
organ_tablature,ammerbach_bookB,1,0.999999952656702,0.9875827144135912,0.9937913335351467
organ_tablature,ammerbach_bookB,1,0.9999983036502301,0.9949082099619215,0.9974532568060759
organ_tablature,ammerbach_bookB,1,0.9999404351937617,1.0,0.9999702175968809
organ_tablature,ammerbach_bookB,1,0.9999998740402222,1.0,0.9999999370201111
organ_tablature,ammerbach_bookB,1,0.9999996437511262,1.0,0.999999821875563
organ_tablature,ammerbach_bookB,1,0.9999999757929648,1.0,0.9999999878964825
organ_tablature,ammerbach_bookB,1,0.999999979139363,1.0,0.9999999895696815
organ_tablature,ammerbach_bookB,1,0.999999980222287,1.0,0.9999999901111435
organ_tablature,ammerbach_bookB,1,0.9999912328668784,1.0,0.9999956164334391
organ_tablature,ammerbach_bookB,1,0.9997816377989532,1.0,0.9998908188994766
organ_tablature,ammerbach_bookB,1,0.9999576427846466,1.0,0.9999788213923233
organ_tablature,ammerbach_bookB,1,0.999999968787603,0.9980948835230294,0.9990474261553162
organ_tablature,ammerbach_bookB,1,0.9999999734529315,0.9962761845386534,0.9981380789957924
organ_tablature,ammerbach_bookB,1,0.9999998299668591,1.0,0.9999999149834295
organ_tablature,ammerbach_bookB,1,0.9999999813233497,0.9967535964955875,0.9983767889094686
organ_tablature,ammerbach_bookB,1,0.9999999331174099,1.0,0.9999999665587049
organ_tablature,ammerbach_bookB,1,0.9999998689794481,1.0,0.9999999344897241
organ_tablature,ammerbach_bookB,1,0.9999999086392076,1.0,0.9999999543196039
organ_tablature,ammerbach_bookB,1,0.9999998842915497,1.0,0.9999999421457748
organ_tablature,ammerbach_bookB,1,0.9999652336172243,1.0,0.9999826168086121
organ_tablature,ammerbach_bookB,1,0.9999972605072014,1.0,0.9999986302536007
organ_tablature,ammerbach_bookB,1,0.9999999989457582,1.0,0.9999999994728791
organ_tablature,ammerbach_bookB,1,0.9999999299601692,1.0,0.9999999649800846
organ_tablature,ammerbach_bookB,1,0.9999998250477227,1.0,0.9999999125238613
organ_tablature,ammerbach_bookB,1,0.9999997561351897,1.0,0.9999998780675948
organ_tablature,ammerbach_bookB,1,0.9999994888186772,1.0,0.9999997444093386
organ_tablature,ammerbach_bookB,1,0.999999955254254,1.0,0.999999977627127
organ_tablature,ammerbach_bookB,1,0.9999999845708816,1.0,0.9999999922854408
organ_tablature,ammerbach_bookB,1,0.9999996720392025,1.0,0.9999998360196012
organ_tablature,ammerbach_bookB,1,0.9999999311485904,1.0,0.9999999655742953
organ_tablature,ammerbach_bookB,1,0.9999998030927274,0.9980992439569801,0.9990495235248538
organ_tablature,ammerbach_bookB,1,0.9999995254323472,1.0,0.9999997627161736
organ_tablature,ammerbach_bookB,1,0.9999999926900554,0.9962755610972569,0.9981377768936561
organ_tablature,ammerbach_bookB,1,0.9999999861038606,1.0,0.9999999930519303
organ_tablature,ammerbach_bookB,1,0.9999999997978002,1.0,0.9999999998989001
organ_tablature,ammerbach_bookB,1,0.9999999920051627,1.0,0.9999999960025814
organ_tablature,ammerbach_bookB,1,0.9999999968269011,1.0,0.9999999984134506
organ_tablature,ammerbach_bookB,1,0.9999996412518547,1.0,0.9999998206259273
organ_tablature,ammerbach_bookB,1,0.9998808320653451,1.0,0.9999404160326726
organ_tablature,ammerbach_bookB,1,0.9999987178514181,1.0,0.999999358925709
organ_tablature,ammerbach_bookB,1,0.9999976791421543,0.9981546134663342,0.9990761463042442
organ_tablature,ammerbach_bookB,1,0.9999929871179891,1.0,0.9999964935589946
organ_tablature,ammerbach_bookB,1,0.9999999986654013,1.0,0.9999999993327007
organ_tablature,ammerbach_bookB,1,0.9999999983162247,1.0,0.9999999991581123
organ_tablature,ammerbach_bookB,1,0.9999999983055208,1.0,0.9999999991527604
organ_tablature,ammerbach_bookB,1,0.9999999996498299,0.9856285740093312,0.9928142868295806
organ_tablature,ammerbach_bookB,1,0.9999999612926832,1.0,0.9999999806463415
organ_tablature,ammerbach_bookB,1,0.9999999001740829,1.0,0.9999999500870415
organ_tablature,ammerbach_bookB,1,0.9999967351804762,1.0,0.9999983675902381
organ_tablature,ammerbach_bookB,1,0.9999986284417475,0.998,0.9989993142208737
organ_tablature,ammerbach_bookB,1,0.9999951001268373,1.0,0.9999975500634186
organ_tablature,ammerbach_bookB,1,0.9999691829204997,1.0,0.9999845914602499
organ_tablature,ammerbach_bookB,1,0.9999743716745684,1.0,0.9999871858372842
organ_tablature,ammerbach_bookB,1,0.9999999588266263,1.0,0.9999999794133132
organ_tablature,ammerbach_bookB,1,0.9999999292230889,1.0,0.9999999646115445
organ_tablature,ammerbach_bookB,1,0.9999990472755822,0.9952458453228855,0.9976224462992338
organ_tablature,ammerbach_bookB,1,0.9999999643085208,1.0,0.9999999821542604
organ_tablature,ammerbach_bookB,1,0.9999928545955037,1.0,0.9999964272977518
organ_tablature,ammerbach_bookB,1,0.9999966138300866,1.0,0.9999983069150433
organ_tablature,ammerbach_bookB,1,0.9999995495971389,1.0,0.9999997747985694
organ_tablature,ammerbach_bookB,1,0.9998410249830174,1.0,0.9999205124915087
organ_tablature,ammerbach_bookB,1,0.9999923418978428,1.0,0.9999961709489213
organ_tablature,ammerbach_bookB,1,0.999999953657153,1.0,0.9999999768285766
organ_tablature,ammerbach_bookB,1,0.9999999214086444,1.0,0.9999999607043222
organ_tablature,ammerbach_bookB,1,0.9999995961861893,1.0,0.9999997980930946
organ_tablature,ammerbach_bookB,1,0.9999999715276681,1.0,0.999999985763834
organ_tablature,ammerbach_bookB,1,0.9999999998868698,0.9819041351065881,0.9909520674967289
organ_tablature,ammerbach_bookB,1,0.9999999995857916,1.0,0.9999999997928958
organ_tablature,ammerbach_bookB,1,0.999999477460087,1.0,0.9999997387300434
organ_tablature,ammerbach_bookB,1,0.9999998477797477,1.0,0.9999999238898738
organ_tablature,ammerbach_bookB,1,0.9999999618449823,0.9875827144135912,0.9937913381292868
organ_tablature,ammerbach_bookB,1,0.9999981251195291,0.9875827144135912,0.9937904197665601
organ_tablature,ammerbach_bookB,1,0.9999993447816872,1.0,0.9999996723908435
organ_tablature,ammerbach_bookB,1,0.9999999767003277,1.0,0.9999999883501638
organ_tablature,ammerbach_bookB,1,0.9999999968742939,1.0,0.9999999984371469
organ_tablature,ammerbach_bookB,1,0.99999996204839,0.9980483660130719,0.9990241640307309
organ_tablature,ammerbach_bookB,1,0.9999998505342754,1.0,0.9999999252671377
organ_tablature,ammerbach_bookB,1,0.9999991680707938,0.9739990969349002,0.986999132502847
organ_tablature,ammerbach_bookB,1,0.9999952392052663,1.0,0.9999976196026332
organ_tablature,ammerbach_bookB,1,0.9999990932279301,1.0,0.9999995466139651
organ_tablature,ammerbach_bookB,1,0.9995228543717816,1.0,0.9997614271858908
organ_tablature,ammerbach_bookB,1,0.9999999244650143,1.0,0.9999999622325071
organ_tablature,ammerbach_bookB,1,0.9999999989040886,1.0,0.9999999994520443
organ_tablature,ammerbach_bookB,1,0.9999998770918734,1.0,0.9999999385459367
organ_tablature,ammerbach_bookB,1,0.9999999892729697,1.0,0.9999999946364848
organ_tablature,ammerbach_bookB,1,0.9999999828831106,1.0,0.9999999914415554
organ_tablature,ammerbach_bookB,1,0.9999939686837643,1.0,0.9999969843418821
organ_tablature,ammerbach_bookB,1,0.9999905221604609,1.0,0.9999952610802305
organ_tablature,ammerbach_bookB,1,0.9999999758419672,1.0,0.9999999879209835
organ_tablature,ammerbach_bookB,1,0.9999999531657624,0.9980992439569801,0.9990495985613712
organ_tablature,ammerbach_bookB,1,0.9999906883989608,0.998,0.9989953441994803
organ_tablature,ammerbach_bookB,1,0.9999972706323633,0.9980992439569801,0.9990482572946717
organ_tablature,ammerbach_bookB,1,0.9999999970638318,1.0,0.9999999985319159
organ_tablature,ammerbach_bookB,1,0.9999999966636062,0.9982848870874349,0.9991424418755206
organ_tablature,ammerbach_bookB,1,0.9999999998997915,1.0,0.9999999999498957
organ_tablature,ammerbach_bookB,1,0.9999999815377544,1.0,0.9999999907688772
organ_tablature,ammerbach_bookB,1,0.9999999081638897,1.0,0.9999999540819449
organ_tablature,ammerbach_bookB,1,0.9999999557648052,1.0,0.9999999778824026
organ_tablature,ammerbach_bookB,1,0.9999948349250866,1.0,0.9999974174625432
organ_tablature,ammerbach_bookB,1,0.9999878338068902,1.0,0.9999939169034451
organ_tablature,ammerbach_bookB,1,0.9999977686106634,0.9980948835230294,0.9990463260668464
organ_tablature,ammerbach_bookB,1,0.9999999998242015,0.9894592730170825,0.9947296364206419
organ_tablature,ammerbach_bookB,1,0.9999998835570458,1.0,0.9999999417785229
organ_tablature,ammerbach_bookB,1,0.9999996868664086,1.0,0.9999998434332042
organ_tablature,ammerbach_bookB,1,0.9999999832045573,1.0,0.9999999916022786
organ_tablature,ammerbach_bookB,1,0.9999999917734376,1.0,0.9999999958867187
organ_tablature,ammerbach_bookB,1,0.9999999958098158,1.0,0.9999999979049079
organ_tablature,ammerbach_bookB,1,0.9999999904840441,0.9962755610972569,0.9981377757906504
organ_tablature,ammerbach_bookB,1,0.9999999982494956,1.0,0.9999999991247478
organ_tablature,ammerbach_bookB,1,0.9999998532916667,0.9943221030720284,0.9971609781818476
organ_tablature,ammerbach_bookB,1,0.9999964670836266,1.0,0.9999982335418133
organ_tablature,ammerbach_bookB,1,0.9999968402773013,0.9929477239755969,0.9964722821264491
organ_tablature,ammerbach_bookB,1,0.9999999989332815,1.0,0.9999999994666408
organ_tablature,ammerbach_bookB,1,0.9999999983854495,1.0,0.9999999991927248
organ_tablature,ammerbach_bookB,1,0.9999999999558937,1.0,0.9999999999779469
organ_tablature,ammerbach_bookB,1,0.9999999991470119,1.0,0.9999999995735059
organ_tablature,ammerbach_bookB,1,0.9999999279599224,1.0,0.9999999639799613
organ_tablature,ammerbach_bookB,1,0.9999995858094267,1.0,0.9999997929047133
organ_tablature,ammerbach_bookB,1,0.9999990906193025,1.0,0.9999995453096513
organ_tablature,ammerbach_bookB,1,0.9999910626163432,1.0,0.9999955313081716
organ_tablature,ammerbach_bookB,1,0.9999995994058878,1.0,0.999999799702944
organ_tablature,ammerbach_bookB,1,0.9999999999258917,1.0,0.9999999999629459
organ_tablature,ammerbach_bookB,1,0.9999999975993767,1.0,0.9999999987996884
organ_tablature,ammerbach_bookB,1,0.9999999981898993,1.0,0.9999999990949496
organ_tablature,ammerbach_bookB,1,0.9999999995455351,1.0,0.9999999997727675
organ_tablature,ammerbach_bookB,1,0.9999999985417134,1.0,0.9999999992708567
organ_tablature,ammerbach_bookB,1,0.999999698226526,0.991510204487799,0.9957549513571625
organ_tablature,ammerbach_bookB,1,0.9999999759950758,1.0,0.9999999879975379
organ_tablature,ammerbach_bookB,1,0.9999998090945112,1.0,0.9999999045472556
organ_tablature,ammerbach_bookB,1,0.9999965498528758,1.0,0.9999982749264379
organ_tablature,ammerbach_bookB,1,0.9998631577059786,1.0,0.9999315788529892
organ_tablature,ammerbach_bookB,1,0.999998968612581,1.0,0.9999994843062905
organ_tablature,ammerbach_bookB,1,0.9999999985225334,1.0,0.9999999992612667
organ_tablature,ammerbach_bookB,1,0.9999999996440563,1.0,0.9999999998220281
organ_tablature,ammerbach_bookB,1,0.9999999854025166,1.0,0.9999999927012583
organ_tablature,ammerbach_bookB,1,0.9999998558074673,1.0,0.9999999279037337
organ_tablature,ammerbach_bookB,1,0.9999998184752709,1.0,0.9999999092376355
organ_tablature,ammerbach_bookB,1,0.9999944890460617,1.0,0.9999972445230308
organ_tablature,ammerbach_bookB,1,0.9999995992349694,1.0,0.9999997996174848
organ_tablature,ammerbach_bookB,1,0.9999964253370541,1.0,0.9999982126685271
organ_tablature,ammerbach_bookB,1,0.9999995500049934,1.0,0.9999997750024967
organ_tablature,ammerbach_bookB,1,0.9999999991241628,0.9875827144135912,0.993791356768877
organ_tablature,ammerbach_bookB,1,0.9999999769751177,1.0,0.9999999884875588
organ_tablature,ammerbach_bookB,1,0.9999995529835963,1.0,0.9999997764917982
organ_tablature,ammerbach_bookB,1,0.9999999730841332,1.0,0.9999999865420666
organ_tablature,ammerbach_bookB,1,0.9999999382153038,1.0,0.9999999691076519
organ_tablature,ammerbach_bookB,1,0.9999976864178531,1.0,0.9999988432089266
organ_tablature,ammerbach_bookB,1,0.9999974511396689,1.0,0.9999987255698344
organ_tablature,ammerbach_bookB,1,0.9999879851870559,1.0,0.999993992593528
organ_tablature,ammerbach_bookB,1,0.999998451725604,1.0,0.999999225862802
organ_tablature,ammerbach_bookB,1,0.9999999975191374,0.9961715949650104,0.9980857962420739
organ_tablature,ammerbach_bookB,1,0.9999999608537382,1.0,0.9999999804268691
organ_tablature,ammerbach_bookB,1,0.99999996664769,1.0,0.999999983323845
organ_tablature,ammerbach_bookB,1,0.9999934436370163,0.9966392763102225,0.9983163599736193
organ_tablature,ammerbach_bookB,1,0.9999996153553289,1.0,0.9999998076776644
organ_tablature,ammerbach_bookB,1,0.9999999721862708,1.0,0.9999999860931355
organ_tablature,ammerbach_bookB,1,0.9999995430513916,1.0,0.9999997715256959
organ_tablature,ammerbach_bookB,1,0.9999995903810207,1.0,0.9999997951905104
organ_tablature,ammerbach_bookB,1,0.9999998825190457,1.0,0.9999999412595229
organ_tablature,ammerbach_bookB,1,0.9999999896093518,0.9893482143776998,0.9946741019935258
organ_tablature,ammerbach_bookB,1,0.9999999994133744,0.9962201029631779,0.9981100511882761
organ_tablature,ammerbach_bookB,1,0.9999999567948729,1.0,0.9999999783974365
organ_tablature,ammerbach_bookB,1,0.9999998668255152,0.9963221629065375,0.9981610148660264
organ_tablature,ammerbach_bookB,1,0.9999999854753923,1.0,0.9999999927376961
organ_tablature,ammerbach_bookB,1,0.9999999446729002,1.0,0.9999999723364501
organ_tablature,ammerbach_bookB,1,0.9999977863325111,1.0,0.9999988931662556
organ_tablature,ammerbach_bookB,1,0.9999990208528963,1.0,0.9999995104264481
organ_tablature,ammerbach_bookB,1,0.9999999954917189,1.0,0.9999999977458595
organ_tablature,ammerbach_bookB,1,0.999999997805785,1.0,0.9999999989028925
organ_tablature,ammerbach_bookB,1,0.9999994881330845,1.0,0.9999997440665422
organ_tablature,ammerbach_bookB,1,0.9999999369153241,0.9980992439569801,0.999049590436152
organ_tablature,ammerbach_bookB,1,0.9999999998980498,0.9980992439569801,0.9990496219275149
organ_tablature,ammerbach_bookB,1,0.9999999992998057,1.0,0.9999999996499028
organ_tablature,ammerbach_bookB,1,0.9999999956871088,1.0,0.9999999978435544
organ_tablature,ammerbach_bookB,1,0.9999999987610755,1.0,0.9999999993805377
organ_tablature,ammerbach_bookB,1,0.9999999958932151,1.0,0.9999999979466075
organ_tablature,ammerbach_bookB,1,0.9999999073161575,1.0,0.9999999536580788
organ_tablature,ammerbach_bookB,1,0.9999999577243697,1.0,0.9999999788621848
organ_tablature,ammerbach_bookB,1,0.9999999546406219,1.0,0.999999977320311
organ_tablature,ammerbach_bookB,1,0.9999992926420856,1.0,0.9999996463210428
organ_tablature,ammerbach_bookB,1,0.9999948924663783,1.0,0.9999974462331891
organ_tablature,ammerbach_bookB,1,0.999999976478093,1.0,0.9999999882390465
organ_tablature,ammerbach_bookB,1,0.9999999983716379,1.0,0.9999999991858189
organ_tablature,ammerbach_bookB,1,0.9999999510332471,0.9983719279082469,0.999185939470747
organ_tablature,ammerbach_bookB,1,0.9999999879646481,1.0,0.9999999939823241
organ_tablature,ammerbach_bookB,1,0.9999998761297171,1.0,0.9999999380648585
organ_tablature,ammerbach_bookB,1,0.9999999770264797,0.9961868162889861,0.9980933966577329
organ_tablature,ammerbach_bookB,1,0.9999999998574545,1.0,0.9999999999287272
organ_tablature,ammerbach_bookB,1,0.9999999239590025,0.9963221629065375,0.99816104343277
organ_tablature,ammerbach_bookB,1,0.9999999991498609,1.0,0.9999999995749305
organ_tablature,ammerbach_bookB,1,0.9999999957885835,1.0,0.9999999978942917
organ_tablature,ammerbach_bookB,1,0.9999999854233794,1.0,0.9999999927116897
organ_tablature,ammerbach_bookB,1,0.9999996435134327,0.9855827144135912,0.992791178963512
organ_tablature,ammerbach_bookB,1,0.9999958115710029,1.0,0.9999979057855015
organ_tablature,ammerbach_bookB,1,0.9999986225166703,1.0,0.9999993112583352
organ_tablature,ammerbach_bookB,1,0.9999996587914318,1.0,0.999999829395716
organ_tablature,ammerbach_bookB,1,0.9999999980736547,1.0,0.9999999990368273
organ_tablature,ammerbach_bookB,1,0.999999961689738,1.0,0.999999980844869
organ_tablature,ammerbach_bookB,1,0.9999983254230178,0.9881469040405779,0.9940726147317979
organ_tablature,ammerbach_bookB,1,0.9999998455155913,1.0,0.9999999227577956
organ_tablature,ammerbach_bookB,1,0.9999999958862846,1.0,0.9999999979431423
organ_tablature,ammerbach_bookB,1,0.9999996669640613,1.0,0.9999998334820306
organ_tablature,ammerbach_bookB,1,0.999933754874216,1.0,0.999966877437108
organ_tablature,ammerbach_bookB,1,0.999984578385179,1.0,0.9999922891925894
organ_tablature,ammerbach_bookB,1,0.9999999798806889,1.0,0.9999999899403444
organ_tablature,ammerbach_bookB,1,0.9999999999205771,0.9980992439569801,0.9990496219387786
organ_tablature,ammerbach_bookB,1,0.9999999949095824,0.9963221629065375,0.9981610789080599
organ_tablature,ammerbach_bookB,1,0.9999999994797959,1.0,0.999999999739898
organ_tablature,ammerbach_bookB,1,0.9999999999566975,1.0,0.9999999999783488
organ_tablature,ammerbach_bookB,1,0.9999991739508372,1.0,0.9999995869754186
organ_tablature,ammerbach_bookB,1,0.9999984493831894,1.0,0.9999992246915947
organ_tablature,ammerbach_bookB,1,0.9999998381970432,1.0,0.9999999190985216
organ_tablature,ammerbach_bookB,1,0.9999999477868963,1.0,0.9999999738934482
organ_tablature,ammerbach_bookB,1,0.9999999810744763,1.0,0.9999999905372381
organ_tablature,ammerbach_bookB,1,0.9999995249137218,1.0,0.9999997624568608
organ_tablature,ammerbach_bookB,1,0.9999999827867901,0.9924213470290086,0.9962106649078994
organ_tablature,ammerbach_bookB,1,0.9999999999999716,1.0,0.9999999999999858
organ_tablature,ammerbach_bookB,1,0.9999999999806759,0.9962755610972569,0.9981377805389664
organ_tablature,ammerbach_bookB,1,0.9999999929409968,0.9963221629065375,0.9981610779237672
organ_tablature,ammerbach_bookB,1,0.9999999976392169,1.0,0.9999999988196084
organ_tablature,ammerbach_bookB,1,0.9999999401748039,1.0,0.9999999700874019
organ_tablature,ammerbach_bookB,1,0.9999957374697723,1.0,0.9999978687348862
organ_tablature,ammerbach_bookB,1,0.9999993876533216,1.0,0.9999996938266609
organ_tablature,ammerbach_bookB,1,0.9999997877971409,1.0,0.9999998938985705
organ_tablature,ammerbach_bookB,1,0.9999999972605245,1.0,0.9999999986302622
organ_tablature,ammerbach_bookB,1,0.999999999578298,1.0,0.999999999789149
organ_tablature,ammerbach_bookB,1,0.9999999999189353,1.0,0.9999999999594676
organ_tablature,ammerbach_bookB,1,0.999999999337819,0.9962755610972569,0.998137780217538
organ_tablature,ammerbach_bookB,1,0.9999999984026038,0.9963221629065375,0.9981610806545707
organ_tablature,ammerbach_bookB,1,0.9999999957166055,0.9980992439569801,0.9990496198367929
organ_tablature,ammerbach_bookB,1,0.9999999415420414,1.0,0.9999999707710208
organ_tablature,ammerbach_bookB,1,0.9999999801680923,1.0,0.9999999900840462
organ_tablature,ammerbach_bookB,1,0.9999999961290011,1.0,0.9999999980645006
organ_tablature,ammerbach_bookB,1,0.9999999969881348,1.0,0.9999999984940674
organ_tablature,ammerbach_bookB,1,0.9999999963702122,1.0,0.9999999981851061
organ_tablature,ammerbach_bookB,1,0.9999999991269344,1.0,0.9999999995634672
organ_tablature,ammerbach_bookB,1,0.9999999986004127,1.0,0.9999999993002063
organ_tablature,ammerbach_bookB,1,0.9999999764185098,1.0,0.999999988209255
organ_tablature,ammerbach_bookB,1,0.999999962740714,1.0,0.9999999813703571
organ_tablature,ammerbach_bookB,1,0.9999991641217373,1.0,0.9999995820608687
organ_tablature,ammerbach_bookB,1,0.9999756548361016,1.0,0.9999878274180508
organ_tablature,ammerbach_bookB,1,0.9999855557530697,1.0,0.9999927778765348
organ_tablature,ammerbach_bookB,1,0.9999999431198353,1.0,0.9999999715599177
organ_tablature,ammerbach_bookB,1,0.9999999995871216,1.0,0.9999999997935608
organ_tablature,ammerbach_bookB,1,0.9999999937288466,1.0,0.9999999968644233
organ_tablature,ammerbach_bookB,1,0.9999930345925281,0.9871278955277867,0.9935604650601574
organ_tablature,ammerbach_bookB,1,0.9999978850912763,1.0,0.9999989425456381
organ_tablature,ammerbach_bookB,1,0.9999985626373468,1.0,0.9999992813186733
organ_tablature,ammerbach_bookB,1,0.9999998544893175,1.0,0.9999999272446587
organ_tablature,ammerbach_bookB,1,0.9999981976466517,1.0,0.9999990988233258
organ_tablature,ammerbach_bookB,1,0.9999997756862514,1.0,0.9999998878431258
organ_tablature,ammerbach_bookB,1,0.9999991462622918,0.998,0.9989995731311458
organ_tablature,ammerbach_bookB,1,0.9999999429980805,1.0,0.9999999714990402
organ_tablature,ammerbach_bookB,1,0.9999999955824619,1.0,0.9999999977912309
organ_tablature,ammerbach_bookB,1,0.9999993938544013,1.0,0.9999996969272007
organ_tablature,ammerbach_bookB,1,0.9999867752651896,1.0,0.9999933876325948
organ_tablature,ammerbach_bookB,1,0.9999985888185637,1.0,0.9999992944092819
organ_tablature,ammerbach_bookB,1,0.9999988754282548,1.0,0.9999994377141275
organ_tablature,ammerbach_bookB,1,0.9999914391898402,1.0,0.9999957195949201
organ_tablature,ammerbach_bookB,1,0.9999939985820734,1.0,0.9999969992910367
organ_tablature,ammerbach_bookB,1,0.9999999723046008,1.0,0.9999999861523003
organ_tablature,ammerbach_bookB,1,0.999999999131135,1.0,0.9999999995655675
organ_tablature,ammerbach_bookB,1,0.999999994897423,1.0,0.9999999974487115
organ_tablature,ammerbach_bookB,1,0.9999997813547531,1.0,0.9999998906773766
organ_tablature,ammerbach_bookB,1,0.9999907131173416,1.0,0.9999953565586708
organ_tablature,ammerbach_bookB,1,0.9999988171793934,1.0,0.9999994085896967
organ_tablature,ammerbach_bookB,1,0.9999999291027922,1.0,0.9999999645513962
organ_tablature,ammerbach_bookB,1,0.9999996614841544,1.0,0.9999998307420772
organ_tablature,ammerbach_bookB,1,0.9999982936969165,1.0,0.9999991468484583
organ_tablature,ammerbach_bookB,1,0.9999994735014032,1.0,0.9999997367507016
organ_tablature,ammerbach_bookB,1,0.999999997377931,0.9982848870874349,0.9991424422326829
organ_tablature,ammerbach_bookB,1,0.9999999989224719,0.9982848870874349,0.9991424430049534
organ_tablature,ammerbach_bookB,1,0.9999999994374782,1.0,0.9999999997187391
organ_tablature,ammerbach_bookB,1,0.9999999419917487,1.0,0.9999999709958743
organ_tablature,ammerbach_bookB,1,0.9999905991523893,0.998,0.9989952995761946
organ_tablature,ammerbach_bookB,1,0.9999999442464713,1.0,0.9999999721232357
organ_tablature,ammerbach_bookB,1,0.9999992363415707,1.0,0.9999996181707853
organ_tablature,ammerbach_bookB,1,0.999796292163976,1.0,0.999898146081988
organ_tablature,ammerbach_bookB,1,0.9998902210408238,1.0,0.9999451105204119
organ_tablature,ammerbach_bookB,1,0.999999413584843,0.9838776021941399,0.9919385078894914
organ_tablature,ammerbach_bookB,1,0.9999997455142878,0.9793181929753326,0.9896589692448102
organ_tablature,ammerbach_bookB,1,0.9999989998419527,1.0,0.9999994999209764
organ_tablature,ammerbach_bookB,1,0.9999999112509036,1.0,0.9999999556254517
organ_tablature,ammerbach_bookB,1,0.9999956572077492,1.0,0.9999978286038746
organ_tablature,ammerbach_bookB,1,0.999985900287492,1.0,0.999992950143746
organ_tablature,ammerbach_bookB,1,0.9999804970634494,1.0,0.9999902485317247
organ_tablature,ammerbach_bookB,1,0.9999990638429508,1.0,0.9999995319214754
organ_tablature,ammerbach_bookB,1,0.9999999951065559,1.0,0.999999997553278
organ_tablature,ammerbach_bookB,1,0.9999999903535212,1.0,0.9999999951767606
organ_tablature,ammerbach_bookB,1,0.9999999944356852,1.0,0.9999999972178426
organ_tablature,ammerbach_bookB,1,0.9999993133909639,0.9622017046115915,0.9811005090012777
organ_tablature,ammerbach_bookB,1,0.9999999808157617,0.9967535964955875,0.9983767886556746
organ_tablature,ammerbach_bookB,1,0.999999962745843,1.0,0.9999999813729215
organ_tablature,ammerbach_bookB,1,0.9999996993171583,0.9980465419747716,0.999023120645965
organ_tablature,ammerbach_bookB,1,0.9999898114973963,1.0,0.9999949057486981
organ_tablature,ammerbach_bookB,1,0.9999769364677383,1.0,0.9999884682338691
organ_tablature,ammerbach_bookB,1,0.9999423768078232,1.0,0.9999711884039115
organ_tablature,ammerbach_bookB,1,0.9999888716387948,1.0,0.9999944358193974
organ_tablature,ammerbach_bookB,1,0.9999999969745148,0.9856285740093312,0.9928142854919231
organ_tablature,ammerbach_bookB,1,0.9999998837892146,1.0,0.9999999418946073
organ_tablature,ammerbach_bookB,1,0.9999701518498272,1.0,0.9999850759249136
organ_tablature,ammerbach_bookB,1,0.9999999655589814,1.0,0.9999999827794908
organ_tablature,ammerbach_bookB,1,0.9999999934620396,0.9943221030720284,0.997161048267034
organ_tablature,ammerbach_bookB,1,0.9999997032101017,0.998,0.9989998516050509
organ_tablature,ammerbach_bookB,1,0.9999291452779873,0.9963657350196875,0.9981474401488374
organ_tablature,ammerbach_bookB,1,0.9997431462709964,1.0,0.9998715731354981
organ_tablature,ammerbach_bookB,1,0.9999987609456484,0.9980948835230294,0.9990468222343389
organ_tablature,ammerbach_bookB,1,0.9999999889605348,1.0,0.9999999944802673
organ_tablature,ammerbach_bookB,1,0.9999993427926601,1.0,0.9999996713963301
organ_tablature,ammerbach_bookB,1,0.9999913210799222,1.0,0.9999956605399611
organ_tablature,ammerbach_bookB,1,0.9999999626207298,1.0,0.9999999813103648
organ_tablature,ammerbach_bookB,1,0.999999986293826,1.0,0.999999993146913
organ_tablature,ammerbach_bookB,1,0.9999996207886573,1.0,0.9999998103943286
organ_tablature,ammerbach_bookB,1,0.9999997197810223,1.0,0.9999998598905111
organ_tablature,ammerbach_bookB,1,0.9999996653351398,0.9942755610972569,0.9971376132161984
organ_tablature,ammerbach_bookB,1,0.9999999766227731,0.9856285740093312,0.9928142753160522
organ_tablature,ammerbach_bookB,1,0.999999957168232,0.9822030863193704,0.9911015217438012
organ_tablature,ammerbach_bookB,1,0.9999999207970666,1.0,0.9999999603985332
organ_tablature,ammerbach_bookB,1,0.9999938244690288,1.0,0.9999969122345145
organ_tablature,ammerbach_bookB,1,0.999999931117067,1.0,0.9999999655585334
organ_tablature,ammerbach_bookB,1,0.9999999850953718,1.0,0.9999999925476859
organ_tablature,ammerbach_bookB,1,0.9999999969843059,1.0,0.9999999984921529
organ_tablature,ammerbach_bookB,1,0.9999996838949099,1.0,0.999999841947455
organ_tablature,ammerbach_bookB,1,0.999999553003063,1.0,0.9999997765015315
organ_tablature,ammerbach_bookB,1,0.9999999864403832,1.0,0.9999999932201916
organ_tablature,ammerbach_bookB,1,0.9999999999235645,1.0,0.9999999999617822
organ_tablature,ammerbach_bookB,1,0.9999999990276078,1.0,0.9999999995138039
organ_tablature,ammerbach_bookB,1,0.9999999168820719,1.0,0.999999958441036
organ_tablature,ammerbach_bookB,1,0.9999992686579642,1.0,0.9999996343289821
organ_tablature,ammerbach_bookB,1,0.999996231109636,1.0,0.999998115554818
organ_tablature,ammerbach_bookB,1,0.999999892264077,1.0,0.9999999461320386
organ_tablature,ammerbach_bookB,1,0.9999987449079882,1.0,0.9999993724539942
organ_tablature,ammerbach_bookB,1,0.9999885947131885,1.0,0.9999942973565943
organ_tablature,ammerbach_bookB,1,0.9999853804880019,1.0,0.999992690244001
organ_tablature,ammerbach_bookB,1,0.9999999999533862,1.0,0.9999999999766931
organ_tablature,ammerbach_bookB,1,0.9999999664408876,1.0,0.9999999832204438
organ_tablature,ammerbach_bookB,1,0.9999967983212875,1.0,0.9999983991606438
organ_tablature,ammerbach_bookB,1,0.9999953707555056,1.0,0.9999976853777528
organ_tablature,ammerbach_bookB,1,0.9999998036901722,1.0,0.999999901845086
organ_tablature,ammerbach_bookB,1,0.9999999970362896,1.0,0.9999999985181448
organ_tablature,ammerbach_bookB,1,0.9999999938080544,1.0,0.9999999969040272
organ_tablature,ammerbach_bookB,1,0.999999629050014,1.0,0.9999998145250071
organ_tablature,ammerbach_bookB,1,0.9999994200339619,1.0,0.999999710016981
organ_tablature,ammerbach_bookB,1,0.9999987924887849,1.0,0.9999993962443925
organ_tablature,ammerbach_bookB,1,0.9999850245130295,1.0,0.9999925122565148
organ_tablature,ammerbach_bookB,1,0.999991557093514,1.0,0.999995778546757
organ_tablature,ammerbach_bookB,1,0.9999999981421464,1.0,0.9999999990710732
organ_tablature,ammerbach_bookB,1,0.9999999999247782,1.0,0.9999999999623891
organ_tablature,ammerbach_bookB,1,0.999999990804812,1.0,0.9999999954024059
organ_tablature,ammerbach_bookB,1,0.9999997348094473,1.0,0.9999998674047237
organ_tablature,ammerbach_bookB,1,0.9999992730916826,0.9894592730170825,0.9947292730543825
organ_tablature,ammerbach_bookB,1,0.9999996131675606,1.0,0.9999998065837803
organ_tablature,ammerbach_bookB,1,0.999989972117247,1.0,0.9999949860586235
organ_tablature,ammerbach_bookB,1,0.9999648659176018,1.0,0.999982432958801
organ_tablature,ammerbach_bookB,1,0.9999993489133046,1.0,0.9999996744566523
organ_tablature,ammerbach_bookB,1,0.9999998912410405,0.998,0.9989999456205203
organ_tablature,ammerbach_bookB,1,0.9999998494688558,0.9856285740093312,0.9928142117390935
organ_tablature,ammerbach_bookB,1,0.9999998056259833,1.0,0.9999999028129917
organ_tablature,ammerbach_bookB,1,0.9999991659541965,1.0,0.9999995829770982
organ_tablature,ammerbach_bookB,1,0.9999870517381289,1.0,0.9999935258690644
organ_tablature,ammerbach_bookB,1,0.9999983902475649,1.0,0.9999991951237824
organ_tablature,ammerbach_bookB,1,0.9999997339861996,1.0,0.9999998669930998
organ_tablature,ammerbach_bookB,1,0.9999377914556411,1.0,0.9999688957278206
organ_tablature,ammerbach_bookB,1,0.9999999668069137,1.0,0.9999999834034569
organ_tablature,ammerbach_bookB,1,0.9999999999824949,1.0,0.9999999999912474
organ_tablature,ammerbach_bookB,1,0.99999999811335,1.0,0.999999999056675
organ_tablature,ammerbach_bookB,1,0.9999999807925762,1.0,0.9999999903962882
organ_tablature,ammerbach_bookB,1,0.9999999605186405,1.0,0.9999999802593202
organ_tablature,ammerbach_bookB,1,0.999997941218566,1.0,0.999998970609283
organ_tablature,ammerbach_bookB,1,0.9999939437870377,1.0,0.9999969718935189
organ_tablature,ammerbach_bookB,1,0.9998834728292257,1.0,0.9999417364146128
organ_tablature,ammerbach_bookB,1,0.9999972870136575,1.0,0.9999986435068288
organ_tablature,ammerbach_bookB,1,0.9999999985506884,1.0,0.9999999992753442
organ_tablature,ammerbach_bookB,1,0.9999999997745332,1.0,0.9999999998872666
organ_tablature,ammerbach_bookB,1,0.9999999706653517,1.0,0.9999999853326759
organ_tablature,ammerbach_bookB,1,0.9999999649529631,1.0,0.9999999824764816
organ_tablature,ammerbach_bookB,1,0.9999997822122874,1.0,0.9999998911061436
organ_tablature,ammerbach_bookB,1,0.9999581972658238,1.0,0.9999790986329119
organ_tablature,ammerbach_bookB,1,0.9999946825485048,0.9981359102244389,0.9990652963864719
organ_tablature,ammerbach_bookB,1,0.9999462601697772,1.0,0.9999731300848886
organ_tablature,ammerbach_bookB,1,0.9999983670296685,1.0,0.9999991835148343
organ_tablature,ammerbach_bookB,1,0.9999999955961092,1.0,0.9999999977980546
organ_tablature,ammerbach_bookB,1,0.9999999999309857,1.0,0.9999999999654928
organ_tablature,ammerbach_bookB,1,0.9999999874596918,1.0,0.9999999937298458
organ_tablature,ammerbach_bookB,1,0.9999999926603866,1.0,0.9999999963301933
organ_tablature,ammerbach_bookB,1,0.9999616133488681,1.0,0.999980806674434
organ_tablature,ammerbach_bookB,1,0.9999826808605536,1.0,0.9999913404302768
organ_tablature,ammerbach_bookB,1,0.9999759387974544,0.9980948835230294,0.999035411160242
organ_tablature,ammerbach_bookB,1,0.9999951684602343,1.0,0.9999975842301172
organ_tablature,ammerbach_bookB,1,0.9999998447561583,1.0,0.9999999223780791
organ_tablature,ammerbach_bookB,1,0.999999979836703,1.0,0.9999999899183515
organ_tablature,ammerbach_bookB,1,0.9999999993331994,1.0,0.9999999996665997
organ_tablature,ammerbach_bookB,1,0.9999999997955475,1.0,0.9999999998977738
organ_tablature,ammerbach_bookB,1,0.9999999886586058,1.0,0.999999994329303
organ_tablature,ammerbach_bookB,1,0.9999999853790775,1.0,0.9999999926895388
organ_tablature,ammerbach_bookB,1,0.999999999389426,1.0,0.999999999694713
organ_tablature,ammerbach_bookB,1,0.9999993919824615,1.0,0.9999996959912307
organ_tablature,ammerbach_bookB,1,0.9999995912041554,1.0,0.9999997956020776
organ_tablature,ammerbach_bookB,1,0.999998933298276,1.0,0.9999994666491381
organ_tablature,ammerbach_bookB,1,0.9999986781846227,1.0,0.9999993390923114
organ_tablature,ammerbach_bookB,1,0.9999999902675153,1.0,0.9999999951337577
organ_tablature,ammerbach_bookB,1,0.9999999076379974,1.0,0.9999999538189988
organ_tablature,ammerbach_bookB,1,0.9999999966095348,1.0,0.9999999983047674
organ_tablature,ammerbach_bookB,1,0.9999999999782099,1.0,0.9999999999891049
organ_tablature,ammerbach_bookB,1,0.9999999998260605,1.0,0.9999999999130302
organ_tablature,ammerbach_bookB,1,0.999999997430689,1.0,0.9999999987153445
organ_tablature,ammerbach_bookB,1,0.9999999102539311,1.0,0.9999999551269656
organ_tablature,ammerbach_bookB,1,0.9999994040314829,1.0,0.9999997020157414
organ_tablature,ammerbach_bookB,1,0.9999986874125764,0.9967535964955875,0.998376141954082
organ_tablature,ammerbach_bookB,1,0.9999982148575535,1.0,0.9999991074287767
organ_tablature,ammerbach_bookB,1,0.9999999968109463,1.0,0.9999999984054732
organ_tablature,ammerbach_bookB,1,0.9999998295070851,1.0,0.9999999147535426
organ_tablature,ammerbach_bookB,1,0.9999999197390346,1.0,0.9999999598695173
organ_tablature,ammerbach_bookB,1,0.9999999999866547,1.0,0.9999999999933273
organ_tablature,ammerbach_bookB,1,0.9999999999903026,0.9967535964955875,0.998376798242945
organ_tablature,ammerbach_bookB,1,0.9999999999961184,0.9980440442612281,0.9990220221286732
organ_tablature,ammerbach_bookB,1,0.9999999997149953,0.9962755610972569,0.9981377804061261
organ_tablature,ammerbach_bookB,1,0.9999999897166895,1.0,0.9999999948583447
organ_tablature,ammerbach_bookB,1,0.9999999999610409,1.0,0.9999999999805205
organ_tablature,ammerbach_bookB,1,0.9999999999797127,1.0,0.9999999999898563
organ_tablature,ammerbach_bookB,1,0.9999999994578019,1.0,0.999999999728901
organ_tablature,ammerbach_bookB,1,0.9999999680723229,1.0,0.9999999840361615
organ_tablature,ammerbach_bookB,1,0.9999999550726324,1.0,0.9999999775363162
organ_tablature,ammerbach_bookB,1,0.9999999944443183,0.9980483660130719,0.9990241802286951
organ_tablature,ammerbach_bookB,1,0.9999999997660158,1.0,0.9999999998830079
organ_tablature,ammerbach_bookB,1,0.9999999986929295,0.9962755610972569,0.9981377798950932
organ_tablature,ammerbach_bookB,1,0.9999998291567737,1.0,0.9999999145783869
organ_tablature,ammerbach_bookB,1,0.9999999046926309,1.0,0.9999999523463154
organ_tablature,ammerbach_bookB,1,0.9999985714126105,1.0,0.9999992857063053
organ_tablature,ammerbach_bookB,1,0.9999123320947086,1.0,0.9999561660473544
organ_tablature,ammerbach_bookB,1,0.9999442611133373,0.9799686796726896,0.9899564703930135
organ_tablature,ammerbach_bookB,1,0.9999999982461658,1.0,0.9999999991230829
organ_tablature,ammerbach_bookB,1,0.9999999950149154,0.9967535964955875,0.9983767957552514
organ_tablature,ammerbach_bookB,1,0.999999990404811,0.9818780709986948,0.9909390307017529
organ_tablature,ammerbach_bookB,1,0.9999999627928864,1.0,0.9999999813964432
organ_tablature,ammerbach_bookB,1,0.9999999796295584,1.0,0.9999999898147792
organ_tablature,ammerbach_bookB,1,0.9999999996886135,1.0,0.9999999998443068
organ_tablature,ammerbach_bookB,1,0.9999999994010977,0.9962755610972569,0.9981377802491773
organ_tablature,ammerbach_bookB,1,0.9999999217745569,1.0,0.9999999608872785
organ_tablature,ammerbach_bookB,1,0.9999984189506631,1.0,0.9999992094753316
organ_tablature,ammerbach_bookB,1,0.9999997074240269,1.0,0.9999998537120134
organ_tablature,ammerbach_bookB,1,0.9999999986736885,0.9967535964955875,0.998376797584638
organ_tablature,ammerbach_bookB,1,0.9999999919392116,1.0,0.9999999959696058
organ_tablature,ammerbach_bookB,1,0.9999999903380149,1.0,0.9999999951690075
organ_tablature,ammerbach_bookB,1,0.9999999737676704,1.0,0.9999999868838352
organ_tablature,ammerbach_bookB,1,0.999999987724237,1.0,0.9999999938621185
organ_tablature,ammerbach_bookB,1,0.9999999698580213,1.0,0.9999999849290107
organ_tablature,ammerbach_bookB,1,0.9999999484966327,1.0,0.9999999742483163
organ_tablature,ammerbach_bookB,1,0.9999995228816443,1.0,0.9999997614408221
organ_tablature,ammerbach_bookB,1,0.9999952437544476,1.0,0.9999976218772237
organ_tablature,ammerbach_bookB,1,0.9999975388860848,1.0,0.9999987694430423
organ_tablature,ammerbach_bookB,1,0.9999960092032002,1.0,0.9999980046016002
organ_tablature,ammerbach_bookB,1,0.9999999984338408,0.9967535964955875,0.9983767974647142
organ_tablature,ammerbach_bookB,1,0.99999999904853,1.0,0.999999999524265
organ_tablature,ammerbach_bookB,1,0.9999999992073385,1.0,0.9999999996036693
organ_tablature,ammerbach_bookB,1,0.9999999990567312,0.9962755610972569,0.998137780076994
organ_tablature,ammerbach_bookB,1,0.9999999915606897,1.0,0.9999999957803449
organ_tablature,ammerbach_bookB,1,0.9999999514831478,1.0,0.9999999757415738
organ_tablature,ammerbach_bookB,1,0.9999995323123754,1.0,0.9999997661561877
organ_tablature,ammerbach_bookB,1,0.9999502691918469,1.0,0.9999751345959235
organ_tablature,ammerbach_bookB,1,0.9999981506477746,1.0,0.9999990753238873
organ_tablature,ammerbach_bookB,1,0.9999972247755504,1.0,0.9999986123877752
organ_tablature,ammerbach_bookB,1,0.9999997592264531,1.0,0.9999998796132266
organ_tablature,ammerbach_bookB,1,0.9999999983779884,0.9980992439569801,0.9990496211674842
organ_tablature,ammerbach_bookB,1,0.9999999989891599,1.0,0.99999999949458
organ_tablature,ammerbach_bookB,1,0.9999999998874416,1.0,0.9999999999437208
organ_tablature,ammerbach_bookB,1,0.9999999992108168,0.998456729527254,0.9992283643690354
organ_tablature,ammerbach_bookB,1,0.9999999994459261,1.0,0.999999999722963
organ_tablature,ammerbach_bookB,1,0.999999998827998,1.0,0.999999999413999
organ_tablature,ammerbach_bookB,1,0.9999999510383841,1.0,0.9999999755191921
organ_tablature,ammerbach_bookB,1,0.9999857419012332,1.0,0.9999928709506166
organ_tablature,ammerbach_bookB,1,0.9999983988810549,1.0,0.9999991994405275
organ_tablature,ammerbach_bookB,1,0.999999986688445,0.9980948835230294,0.9990474351057372
organ_tablature,ammerbach_bookB,1,0.9999999998542779,1.0,0.999999999927139
organ_tablature,ammerbach_bookB,1,0.9999999999496867,1.0,0.9999999999748433
organ_tablature,ammerbach_bookB,1,0.9999999948605958,1.0,0.9999999974302979
organ_tablature,ammerbach_bookB,1,0.9999998164636067,1.0,0.9999999082318034
organ_tablature,ammerbach_bookB,1,0.99999963930326,1.0,0.99999981965163
organ_tablature,ammerbach_bookB,1,0.9999999969044409,0.9967535964955875,0.9983767967000141
organ_tablature,ammerbach_bookB,1,0.9999997364679682,0.979439727681916,0.9897197320749421
organ_tablature,ammerbach_bookB,1,0.999998644078796,1.0,0.999999322039398
organ_tablature,ammerbach_bookB,1,0.9999330106781783,0.998270851496658,0.9991019310874181
organ_tablature,ammerbach_bookB,1,0.9999540568674454,1.0,0.9999770284337227
organ_tablature,ammerbach_bookB,1,0.9999999595681962,1.0,0.9999999797840982
organ_tablature,ammerbach_bookB,1,0.9999999638244648,0.9980483660130719,0.9990241649187683
organ_tablature,ammerbach_bookB,1,0.9999997105272144,1.0,0.9999998552636071
organ_tablature,ammerbach_bookB,1,0.9999998331899463,0.996325414387296,0.9981626237886212
organ_tablature,ammerbach_bookB,1,0.9999999572597478,1.0,0.9999999786298739
organ_tablature,ammerbach_bookB,1,0.9999997456705604,1.0,0.9999998728352801
organ_tablature,ammerbach_bookB,1,0.999999858530406,0.9980465419747716,0.9990232002525887
organ_tablature,ammerbach_bookB,1,0.9999962146671817,1.0,0.9999981073335908
organ_tablature,ammerbach_bookB,1,0.9999994700965359,1.0,0.9999997350482679
organ_tablature,ammerbach_bookB,1,0.9999892352303672,1.0,0.9999946176151836
organ_tablature,ammerbach_bookB,1,0.9999999666416222,1.0,0.9999999833208111
organ_tablature,ammerbach_bookB,1,0.9999999959867945,1.0,0.9999999979933972
organ_tablature,ammerbach_bookB,1,0.9999998937357502,1.0,0.9999999468678751
organ_tablature,ammerbach_bookB,1,0.9999995750003302,1.0,0.9999997875001652
organ_tablature,ammerbach_bookB,1,0.9999999912660634,1.0,0.9999999956330317
organ_tablature,ammerbach_bookB,1,0.9999999551036971,1.0,0.9999999775518486
organ_tablature,ammerbach_bookB,1,0.9999983469710343,1.0,0.9999991734855171
organ_tablature,ammerbach_bookB,1,0.9999999826233342,1.0,0.9999999913116671
organ_tablature,ammerbach_bookB,1,0.9999944141824246,1.0,0.9999972070912123
organ_tablature,ammerbach_bookB,1,0.9999992763088382,1.0,0.9999996381544192
organ_tablature,ammerbach_bookB,1,0.9999999997038511,0.9962755610972569,0.998137780400554
organ_tablature,ammerbach_bookB,1,0.9999999786136908,1.0,0.9999999893068454
organ_tablature,ammerbach_bookB,1,0.9999999317142811,1.0,0.9999999658571406
organ_tablature,ammerbach_bookB,1,0.9999999759933619,1.0,0.999999987996681
organ_tablature,ammerbach_bookB,1,0.999999999650468,1.0,0.999999999825234
organ_tablature,ammerbach_bookB,1,0.9999999923805448,0.998,0.9989999961902725
organ_tablature,ammerbach_bookB,1,0.9999993924348326,1.0,0.9999996962174162
organ_tablature,ammerbach_bookB,1,0.9999994503742257,1.0,0.9999997251871129
organ_tablature,ammerbach_bookB,1,0.9999999786633589,1.0,0.9999999893316794
organ_tablature,ammerbach_bookB,1,0.9999999991037258,1.0,0.9999999995518629
organ_tablature,ammerbach_bookB,1,0.9999999996089208,1.0,0.9999999998044604
organ_tablature,ammerbach_bookB,1,0.9999999941501805,1.0,0.9999999970750902
organ_tablature,ammerbach_bookB,1,0.9999999971187834,1.0,0.9999999985593917
organ_tablature,ammerbach_bookB,1,0.9999999842601153,1.0,0.9999999921300576
organ_tablature,ammerbach_bookB,1,0.9999999258905171,1.0,0.9999999629452585
organ_tablature,ammerbach_bookB,1,0.9999998700324697,1.0,0.9999999350162349
organ_tablature,ammerbach_bookB,1,0.9999999897597435,1.0,0.9999999948798717
organ_tablature,ammerbach_bookB,1,0.9999999918708026,1.0,0.9999999959354013
organ_tablature,ammerbach_bookB,1,0.9999923629405456,1.0,0.9999961814702728
organ_tablature,ammerbach_bookB,1,0.9999999552163248,1.0,0.9999999776081624
organ_tablature,ammerbach_bookB,1,0.9999999994686122,1.0,0.9999999997343061
organ_tablature,ammerbach_bookB,1,0.9999999626935377,0.9963221629065375,0.9981610628000377
organ_tablature,ammerbach_bookB,1,0.9999999978110734,1.0,0.9999999989055367
organ_tablature,ammerbach_bookB,1,0.9999999996227411,1.0,0.9999999998113706
organ_tablature,ammerbach_bookB,1,0.9999999996139786,1.0,0.9999999998069893
organ_tablature,ammerbach_bookB,1,0.9999998902481586,1.0,0.9999999451240793
organ_tablature,ammerbach_bookB,1,0.9999998178792177,1.0,0.9999999089396088
organ_tablature,ammerbach_bookB,1,0.9999999991329,1.0,0.99999999956645
organ_tablature,ammerbach_bookB,1,0.9999998919573269,1.0,0.9999999459786635
organ_tablature,ammerbach_bookB,1,0.9998937581158933,1.0,0.9999468790579467
organ_tablature,ammerbach_bookB,1,0.9999848823145792,1.0,0.9999924411572896
organ_tablature,ammerbach_bookB,1,0.9999999423901009,1.0,0.9999999711950505
organ_tablature,ammerbach_bookB,1,0.999999998932452,1.0,0.999999999466226
organ_tablature,ammerbach_bookB,1,0.9999999992129334,1.0,0.9999999996064667
organ_tablature,ammerbach_bookB,1,0.9999999440530243,1.0,0.9999999720265121
organ_tablature,ammerbach_bookB,1,0.9999992463181282,1.0,0.9999996231590641
organ_tablature,ammerbach_bookB,1,0.9999995280266636,1.0,0.9999997640133318
organ_tablature,ammerbach_bookB,1,0.9999999932571091,0.9980465419747716,0.9990232676159403
organ_tablature,ammerbach_bookB,1,0.9999999856471475,1.0,0.9999999928235738
organ_tablature,ammerbach_bookB,1,0.9999966825986062,1.0,0.9999983412993031
organ_tablature,ammerbach_bookB,1,0.9999998072042463,1.0,0.9999999036021232
organ_tablature,ammerbach_bookB,1,0.9999999297612234,0.9980465419747716,0.9990232358679976
organ_tablature,ammerbach_bookB,1,0.9999999990442463,1.0,0.9999999995221232
organ_tablature,ammerbach_bookB,1,0.9999999974615688,1.0,0.9999999987307844
organ_tablature,ammerbach_bookB,1,0.9999999996868862,1.0,0.9999999998434431
organ_tablature,ammerbach_bookB,1,0.9999999996124627,0.9962755610972569,0.9981377803548598
organ_tablature,ammerbach_bookB,1,0.9999999995465432,1.0,0.9999999997732716
organ_tablature,ammerbach_bookB,1,0.9999999996198006,1.0,0.9999999998099003
organ_tablature,ammerbach_bookB,1,0.9999997509475868,1.0,0.9999998754737933
organ_tablature,ammerbach_bookB,1,0.9999994379089303,1.0,0.9999997189544652
organ_tablature,ammerbach_bookB,1,0.999999625222261,1.0,0.9999998126111305
organ_tablature,ammerbach_bookB,1,0.999999994930681,1.0,0.9999999974653405
organ_tablature,ammerbach_bookB,1,0.999999999945357,1.0,0.9999999999726785
organ_tablature,ammerbach_bookB,1,0.9999999993699809,1.0,0.9999999996849904
organ_tablature,ammerbach_bookB,1,0.9999999978554299,1.0,0.999999998927715
organ_tablature,ammerbach_bookB,1,0.9999999963310515,0.9856285740093312,0.9928142851701913
organ_tablature,ammerbach_bookB,1,0.9999999726058731,0.9856285740093312,0.9928142733076022
organ_tablature,ammerbach_bookB,1,0.9999999702370364,1.0,0.9999999851185182
organ_tablature,ammerbach_bookB,1,0.999999988522854,1.0,0.999999994261427
organ_tablature,ammerbach_bookB,1,0.9999995133316258,1.0,0.999999756665813
organ_tablature,ammerbach_bookB,1,0.9999736380283415,0.9964559915697396,0.9982148147990406
organ_tablature,ammerbach_bookB,1,0.9999999194239722,1.0,0.9999999597119861
organ_tablature,ammerbach_bookB,1,0.9999999997611495,1.0,0.9999999998805748
organ_tablature,ammerbach_bookB,1,0.9999999995066806,1.0,0.9999999997533403
organ_tablature,ammerbach_bookB,1,0.9999999999370646,0.9945604481846917,0.9972802240608781
organ_tablature,ammerbach_bookB,1,0.9999999996317808,1.0,0.9999999998158904
organ_tablature,ammerbach_bookB,1,0.9999999902540254,1.0,0.9999999951270127
organ_tablature,ammerbach_bookB,1,0.9999997080266962,1.0,0.9999998540133481
organ_tablature,ammerbach_bookB,1,0.999999982197144,1.0,0.999999991098572
organ_tablature,ammerbach_bookB,1,0.9999999973664229,1.0,0.9999999986832114
organ_tablature,ammerbach_bookB,1,0.9999999985912877,0.998,0.9989999992956439
organ_tablature,ammerbach_bookB,1,0.9999998622737786,1.0,0.9999999311368892
organ_tablature,ammerbach_bookB,1,0.9999997421469099,1.0,0.999999871073455
organ_tablature,ammerbach_bookB,1,0.9999999479400636,1.0,0.9999999739700318
organ_tablature,ammerbach_bookB,1,0.9999999988227293,0.9943748050542369,0.9971874019384831
organ_tablature,ammerbach_bookB,1,0.9999999974918898,1.0,0.9999999987459449
organ_tablature,ammerbach_bookB,1,0.9999999998045932,1.0,0.9999999999022966
organ_tablature,ammerbach_bookB,1,0.9999999994930056,1.0,0.9999999997465028
organ_tablature,ammerbach_bookB,1,0.9999999884449294,0.9981546134663342,0.9990773009556317
organ_tablature,ammerbach_bookB,1,0.9999999992443731,1.0,0.9999999996221866
organ_tablature,ammerbach_bookB,1,0.9999999966979904,0.9980992439569801,0.9990496203274852
organ_tablature,ammerbach_bookB,1,0.9999999461036448,1.0,0.9999999730518224
organ_tablature,ammerbach_bookB,1,0.9999999073474767,1.0,0.9999999536737383
organ_tablature,ammerbach_bookB,1,0.9999981313630054,1.0,0.9999990656815028
organ_tablature,ammerbach_bookB,1,0.9999986982037994,1.0,0.9999993491018997
organ_tablature,ammerbach_bookB,1,0.9999999963298776,1.0,0.9999999981649388
organ_tablature,ammerbach_bookB,1,0.9999999300139124,1.0,0.9999999650069562
organ_tablature,ammerbach_bookB,1,0.9999999780593198,1.0,0.9999999890296599
organ_tablature,ammerbach_bookB,1,0.9999999988330552,1.0,0.9999999994165276
organ_tablature,ammerbach_bookB,1,0.9999999997166498,0.9981402743142145,0.9990701370154321
organ_tablature,ammerbach_bookB,1,0.9999999989640291,1.0,0.9999999994820146
organ_tablature,ammerbach_bookB,1,0.9999999990028361,0.9980992439569801,0.9990496214799081
organ_tablature,ammerbach_bookB,1,0.9999999869886667,1.0,0.9999999934943333
organ_tablature,ammerbach_bookB,1,0.9999997780146765,1.0,0.9999998890073383
organ_tablature,ammerbach_bookB,1,0.9999685204557279,1.0,0.9999842602278639
organ_tablature,ammerbach_bookB,1,0.999999821077517,1.0,0.9999999105387585
organ_tablature,ammerbach_bookB,1,0.9999999984937165,1.0,0.9999999992468582
organ_tablature,ammerbach_bookB,1,0.9999999842961642,0.9881067080188084,0.9940533461574863
organ_tablature,ammerbach_bookB,1,0.9999999970213744,0.993072653280443,0.9965363251509087
organ_tablature,ammerbach_bookB,1,0.9999999756226862,1.0,0.999999987811343
organ_tablature,ammerbach_bookB,1,0.9999999357595907,1.0,0.9999999678797953
organ_tablature,ammerbach_bookB,1,0.9999999859096282,1.0,0.9999999929548141
organ_tablature,ammerbach_bookB,1,0.9999980604022063,1.0,0.9999990302011031
organ_tablature,ammerbach_bookB,1,0.999987378868556,1.0,0.999993689434278
organ_tablature,ammerbach_bookB,1,0.9999997089978582,1.0,0.999999854498929
organ_tablature,ammerbach_bookB,1,0.9999999939126978,1.0,0.9999999969563489
organ_tablature,ammerbach_bookB,1,0.9999999998256874,1.0,0.9999999999128437
organ_tablature,ammerbach_bookB,1,0.999999827853696,0.9963221629065375,0.9981609953801167
organ_tablature,ammerbach_bookB,1,0.9999999820469746,1.0,0.9999999910234874
organ_tablature,ammerbach_bookB,1,0.9999999975016005,1.0,0.9999999987508003
organ_tablature,ammerbach_bookB,1,0.9999999069502694,1.0,0.9999999534751347
organ_tablature,ammerbach_bookB,1,0.9999999380108225,1.0,0.9999999690054113
organ_tablature,ammerbach_bookB,1,0.9999999497229178,1.0,0.999999974861459
organ_tablature,ammerbach_bookB,1,0.9999999844715552,1.0,0.9999999922357776
organ_tablature,ammerbach_bookB,1,0.9999990377977904,1.0,0.9999995188988953
organ_tablature,ammerbach_bookB,1,0.9999999448674163,1.0,0.9999999724337081
organ_tablature,ammerbach_bookB,1,0.999999999909629,1.0,0.9999999999548145
organ_tablature,ammerbach_bookB,1,0.9999999998978819,1.0,0.999999999948941
organ_tablature,ammerbach_bookB,1,0.9999999996544522,1.0,0.9999999998272261
organ_tablature,ammerbach_bookB,1,0.9999999995668676,1.0,0.9999999997834338
organ_tablature,ammerbach_bookB,1,0.9999999872307511,1.0,0.9999999936153756
organ_tablature,ammerbach_bookB,1,0.9999999295967069,1.0,0.9999999647983535
organ_tablature,ammerbach_bookB,1,0.9999996704028384,1.0,0.9999998352014192
organ_tablature,ammerbach_bookB,1,0.9999990215426456,1.0,0.9999995107713229
organ_tablature,ammerbach_bookB,1,0.9999846653406087,1.0,0.9999923326703044
organ_tablature,ammerbach_bookB,1,0.9999998848215964,0.9980465419747716,0.999023213398184
organ_tablature,ammerbach_bookB,1,0.9999998454790097,1.0,0.9999999227395049
organ_tablature,ammerbach_bookB,1,0.9999999999090803,0.9819041351065881,0.9909520675078343
organ_tablature,ammerbach_bookB,1,0.9999999989544477,1.0,0.9999999994772238
organ_tablature,ammerbach_bookB,1,0.9999999995070099,0.9837278179663114,0.9918639087366606
organ_tablature,ammerbach_bookB,1,0.9999999967869984,1.0,0.9999999983934992
organ_tablature,ammerbach_bookB,1,0.9999999743636494,1.0,0.9999999871818247
organ_tablature,ammerbach_bookB,1,0.999999858937452,1.0,0.9999999294687261
organ_tablature,ammerbach_bookB,1,0.9999999776505724,1.0,0.9999999888252862
organ_tablature,ammerbach_bookB,1,0.9999424108428061,1.0,0.999971205421403
organ_tablature,ammerbach_bookB,1,0.9998375726095867,1.0,0.9999187863047934
organ_tablature,ammerbach_bookB,1,0.9999999774034015,1.0,0.9999999887017008
organ_tablature,ammerbach_bookB,1,0.9999999999970581,1.0,0.9999999999985291
organ_tablature,ammerbach_bookB,1,0.9999999996844402,0.9962755610972569,0.9981377803908486
organ_tablature,ammerbach_bookB,1,0.999999997658485,0.9963221629065375,0.9981610802825113
organ_tablature,ammerbach_bookB,1,0.9999999936703181,1.0,0.999999996835159
organ_tablature,ammerbach_bookB,1,0.9999998126853047,0.998,0.9989999063426523
organ_tablature,ammerbach_bookB,1,0.9999984635229215,1.0,0.9999992317614608
organ_tablature,ammerbach_bookB,1,0.9999999873496032,1.0,0.9999999936748016
organ_tablature,ammerbach_bookB,1,0.9999999797924526,1.0,0.9999999898962263
organ_tablature,ammerbach_bookB,1,0.9999998399948756,1.0,0.9999999199974379
organ_tablature,ammerbach_bookB,1,0.9999582739147481,0.9881508363351471,0.9940545551249476
organ_tablature,ammerbach_bookB,1,0.999996452143968,0.9945203484860216,0.9972584003149948
organ_tablature,ammerbach_bookB,1,0.9999999987263337,1.0,0.9999999993631669
organ_tablature,ammerbach_bookB,1,0.9999999996160973,1.0,0.9999999998080487
organ_tablature,ammerbach_bookB,1,0.9999999990268962,1.0,0.9999999995134481
organ_tablature,ammerbach_bookB,1,0.999999997298715,1.0,0.9999999986493575
organ_tablature,ammerbach_bookB,1,0.9999999989513966,1.0,0.9999999994756983
organ_tablature,ammerbach_bookB,1,0.9999986449940053,0.9980992439569801,0.9990489444754926
organ_tablature,ammerbach_bookB,1,0.9999999668915123,1.0,0.9999999834457561
organ_tablature,ammerbach_bookB,1,0.9999999999933689,0.9980746968472111,0.9990373484202899
organ_tablature,ammerbach_bookB,1,0.9999999999475908,0.996118741108439,0.998059370528015
organ_tablature,ammerbach_bookB,1,0.9999999980922845,0.9962755610972569,0.9981377795947707
organ_tablature,ammerbach_bookB,1,0.9999995601313315,1.0,0.9999997800656657
organ_tablature,ammerbach_bookB,1,0.9999994684529155,1.0,0.9999997342264577
organ_tablature,ammerbach_bookB,1,0.9999996583423382,0.9962351541814191,0.9981174062618786
organ_tablature,ammerbach_bookB,1,0.999999985872307,0.998456729527254,0.9992283576997805
organ_tablature,ammerbach_bookB,1,0.9999999993352569,1.0,0.9999999996676284
organ_tablature,ammerbach_bookB,1,0.9999999999611275,1.0,0.9999999999805638
organ_tablature,ammerbach_bookB,1,0.9999999998679008,0.9962755610972569,0.9981377804825788
organ_tablature,ammerbach_bookB,1,0.9999999994711302,1.0,0.9999999997355651
organ_tablature,ammerbach_bookB,1,0.999999997036999,1.0,0.9999999985184995
organ_tablature,ammerbach_bookB,1,0.9999999528433916,1.0,0.9999999764216958
organ_tablature,ammerbach_bookB,1,0.9999997623591182,1.0,0.9999998811795592
organ_tablature,ammerbach_bookB,1,0.9999999998086859,1.0,0.999999999904343
organ_tablature,ammerbach_bookB,1,0.9999996786363863,0.9980992439569801,0.9990494612966832
organ_tablature,ammerbach_bookB,1,0.9999999271398283,0.9924213470290086,0.9962106370844185
organ_tablature,ammerbach_bookB,1,0.9999999598642316,1.0,0.9999999799321158
organ_tablature,ammerbach_bookB,1,0.999999834637866,0.9900211171862118,0.9950104759120388
organ_tablature,ammerbach_bookB,1,0.9999999921918868,0.9947535964955875,0.9973767943437372
organ_tablature,ammerbach_bookB,1,0.9999999947827656,1.0,0.9999999973913828
organ_tablature,ammerbach_bookB,1,0.9999999866654343,0.9962755610972569,0.9981377738813456
organ_tablature,ammerbach_bookB,1,0.9999999596813268,0.9981359102244389,0.9990679349528828
organ_tablature,ammerbach_bookB,1,0.9999970497177673,0.9909353639860637,0.9954662068519156
organ_tablature,ammerbach_bookB,1,0.9999996559178792,1.0,0.9999998279589396
organ_tablature,ammerbach_bookB,1,0.9999993018917361,1.0,0.9999996509458681
organ_tablature,ammerbach_bookB,1,0.9999971896119624,1.0,0.9999985948059812
organ_tablature,ammerbach_bookB,1,0.9999999537262992,1.0,0.9999999768631496
organ_tablature,ammerbach_bookB,1,0.9999999931735026,0.9856285740093312,0.9928142835914169
organ_tablature,ammerbach_bookB,1,0.999999988826287,0.9962905236907731,0.99814525625853
organ_tablature,ammerbach_bookB,1,0.9999999983116117,1.0,0.9999999991558058
organ_tablature,ammerbach_bookB,1,0.9999999829327871,1.0,0.9999999914663935
organ_tablature,ammerbach_bookB,1,0.9999997406970591,1.0,0.9999998703485296
organ_tablature,ammerbach_bookB,1,0.9999998742610281,1.0,0.999999937130514
organ_tablature,ammerbach_bookB,1,0.9999975647326409,1.0,0.9999987823663204
organ_tablature,ammerbach_bookB,1,0.9999998227263674,1.0,0.9999999113631837
organ_tablature,ammerbach_bookB,1,0.9999998995577598,1.0,0.9999999497788798
organ_tablature,ammerbach_bookB,1,0.9999998465893163,1.0,0.9999999232946581
organ_tablature,ammerbach_bookB,1,0.9999999998753561,0.9962755610972569,0.9981377804863065
organ_tablature,ammerbach_bookB,1,0.9999999928968861,1.0,0.9999999964484431
organ_tablature,ammerbach_bookB,1,0.9999999611718904,1.0,0.9999999805859452
organ_tablature,ammerbach_bookB,1,0.999999997252107,1.0,0.9999999986260535
organ_tablature,ammerbach_bookB,1,0.999999987761924,1.0,0.9999999938809621
organ_tablature,ammerbach_bookB,1,0.9999999857806567,1.0,0.9999999928903284
organ_tablature,ammerbach_bookB,1,0.9999999997514242,0.993072653280443,0.9965363265159336
organ_tablature,ammerbach_bookB,1,0.9999999997153313,0.9962755610972569,0.9981377804062941
organ_tablature,ammerbach_bookB,1,0.9999988213173772,1.0,0.9999994106586886
organ_tablature,ammerbach_bookB,1,0.9999323597296984,1.0,0.9999661798648491
organ_tablature,ammerbach_bookB,1,0.9999998183319471,1.0,0.9999999091659735
organ_tablature,ammerbach_bookB,1,0.9999999986868542,1.0,0.9999999993434271
organ_tablature,ammerbach_bookB,1,0.9999999990495043,1.0,0.9999999995247522
organ_tablature,ammerbach_bookB,1,0.9999999998675053,1.0,0.9999999999337527
organ_tablature,ammerbach_bookB,1,0.999999999146485,1.0,0.9999999995732425
organ_tablature,ammerbach_bookB,1,0.9999999595082804,1.0,0.9999999797541401
organ_tablature,ammerbach_bookB,1,0.9999990325735999,1.0,0.9999995162868
organ_tablature,ammerbach_bookB,1,0.9999999742771228,1.0,0.9999999871385614
organ_tablature,ammerbach_bookB,1,0.9999999999732307,0.996118741108439,0.9980593705408349
organ_tablature,ammerbach_bookB,1,0.9999998975200218,0.9962755610972569,0.9981377293086393
organ_tablature,ammerbach_bookB,1,0.9999897027818059,1.0,0.9999948513909029
organ_tablature,ammerbach_bookB,1,0.999973887183609,0.9983458356315499,0.9991598614075794
organ_tablature,ammerbach_bookB,1,0.9999823507664852,0.9799041684181119,0.9899432595922986
organ_tablature,ammerbach_bookB,1,0.9999999998714946,1.0,0.9999999999357473
organ_tablature,ammerbach_bookB,1,0.9999999998647842,1.0,0.9999999999323921
organ_tablature,ammerbach_bookB,1,0.9999999597623762,1.0,0.999999979881188
organ_tablature,ammerbach_bookB,1,0.9999999814537001,1.0,0.99999999072685
organ_tablature,ammerbach_bookB,1,0.9999999922795694,1.0,0.9999999961397847
organ_tablature,ammerbach_bookB,1,0.9999998910442697,1.0,0.9999999455221349
organ_tablature,ammerbach_bookB,1,0.9999999970450635,1.0,0.9999999985225317
organ_tablature,ammerbach_bookB,1,0.9999998102418624,0.9980465419747716,0.999023176108317
organ_tablature,ammerbach_bookB,1,0.9999978286726661,1.0,0.999998914336333
organ_tablature,ammerbach_bookB,1,0.9999993891657265,1.0,0.9999996945828633
organ_tablature,ammerbach_bookB,1,0.9999999999710925,1.0,0.9999999999855462
organ_tablature,ammerbach_bookB,1,0.9999999999894207,0.9980992439569801,0.9990496219732004
organ_tablature,ammerbach_bookB,1,0.9999999996610092,1.0,0.9999999998305046
organ_tablature,ammerbach_bookB,1,0.9999999982512391,1.0,0.9999999991256195
organ_tablature,ammerbach_bookB,1,0.99999999544706,1.0,0.99999999772353
organ_tablature,ammerbach_bookB,1,0.9999992442668881,1.0,0.9999996221334441
organ_tablature,ammerbach_bookB,1,0.9999999024244783,1.0,0.9999999512122392
organ_tablature,ammerbach_bookB,1,0.9999999999435019,0.9982848870874349,0.9991424435154683
organ_tablature,ammerbach_bookB,1,0.9999999998053526,1.0,0.9999999999026763
organ_tablature,ammerbach_bookB,1,0.9999999997702136,1.0,0.9999999998851068
organ_tablature,ammerbach_bookB,1,0.9999999998175986,1.0,0.9999999999087993
organ_tablature,ammerbach_bookB,1,0.999999987135615,1.0,0.9999999935678074
organ_tablature,ammerbach_bookB,1,0.999999997744786,1.0,0.999999998872393
organ_tablature,ammerbach_bookB,1,0.9999999981225167,0.9967535964955875,0.998376797309052
organ_tablature,ammerbach_bookB,1,0.999999991563122,0.983675115984103,0.9918375537736125
organ_tablature,ammerbach_bookB,1,0.99999997053888,1.0,0.99999998526944
organ_tablature,ammerbach_bookB,1,0.9999999969863562,1.0,0.9999999984931781
organ_tablature,ammerbach_bookB,1,0.9999999999983218,1.0,0.9999999999991609
organ_tablature,ammerbach_bookB,1,0.9999999997701197,0.9962755610972569,0.9981377804336883
organ_tablature,ammerbach_bookB,1,0.9999998802284334,0.9797211435531191,0.9898605118907763
organ_tablature,ammerbach_bookB,1,0.9999999058513112,1.0,0.9999999529256556
organ_tablature,ammerbach_bookB,1,0.9999999651694246,1.0,0.9999999825847123
organ_tablature,ammerbach_bookB,1,0.9999999911714444,1.0,0.9999999955857222
organ_tablature,ammerbach_bookB,1,0.9999999948701799,1.0,0.9999999974350899
organ_tablature,ammerbach_bookB,1,0.9999999396783731,1.0,0.9999999698391866
organ_tablature,ammerbach_bookB,1,0.999999792056446,1.0,0.999999896028223
organ_tablature,ammerbach_bookB,1,0.9999999885628709,1.0,0.9999999942814355
organ_tablature,ammerbach_bookB,1,0.9999999896370327,1.0,0.9999999948185163
organ_tablature,ammerbach_bookB,1,0.9999999994282696,1.0,0.9999999997141348
organ_tablature,ammerbach_bookB,1,0.9999999999737661,0.993072653280443,0.9965363266271046
organ_tablature,ammerbach_bookB,1,0.9999999976006924,0.9981546134663342,0.9990773055335133
organ_tablature,ammerbach_bookB,1,0.9999979225662018,1.0,0.9999989612831008
organ_tablature,ammerbach_bookB,1,0.9999999563736589,1.0,0.9999999781868294
organ_tablature,ammerbach_bookB,1,0.999999846478431,1.0,0.9999999232392155
organ_tablature,ammerbach_bookB,1,0.9999999977130727,1.0,0.9999999988565363
organ_tablature,ammerbach_bookB,1,0.9999999676243742,1.0,0.9999999838121871
organ_tablature,ammerbach_bookB,1,0.9999999113174484,1.0,0.9999999556587242
organ_tablature,ammerbach_bookB,1,0.9999999994514972,0.9893482143776998,0.9946741069145986
organ_tablature,ammerbach_bookB,1,0.9999999999996803,1.0,0.9999999999998401
organ_tablature,ammerbach_bookB,1,0.9999999999902711,0.9962755610972569,0.998137780543764
organ_tablature,ammerbach_bookB,1,0.9999999724458647,0.9963221629065375,0.9981610676762012
organ_tablature,ammerbach_bookB,1,0.9999999654544159,1.0,0.9999999827272079
organ_tablature,ammerbach_bookB,1,0.9999999327588217,1.0,0.9999999663794108
organ_tablature,ammerbach_bookB,1,0.9999997090858384,1.0,0.9999998545429192
organ_tablature,ammerbach_bookB,1,0.9999991227067657,1.0,0.9999995613533829
organ_tablature,ammerbach_bookB,1,0.999999583534597,1.0,0.9999997917672985
organ_tablature,ammerbach_bookB,1,0.9999994347936477,1.0,0.9999997173968238
organ_tablature,ammerbach_bookB,1,0.9999829390156406,1.0,0.9999914695078203
organ_tablature,ammerbach_bookB,1,0.9999465725462243,0.9895453229322014,0.9947459477392129
organ_tablature,ammerbach_bookB,1,0.9999999970004019,1.0,0.9999999985002009
organ_tablature,ammerbach_bookB,1,0.9999999985400556,1.0,0.9999999992700278
organ_tablature,ammerbach_bookB,1,0.9999999995469864,0.9962755610972569,0.9981377803221216
organ_tablature,ammerbach_bookB,1,0.9999999253216509,0.9963221629065375,0.9981610441140942
organ_tablature,ammerbach_bookB,1,0.9999999986746673,0.9943748050542369,0.9971874018644521
organ_tablature,ammerbach_bookB,1,0.9999999994523014,1.0,0.9999999997261507
organ_tablature,ammerbach_bookB,1,0.9999999155069661,1.0,0.999999957753483
organ_tablature,ammerbach_bookB,1,0.9999998211695067,1.0,0.9999999105847533
organ_tablature,ammerbach_bookB,1,0.9999999916359691,1.0,0.9999999958179846
organ_tablature,ammerbach_bookB,1,0.9999999859970494,1.0,0.9999999929985247
organ_tablature,ammerbach_bookB,1,0.9999999785445317,1.0,0.9999999892722659
organ_tablature,ammerbach_bookB,1,0.9999999992936055,1.0,0.9999999996468028
organ_tablature,ammerbach_bookB,1,0.9999999990054349,1.0,0.9999999995027175
organ_tablature,ammerbach_bookB,1,0.9999999972519384,1.0,0.9999999986259692
organ_tablature,ammerbach_bookB,1,0.9999998388258604,1.0,0.9999999194129302
organ_tablature,ammerbach_bookB,1,0.9999995737451882,1.0,0.999999786872594
organ_tablature,ammerbach_bookB,1,0.9999995680672504,1.0,0.9999997840336252
organ_tablature,ammerbach_bookB,1,0.9999991393473915,1.0,0.9999995696736957
organ_tablature,ammerbach_bookB,1,0.9999998578747049,0.9980465419747716,0.9990231999247383
organ_tablature,ammerbach_bookB,1,0.9999999922970771,0.9980992439569801,0.9990496181270286
organ_tablature,ammerbach_bookB,1,0.9999999326588743,1.0,0.9999999663294372
organ_tablature,ammerbach_bookB,1,0.999999999183838,1.0,0.999999999591919
organ_tablature,ammerbach_bookB,1,0.9999999996785529,1.0,0.9999999998392765
organ_tablature,ammerbach_bookB,1,0.9999999957510581,1.0,0.9999999978755291
organ_tablature,ammerbach_bookB,1,0.9999999775552127,1.0,0.9999999887776063
organ_tablature,ammerbach_bookB,1,0.9999999096441206,1.0,0.9999999548220603
organ_tablature,ammerbach_bookB,1,0.9999998818008335,1.0,0.9999999409004168
organ_tablature,ammerbach_bookB,1,0.9999995848636805,1.0,0.9999997924318402
organ_tablature,ammerbach_bookB,1,0.9990011408833085,1.0,0.9995005704416542
organ_tablature,ammerbach_bookB,1,0.9999997208724252,0.9948484800186169,0.9974241004455211
organ_tablature,ammerbach_bookB,1,0.9999999992379511,0.9856285740093312,0.9928142866236411
organ_tablature,ammerbach_bookB,1,0.9999999975722058,1.0,0.9999999987861029
organ_tablature,ammerbach_bookB,1,0.9999999972514313,0.9982848870874349,0.999142442169433
organ_tablature,ammerbach_bookB,1,0.9999999955531873,1.0,0.9999999977765937
organ_tablature,ammerbach_bookB,1,0.999999988323918,1.0,0.9999999941619591
organ_tablature,ammerbach_bookB,1,0.999999967005694,1.0,0.999999983502847
organ_tablature,ammerbach_bookB,1,0.9999994906380253,1.0,0.9999997453190126
organ_tablature,ammerbach_bookB,1,0.9999998926533566,1.0,0.9999999463266783
organ_tablature,ammerbach_bookB,1,0.9999999487306468,0.9980465419747716,0.9990232453527093
organ_tablature,ammerbach_bookB,1,0.9999996590293166,0.9980465419747716,0.9990231005020441
organ_tablature,ammerbach_bookB,1,0.9999995232322557,1.0,0.9999997616161278
organ_tablature,ammerbach_bookB,1,0.9999984468336816,1.0,0.9999992234168408
organ_tablature,ammerbach_bookB,1,0.9999999018115885,0.9719182863062682,0.9859590940589283
organ_tablature,ammerbach_bookB,1,0.9999999988316133,0.9856285740093312,0.9928142864204723
organ_tablature,ammerbach_bookB,1,0.9999999965840796,1.0,0.9999999982920398
organ_tablature,ammerbach_bookB,1,0.9999999989701636,0.9856285740093312,0.9928142864897473
organ_tablature,ammerbach_bookB,1,0.9999999969008428,0.9967535964955875,0.9983767966982151
organ_tablature,ammerbach_bookB,1,0.999996567949925,1.0,0.9999982839749625
organ_tablature,ammerbach_bookB,1,0.9998433603211226,1.0,0.9999216801605613
organ_tablature,ammerbach_bookB,1,0.9999999446407715,1.0,0.9999999723203857
organ_tablature,ammerbach_bookB,1,0.9999997581439727,1.0,0.9999998790719864
organ_tablature,ammerbach_bookB,1,0.999995162737097,0.9933192482725339,0.9966572055048155
organ_tablature,ammerbach_bookB,1,0.9999999890673025,1.0,0.9999999945336513
organ_tablature,ammerbach_bookB,1,0.9999999970367572,1.0,0.9999999985183786
organ_tablature,ammerbach_bookB,1,0.9999999974858185,1.0,0.9999999987429092
organ_tablature,ammerbach_bookB,1,0.9999997740403037,1.0,0.9999998870201519
organ_tablature,ammerbach_bookB,1,0.9999991230824237,1.0,0.9999995615412118
organ_tablature,ammerbach_bookB,1,0.999829097829711,1.0,0.9999145489148555
organ_tablature,ammerbach_bookB,1,0.9999980862991081,1.0,0.999999043149554
organ_tablature,ammerbach_bookB,1,0.9999996758592598,1.0,0.9999998379296299
organ_tablature,ammerbach_bookB,1,0.9999999915381043,1.0,0.9999999957690522
organ_tablature,ammerbach_bookB,1,0.9999999896689639,0.9967535964955875,0.9983767930822757
organ_tablature,ammerbach_bookB,1,0.9999995279394563,1.0,0.9999997639697282
organ_tablature,ammerbach_bookB,1,0.9999991947481587,1.0,0.9999995973740794
organ_tablature,ammerbach_bookB,1,0.9999999595888701,1.0,0.999999979794435
organ_tablature,ammerbach_bookB,1,0.9999999522826318,1.0,0.9999999761413159
organ_tablature,ammerbach_bookB,1,0.9999867872187205,1.0,0.9999933936093602
organ_tablature,ammerbach_bookB,1,0.9983497597601414,1.0,0.9991748798800707
organ_tablature,ammerbach_bookB,1,0.9997960975352731,0.9981546134663342,0.9989753555008036
organ_tablature,ammerbach_bookB,1,0.9999999824065317,0.9856285740093312,0.9928142782079314
organ_tablature,ammerbach_bookB,1,0.9999999340362148,0.9967535964955875,0.9983767652659011
organ_tablature,ammerbach_bookB,1,0.9999999861333084,0.9875827144135912,0.9937913502734499
organ_tablature,ammerbach_bookB,1,0.9999999511874765,0.9967535964955875,0.998376773841532
organ_tablature,ammerbach_bookB,1,0.9999998818797187,1.0,0.9999999409398593
organ_tablature,ammerbach_bookB,1,0.9999995639016487,1.0,0.9999997819508244
organ_tablature,ammerbach_bookB,1,0.9999974260139768,1.0,0.9999987130069884
organ_tablature,ammerbach_bookB,1,0.9999914888764234,1.0,0.9999957444382117
organ_tablature,ammerbach_bookB,1,0.999763972429263,1.0,0.9998819862146315
organ_tablature,ammerbach_bookB,1,0.9999977351868826,1.0,0.9999988675934413
organ_tablature,ammerbach_bookB,1,0.9999999534803358,1.0,0.9999999767401679
organ_tablature,ammerbach_bookB,1,0.9999999952181291,1.0,0.9999999976090646
organ_tablature,ammerbach_bookB,1,0.9999999999096929,1.0,0.9999999999548465
organ_tablature,ammerbach_bookB,1,0.9999999693281509,1.0,0.9999999846640755
organ_tablature,ammerbach_bookB,1,0.9999999173762694,1.0,0.9999999586881347
organ_tablature,ammerbach_bookB,1,0.9999999968448485,1.0,0.9999999984224243
organ_tablature,ammerbach_bookB,1,0.9999999473910247,1.0,0.9999999736955123
organ_tablature,ammerbach_bookB,1,0.9999984602779495,1.0,0.9999992301389747
organ_tablature,ammerbach_bookB,1,0.9999996434351207,0.9893043353282961,0.9946519893817084
organ_tablature,ammerbach_bookB,1,0.9999965728873544,0.9762034204675444,0.9880999966774494
organ_tablature,ammerbach_bookB,1,0.9999972856878979,1.0,0.9999986428439489
organ_tablature,ammerbach_bookB,1,0.999999448243033,1.0,0.9999997241215165
organ_tablature,ammerbach_bookB,1,0.9999991024548702,1.0,0.9999995512274351
organ_tablature,ammerbach_bookB,1,0.9999966553052311,1.0,0.9999983276526155
organ_tablature,ammerbach_bookB,1,0.9999990151647877,1.0,0.9999995075823939
organ_tablature,ammerbach_bookB,1,0.9999997745382219,1.0,0.9999998872691109
organ_tablature,ammerbach_bookB,1,0.9999998394469014,1.0,0.9999999197234507
organ_tablature,ammerbach_bookB,1,0.9999999985838941,1.0,0.999999999291947
organ_tablature,ammerbach_bookB,1,0.9999999980627119,1.0,0.999999999031356
organ_tablature,ammerbach_bookB,1,0.9999999547044698,1.0,0.9999999773522349
organ_tablature,ammerbach_bookB,1,0.9999999797741186,1.0,0.9999999898870593
organ_tablature,ammerbach_bookB,1,0.9999993581285195,1.0,0.9999996790642598
organ_tablature,ammerbach_bookB,1,0.9999998533675118,1.0,0.9999999266837559
organ_tablature,ammerbach_bookB,1,0.9999982935194647,1.0,0.9999991467597323
organ_tablature,ammerbach_bookB,1,0.999935651406507,0.9784490657643549,0.989192358585431
organ_tablature,ammerbach_bookB,1,0.9999999538156686,1.0,0.9999999769078343
organ_tablature,ammerbach_bookB,1,0.999999124071253,1.0,0.9999995620356266
organ_tablature,ammerbach_bookB,1,0.9999995674770167,0.9967535964955875,0.9983765819863021
organ_tablature,ammerbach_bookB,1,0.9999999987927375,1.0,0.9999999993963687
organ_tablature,ammerbach_bookB,1,0.9999999973950606,1.0,0.9999999986975303
organ_tablature,ammerbach_bookB,1,0.9999922398175294,1.0,0.9999961199087647
organ_tablature,ammerbach_bookB,1,0.999986849014452,1.0,0.999993424507226
organ_tablature,ammerbach_bookB,1,0.9999928024092035,1.0,0.9999964012046018
organ_tablature,ammerbach_bookB,1,0.9999999775658127,1.0,0.9999999887829063
organ_tablature,ammerbach_bookB,1,0.999999999944819,0.9962755610972569,0.998137780521038
organ_tablature,ammerbach_bookB,1,0.9999999829540552,1.0,0.9999999914770277
organ_tablature,ammerbach_bookB,1,0.9999999884794738,1.0,0.9999999942397368
organ_tablature,ammerbach_bookB,1,0.999999988512618,1.0,0.9999999942563089
organ_tablature,ammerbach_bookB,1,0.9997348759159199,1.0,0.99986743795796
organ_tablature,ammerbach_bookB,1,0.9999826232958022,1.0,0.9999913116479011
organ_tablature,ammerbach_bookB,1,0.9999270549317034,1.0,0.9999635274658517
organ_tablature,ammerbach_bookB,1,0.9999953180482689,1.0,0.9999976590241344
organ_tablature,ammerbach_bookB,1,0.9999842681112714,1.0,0.9999921340556357
organ_tablature,ammerbach_bookB,1,0.999999998584183,1.0,0.9999999992920915
organ_tablature,ammerbach_bookB,1,0.9999999997368731,0.9875827144135912,0.9937913570752321
organ_tablature,ammerbach_bookB,1,0.9999998095797028,0.9967535964955875,0.9983767030376451
organ_tablature,ammerbach_bookB,1,0.9998720469257139,0.9756523452151189,0.9877621960704164
organ_tablature,ammerbach_bookB,1,0.9999923191251571,1.0,0.9999961595625786
organ_tablature,ammerbach_bookB,1,0.9999998818893623,0.9967535964955875,0.9983767391924749
organ_tablature,ammerbach_bookB,1,0.9999995645179123,0.9857373278799254,0.9928684461989188
organ_tablature,ammerbach_bookB,1,0.9999986241324895,1.0,0.9999993120662447
organ_tablature,ammerbach_bookB,1,0.9999999788086436,1.0,0.9999999894043218
organ_tablature,ammerbach_bookB,1,0.9999999998840494,1.0,0.9999999999420247
organ_tablature,ammerbach_bookB,1,0.9999999996317459,0.9962755610972569,0.9981377803645014
organ_tablature,ammerbach_bookB,1,0.9999999993239923,0.9963221629065375,0.9981610811152649
organ_tablature,ammerbach_bookB,1,0.9999999998463305,0.9981402743142145,0.9990701370802725
organ_tablature,ammerbach_bookB,1,0.9999999997429883,0.9856285740093312,0.9928142868761598
organ_tablature,ammerbach_bookB,1,0.9999999912601473,1.0,0.9999999956300736
organ_tablature,ammerbach_bookB,1,0.9999997670674613,1.0,0.9999998835337307
organ_tablature,ammerbach_bookB,1,0.9999992471062735,1.0,0.9999996235531368
organ_tablature,ammerbach_bookB,1,0.9999952304403742,1.0,0.999997615220187
organ_tablature,ammerbach_bookB,1,0.9999929943022524,1.0,0.9999964971511262
organ_tablature,ammerbach_bookB,1,0.9999999916405066,1.0,0.9999999958202532
organ_tablature,ammerbach_bookB,1,0.999999999706978,1.0,0.999999999853489
organ_tablature,ammerbach_bookB,1,0.9999999999830542,0.9962755610972569,0.9981377805401556
organ_tablature,ammerbach_bookB,1,0.9999999996342794,1.0,0.9999999998171397
organ_tablature,ammerbach_bookB,1,0.9999999718456866,0.9962761845386534,0.99813807819217
organ_tablature,ammerbach_bookB,1,0.9999999923585964,1.0,0.9999999961792982
organ_tablature,ammerbach_bookB,1,0.9999999687847495,1.0,0.9999999843923748
organ_tablature,ammerbach_bookB,1,0.9999998998047541,1.0,0.9999999499023771
organ_tablature,ammerbach_bookB,1,0.9999999992316846,1.0,0.9999999996158423
organ_tablature,ammerbach_bookB,1,0.9999952625413899,0.9823003968767597,0.9911478297090748
organ_tablature,ammerbach_bookB,1,0.9999262264007523,1.0,0.9999631132003761
organ_tablature,ammerbach_bookB,1,0.9999997535701491,1.0,0.9999998767850746
organ_tablature,ammerbach_bookB,1,0.9999999693689292,1.0,0.9999999846844646
organ_tablature,ammerbach_bookB,1,0.9999999718963676,1.0,0.9999999859481838
organ_tablature,ammerbach_bookB,1,0.999999985285505,1.0,0.9999999926427525
organ_tablature,ammerbach_bookB,1,0.9999999460404267,1.0,0.9999999730202134
organ_tablature,ammerbach_bookB,1,0.999999901608884,1.0,0.9999999508044419
organ_tablature,ammerbach_bookB,1,0.9999999849921495,1.0,0.9999999924960747
organ_tablature,ammerbach_bookB,1,0.9999998725588244,0.9947535964955875,0.997376734527206
organ_tablature,ammerbach_bookB,1,0.9999999968670035,1.0,0.9999999984335017
organ_tablature,ammerbach_bookB,1,0.9999999999929594,1.0,0.9999999999964797
organ_tablature,ammerbach_bookB,1,0.9999999990207875,1.0,0.9999999995103938
organ_tablature,ammerbach_bookB,1,0.9999999988410708,0.9943748050542369,0.9971874019476539
organ_tablature,ammerbach_bookB,1,0.9999999946549758,1.0,0.9999999973274879
organ_tablature,ammerbach_bookB,1,0.9999999458668258,1.0,0.9999999729334129
organ_tablature,ammerbach_bookB,1,0.9999989379296652,0.9930603470117689,0.9965296424707171
organ_tablature,ammerbach_bookB,1,0.9999997274733,1.0,0.9999998637366501
organ_tablature,ammerbach_bookB,1,0.9999998600121976,1.0,0.9999999300060989
organ_tablature,ammerbach_bookB,1,0.9999999557469936,1.0,0.9999999778734968
organ_tablature,ammerbach_bookB,1,0.9999967998382936,1.0,0.9999983999191469
organ_tablature,ammerbach_bookB,1,0.9999999891805861,1.0,0.9999999945902931
organ_tablature,ammerbach_bookB,1,0.9999999999933473,0.9962755610972569,0.9981377805453021
organ_tablature,ammerbach_bookB,1,0.9999999954452101,1.0,0.9999999977226051
organ_tablature,ammerbach_bookB,1,0.9999999961785733,1.0,0.9999999980892866
organ_tablature,ammerbach_bookB,1,0.9999993484148202,1.0,0.9999996742074101
organ_tablature,ammerbach_bookB,1,0.999997581493615,1.0,0.9999987907468075
organ_tablature,ammerbach_bookB,1,0.9999988009942463,1.0,0.9999994004971231
organ_tablature,ammerbach_bookB,1,0.9999997339097801,0.9981546134663342,0.9990771736880572
organ_tablature,ammerbach_bookB,1,0.9999997511591494,1.0,0.9999998755795747
organ_tablature,ammerbach_bookB,1,0.9999984262939227,1.0,0.9999992131469613
organ_tablature,ammerbach_bookB,1,0.9999871525071744,1.0,0.9999935762535872
organ_tablature,ammerbach_bookB,1,0.9999999989662542,1.0,0.9999999994831271
organ_tablature,ammerbach_bookB,1,0.9999999966850368,0.9960948835230294,0.9980474401040331
organ_tablature,ammerbach_bookB,1,0.999999985808856,1.0,0.999999992904428
organ_tablature,ammerbach_bookB,1,0.9999997867355361,1.0,0.9999998933677681
organ_tablature,ammerbach_bookB,1,0.9999996307990879,1.0,0.999999815399544
organ_tablature,ammerbach_bookB,1,0.9999999986868155,1.0,0.9999999993434078
organ_tablature,ammerbach_bookB,1,0.9999988488425797,1.0,0.9999994244212899
organ_tablature,ammerbach_bookB,1,0.9999550122730224,0.9981546134663342,0.9990548128696783
organ_tablature,ammerbach_bookB,1,0.9999996460389693,0.9980465419747716,0.9990230940068705
organ_tablature,ammerbach_bookB,1,0.9999999995008191,1.0,0.9999999997504095
organ_tablature,ammerbach_bookB,1,0.9999999973345359,1.0,0.999999998667268
organ_tablature,ammerbach_bookB,1,0.9999999992771511,0.9856285740093312,0.9928142866432412
organ_tablature,ammerbach_bookB,1,0.9999999189990233,1.0,0.9999999594995117
organ_tablature,ammerbach_bookB,1,0.9999502956736236,1.0,0.9999751478368117
organ_tablature,ammerbach_bookB,1,0.999876234526984,1.0,0.999938117263492
organ_tablature,ammerbach_bookB,1,0.9998138089526838,0.9964449489098625,0.9981293789312731
organ_tablature,ammerbach_bookB,1,0.9999999818960584,0.9983719279082469,0.9991859549021527
organ_tablature,ammerbach_bookB,1,0.999999989128107,1.0,0.9999999945640534
organ_tablature,ammerbach_bookB,1,0.999999981278224,1.0,0.9999999906391119
organ_tablature,ammerbach_bookB,1,0.9999999377717238,1.0,0.9999999688858618
organ_tablature,ammerbach_bookB,1,0.9999999682902988,1.0,0.9999999841451495
organ_tablature,ammerbach_bookB,1,0.9999998094271944,1.0,0.9999999047135972
organ_tablature,ammerbach_bookB,1,0.999991170208353,1.0,0.9999955851041765
organ_tablature,ammerbach_bookB,1,0.9999993797488548,1.0,0.9999996898744274
organ_tablature,ammerbach_bookB,1,0.9999999991356059,1.0,0.9999999995678029
organ_tablature,ammerbach_bookB,1,0.9999999060151599,1.0,0.9999999530075799
organ_tablature,ammerbach_bookB,1,0.9999999858186996,1.0,0.9999999929093498
organ_tablature,ammerbach_bookB,1,0.9999999085363963,1.0,0.9999999542681981
organ_tablature,ammerbach_bookB,1,0.9999998390411761,1.0,0.999999919520588
organ_tablature,ammerbach_bookB,1,0.9999999777263748,1.0,0.9999999888631874
organ_tablature,ammerbach_bookB,1,0.9999999976318199,1.0,0.99999999881591
organ_tablature,ammerbach_bookB,1,0.9999992823092115,1.0,0.9999996411546057
organ_tablature,ammerbach_bookB,1,0.999999810370152,0.9875585169740626,0.9937791636721073
organ_tablature,ammerbach_bookB,1,0.9999999829083496,1.0,0.9999999914541748
organ_tablature,ammerbach_bookB,1,0.9999999841948535,0.9962755610972569,0.9981377726460552
organ_tablature,ammerbach_bookB,1,0.9999995451410015,0.9944705419589067,0.9972350435499542
organ_tablature,ammerbach_bookB,1,0.9999999999440781,1.0,0.999999999972039
organ_tablature,ammerbach_bookB,1,0.9999999999029243,0.9943748050542369,0.9971874024785806
organ_tablature,ammerbach_bookB,1,0.9999999977598368,1.0,0.9999999988799184
organ_tablature,ammerbach_bookB,1,0.9999996334152614,1.0,0.9999998167076307
organ_tablature,ammerbach_bookB,1,0.9999998539153381,1.0,0.999999926957669
organ_tablature,ammerbach_bookB,1,0.9999998326865229,1.0,0.9999999163432615
organ_tablature,ammerbach_bookB,1,0.999998314053709,1.0,0.9999991570268545
organ_tablature,ammerbach_bookB,1,0.9999994228147174,1.0,0.9999997114073587
organ_tablature,ammerbach_bookB,1,0.9999999997238305,1.0,0.9999999998619152
organ_tablature,ammerbach_bookB,1,0.9999999830784857,1.0,0.9999999915392428
organ_tablature,ammerbach_bookB,1,0.9999999582663208,1.0,0.9999999791331604
organ_tablature,ammerbach_bookB,1,0.9999999906247968,1.0,0.9999999953123984
organ_tablature,ammerbach_bookB,1,0.9999999815228148,1.0,0.9999999907614074
organ_tablature,ammerbach_bookB,1,0.9999998348027506,1.0,0.9999999174013753
organ_tablature,ammerbach_bookB,1,0.9999999005331491,1.0,0.9999999502665746
organ_tablature,ammerbach_bookB,1,0.9999999970736804,1.0,0.9999999985368402
organ_tablature,ammerbach_bookB,1,0.9999999580837862,1.0,0.9999999790418931
organ_tablature,ammerbach_bookB,1,0.9999594967525987,0.9965656517769466,0.9982625742647726
organ_tablature,ammerbach_bookB,1,0.9999999206628468,1.0,0.9999999603314234
organ_tablature,ammerbach_bookB,1,0.9999999992559967,1.0,0.9999999996279983
organ_tablature,ammerbach_bookB,1,0.9999999997726141,0.9930291575928443,0.9965145786827292
organ_tablature,ammerbach_bookB,1,0.9999999770708389,0.9912019415144164,0.9956009592926276
organ_tablature,ammerbach_bookB,1,0.9999998019869546,1.0,0.9999999009934772
organ_tablature,ammerbach_bookB,1,0.9999999441827212,1.0,0.9999999720913606
organ_tablature,ammerbach_bookB,1,0.9999999597477137,1.0,0.9999999798738568
organ_tablature,ammerbach_bookB,1,0.9999999594816106,1.0,0.9999999797408052
organ_tablature,ammerbach_bookB,1,0.9999994251293501,1.0,0.9999997125646751
organ_tablature,ammerbach_bookB,1,0.9999999318711683,0.9980992439569801,0.9990495879140742
organ_tablature,ammerbach_bookB,1,0.9999999867099725,1.0,0.9999999933549862
organ_tablature,ammerbach_bookB,1,0.9999999982814476,1.0,0.9999999991407238
organ_tablature,ammerbach_bookB,1,0.9999999961134547,1.0,0.9999999980567273
organ_tablature,ammerbach_bookB,1,0.9999999993600621,1.0,0.9999999996800311
organ_tablature,ammerbach_bookB,1,0.9999999971690625,1.0,0.9999999985845313
organ_tablature,ammerbach_bookB,1,0.9999999856674469,1.0,0.9999999928337234
organ_tablature,ammerbach_bookB,1,0.9999999977648235,1.0,0.9999999988824118
organ_tablature,ammerbach_bookB,1,0.9999996641277518,1.0,0.9999998320638759
organ_tablature,ammerbach_bookB,1,0.9999980919994436,1.0,0.9999990459997218
organ_tablature,ammerbach_bookB,1,0.9999790057552002,1.0,0.9999895028776
organ_tablature,ammerbach_bookB,1,0.9999999880051925,1.0,0.9999999940025963
organ_tablature,ammerbach_bookB,1,0.9999999984473764,0.9982610722610723,0.9991305353542244
organ_tablature,ammerbach_bookB,1,0.9999999309058217,1.0,0.9999999654529108
organ_tablature,ammerbach_bookB,1,0.9999991579574132,0.9963221629065375,0.9981606604319754
organ_tablature,ammerbach_bookB,1,0.9999999229709945,1.0,0.9999999614854973
organ_tablature,ammerbach_bookB,1,0.999999984103884,1.0,0.999999992051942
organ_tablature,ammerbach_bookB,1,0.9999999746962553,1.0,0.9999999873481277
organ_tablature,ammerbach_bookB,1,0.9999978556241118,1.0,0.9999989278120559
organ_tablature,ammerbach_bookB,1,0.9999929497313413,1.0,0.9999964748656707
organ_tablature,ammerbach_bookB,1,0.9999980363555937,0.9921891589591176,0.9960935976573557
organ_tablature,ammerbach_bookB,1,0.9999999781836091,1.0,0.9999999890918045
organ_tablature,ammerbach_bookB,1,0.9999999999458467,0.9980440442612281,0.9990220221035373
organ_tablature,ammerbach_bookB,1,0.9999999996780766,0.9943748050542369,0.9971874023661568
organ_tablature,ammerbach_bookB,1,0.9999990755513612,0.965345071711455,0.9826720736314081
organ_tablature,ammerbach_bookB,1,0.9999999781871349,0.9795908229840588,0.9897954005855969
organ_tablature,ammerbach_bookB,1,0.9999999997232321,0.9819041351065881,0.9909520674149102
organ_tablature,ammerbach_bookB,1,0.9999999941625846,1.0,0.9999999970812923
organ_tablature,ammerbach_bookB,1,0.9999999871208626,1.0,0.9999999935604313
organ_tablature,ammerbach_bookB,1,0.999999874191302,1.0,0.9999999370956509
organ_tablature,ammerbach_bookB,1,0.9999989938712628,1.0,0.9999994969356314
organ_tablature,ammerbach_bookB,1,0.9999999810953201,1.0,0.99999999054766
organ_tablature,ammerbach_bookB,1,0.9999994549254565,0.9947535964955875,0.997376525710522
organ_tablature,ammerbach_bookB,1,0.9999997957721423,0.9967535964955875,0.9983766961338649
organ_tablature,ammerbach_bookB,1,0.9999999755174119,1.0,0.999999987758706
organ_tablature,ammerbach_bookB,1,0.9999999645950174,1.0,0.9999999822975087
organ_tablature,ammerbach_bookB,1,0.9999999905915914,0.9967535964955875,0.9983767935435894
organ_tablature,ammerbach_bookB,1,0.9999999900320716,1.0,0.9999999950160359
organ_tablature,ammerbach_bookB,1,0.9999999921581914,1.0,0.9999999960790957
organ_tablature,ammerbach_bookB,1,0.9999993609269046,1.0,0.9999996804634523
organ_tablature,ammerbach_bookB,1,0.9999998044755012,0.9980948835230294,0.9990473439992653
organ_tablature,ammerbach_bookB,1,0.9999999587451976,0.9943221030720284,0.997161030908613
organ_tablature,ammerbach_bookB,1,0.9999961247637028,1.0,0.9999980623818514
organ_tablature,ammerbach_bookB,1,0.9999996126912468,0.970082139490023,0.9850408760906348
organ_tablature,ammerbach_bookB,1,0.9999999642752505,1.0,0.9999999821376253
organ_tablature,ammerbach_bookB,1,0.9999999903667937,1.0,0.9999999951833969
organ_tablature,ammerbach_bookB,1,0.9999999993956519,1.0,0.9999999996978259
organ_tablature,ammerbach_bookB,1,0.9999999253499192,1.0,0.9999999626749596
organ_tablature,ammerbach_bookB,1,0.9999999805326246,1.0,0.9999999902663124
organ_tablature,ammerbach_bookB,1,0.9999999730643295,1.0,0.9999999865321647
organ_tablature,ammerbach_bookB,1,0.9999999200735465,1.0,0.9999999600367733
organ_tablature,ammerbach_bookB,1,0.9999999972823419,1.0,0.999999998641171
organ_tablature,ammerbach_bookB,1,0.9999999923461264,1.0,0.9999999961730632
organ_tablature,ammerbach_bookB,1,0.9999999997035862,1.0,0.9999999998517931
organ_tablature,ammerbach_bookB,1,0.9999999898971613,0.9844089603211799,0.9922044751091705
organ_tablature,ammerbach_bookB,1,0.9999999976418481,0.9856285740093312,0.9928142858255897
organ_tablature,ammerbach_bookB,1,0.9999998627089635,1.0,0.9999999313544817
organ_tablature,ammerbach_bookB,1,0.9999999289816418,1.0,0.9999999644908208
organ_tablature,ammerbach_bookB,1,0.999997868851123,1.0,0.9999989344255615
organ_tablature,ammerbach_bookB,1,0.9999994670502239,1.0,0.999999733525112
organ_tablature,ammerbach_bookB,1,0.9999998174871836,1.0,0.9999999087435918
organ_tablature,ammerbach_bookB,1,0.9999999957366743,1.0,0.9999999978683372
organ_tablature,ammerbach_bookB,1,0.9999999999068327,1.0,0.9999999999534164
organ_tablature,ammerbach_bookB,1,0.9999999970768425,0.9947026746104026,0.9973513358436226
organ_tablature,ammerbach_bookB,1,0.9999999105884414,1.0,0.9999999552942207
organ_tablature,ammerbach_bookB,1,0.9999999989228299,1.0,0.9999999994614149
organ_tablature,ammerbach_bookB,1,0.9999999971127975,1.0,0.9999999985563988
organ_tablature,ammerbach_bookB,1,0.9999997727691271,1.0,0.9999998863845636
organ_tablature,ammerbach_bookB,1,0.9999995138901607,1.0,0.9999997569450804
organ_tablature,ammerbach_bookB,1,0.9999998199939029,1.0,0.9999999099969514
organ_tablature,ammerbach_bookB,1,0.9999980957617433,1.0,0.9999990478808716
organ_tablature,ammerbach_bookB,1,0.9999998490243133,1.0,0.9999999245121567
organ_tablature,ammerbach_bookB,1,0.9999999996007236,1.0,0.9999999998003618
organ_tablature,ammerbach_bookB,1,0.9999999995834952,0.9893482143776998,0.9946741069805975
organ_tablature,ammerbach_bookB,1,0.9999998643525427,0.9826139162451738,0.9913068902988582
organ_tablature,ammerbach_bookB,1,0.999999942235581,0.9856285740093312,0.9928142581224562
organ_tablature,ammerbach_bookB,1,0.9999994864679426,0.9856285740093312,0.9928140302386369
organ_tablature,ammerbach_bookB,1,0.9999989258645028,1.0,0.9999994629322514
organ_tablature,ammerbach_bookB,1,0.9999999908112921,1.0,0.999999995405646
organ_tablature,ammerbach_bookB,1,0.9999999999764069,1.0,0.9999999999882034
organ_tablature,ammerbach_bookB,1,0.9999999960447195,0.9962755610972569,0.9981377785709882
organ_tablature,ammerbach_bookB,1,0.999999967893442,1.0,0.9999999839467211
organ_tablature,ammerbach_bookB,1,0.9999608524181305,0.994506005678077,0.9972334290481037
organ_tablature,ammerbach_bookB,1,0.9999836811651186,1.0,0.9999918405825593
organ_tablature,ammerbach_bookB,1,0.9999999718190719,1.0,0.9999999859095359
organ_tablature,ammerbach_bookB,1,0.9999999997954927,1.0,0.9999999998977464
organ_tablature,ammerbach_bookB,1,0.9999999999327625,0.9962755610972569,0.9981377805150097
organ_tablature,ammerbach_bookB,1,0.999999998591532,1.0,0.999999999295766
organ_tablature,ammerbach_bookB,1,0.9999999955759054,1.0,0.9999999977879527
organ_tablature,ammerbach_bookB,1,0.9999999410965393,1.0,0.9999999705482696
organ_tablature,ammerbach_bookB,1,0.9999998133121437,1.0,0.9999999066560719
organ_tablature,ammerbach_bookB,1,0.9999999655869608,1.0,0.9999999827934805
organ_tablature,ammerbach_bookB,1,0.9999998402517178,1.0,0.9999999201258589
organ_tablature,ammerbach_bookB,1,0.9999984734950905,1.0,0.9999992367475452
organ_tablature,ammerbach_bookB,1,0.9999997235336053,1.0,0.9999998617668027
organ_tablature,ammerbach_bookB,1,0.999999999607402,1.0,0.999999999803701
organ_tablature,ammerbach_bookB,1,0.9999999993873852,1.0,0.9999999996936926
organ_tablature,ammerbach_bookB,1,0.9999999974739338,0.9877012743206094,0.9938506358972716
organ_tablature,ammerbach_bookB,1,0.9999999984469372,1.0,0.9999999992234686
organ_tablature,ammerbach_bookB,1,0.9999999900888666,1.0,0.9999999950444334
organ_tablature,ammerbach_bookB,1,0.9999999768650562,1.0,0.9999999884325281
organ_tablature,ammerbach_bookB,1,0.9999998885602983,1.0,0.9999999442801492
organ_tablature,ammerbach_bookB,1,0.9999989460302334,1.0,0.9999994730151167
organ_tablature,ammerbach_bookB,1,0.9999168579354566,1.0,0.9999584289677284
organ_tablature,ammerbach_bookB,1,0.9999896085268885,1.0,0.9999948042634442
organ_tablature,ammerbach_bookB,1,0.9999999991825115,1.0,0.9999999995912557
organ_tablature,ammerbach_bookB,1,0.9999999977651497,1.0,0.9999999988825748
organ_tablature,ammerbach_bookB,1,0.9999999410161063,1.0,0.9999999705080531
organ_tablature,ammerbach_bookB,1,0.9999976939852364,1.0,0.9999988469926182
organ_tablature,ammerbach_bookB,1,0.9999975056684058,1.0,0.9999987528342029
organ_tablature,ammerbach_bookB,1,0.999999985264578,1.0,0.999999992632289
organ_tablature,ammerbach_bookB,1,0.9999999997512423,1.0,0.9999999998756212
organ_tablature,ammerbach_bookB,1,0.9999999995951319,0.998076711441981,0.9990383555185565
organ_tablature,ammerbach_bookB,1,0.9999999780716176,0.9843560284121067,0.9921780032418621
organ_tablature,ammerbach_bookB,1,0.9999999952694951,0.9963221629065375,0.9981610790880163
organ_tablature,ammerbach_bookB,1,0.9999999960149455,0.9980992439569801,0.9990496199859629
organ_tablature,ammerbach_bookB,1,0.9999998741738415,1.0,0.9999999370869208
organ_tablature,ammerbach_bookB,1,0.9999907593266981,1.0,0.9999953796633491
organ_tablature,ammerbach_bookB,1,0.9999928586099827,1.0,0.9999964293049913
organ_tablature,ammerbach_bookB,1,0.9999904033529707,1.0,0.9999952016764854
organ_tablature,ammerbach_bookB,1,0.9999991870918543,1.0,0.9999995935459272
organ_tablature,ammerbach_bookB,1,0.9999999996989657,1.0,0.9999999998494828
organ_tablature,ammerbach_bookB,1,0.9999999999050855,0.9926336971825168,0.9963168485438012
organ_tablature,ammerbach_bookB,1,0.9999999612691455,0.9727979449492276,0.9863989531091866
organ_tablature,ammerbach_bookB,1,0.9999999949184466,1.0,0.9999999974592233
organ_tablature,ammerbach_bookB,1,0.9999999986748809,1.0,0.9999999993374404
organ_tablature,ammerbach_bookB,1,0.9999995203943675,1.0,0.9999997601971837
organ_tablature,ammerbach_bookB,1,0.9999965749776742,1.0,0.9999982874888371
organ_tablature,ammerbach_bookB,1,0.9999997796601828,1.0,0.9999998898300915
organ_tablature,ammerbach_bookB,1,0.9999982991150891,1.0,0.9999991495575445
organ_tablature,ammerbach_bookB,1,0.9999997934335674,1.0,0.9999998967167837
organ_tablature,ammerbach_bookB,1,0.9999999948868661,1.0,0.999999997443433
organ_tablature,ammerbach_bookB,1,0.9999999977209604,1.0,0.9999999988604802
organ_tablature,ammerbach_bookB,1,0.9999999997904205,1.0,0.9999999998952103
organ_tablature,ammerbach_bookB,1,0.9999999999360991,1.0,0.9999999999680496
organ_tablature,ammerbach_bookB,1,0.9999999881571856,1.0,0.9999999940785929
organ_tablature,ammerbach_bookB,1,0.9999924107435978,1.0,0.9999962053717989
organ_tablature,ammerbach_bookB,1,0.9999996405782448,1.0,0.9999998202891224
organ_tablature,ammerbach_bookB,1,0.999999997628302,1.0,0.999999998814151
organ_tablature,ammerbach_bookB,1,0.9999957408980199,0.9914257132233526,0.9957107270606862
organ_tablature,ammerbach_bookB,1,0.9999986055496894,1.0,0.9999993027748447
organ_tablature,ammerbach_bookB,1,0.9999999997360214,1.0,0.9999999998680107
organ_tablature,ammerbach_bookB,1,0.999999999909106,1.0,0.999999999954553
organ_tablature,ammerbach_bookB,1,0.9999999997992846,0.9943748050542369,0.9971874024267607
organ_tablature,ammerbach_bookB,1,0.9999999994267197,0.9963221629065375,0.9981610811666286
organ_tablature,ammerbach_bookB,1,0.9999999833539754,0.9963221629065375,0.9981610731302565
organ_tablature,ammerbach_bookB,1,0.9999998987575236,1.0,0.9999999493787618
organ_tablature,ammerbach_bookB,1,0.999999386346025,1.0,0.9999996931730125
organ_tablature,ammerbach_bookB,1,0.9999838614374741,1.0,0.999991930718737
organ_tablature,ammerbach_bookB,1,0.999963891650822,1.0,0.999981945825411
organ_tablature,ammerbach_bookB,1,0.9999939812642596,0.9943300377044485,0.9971620094843541
organ_tablature,ammerbach_bookB,1,0.9999999943617324,0.985194347516688,0.9925971709392102
organ_tablature,ammerbach_bookB,1,0.9999999999136764,1.0,0.9999999999568382
organ_tablature,ammerbach_bookB,1,0.9999999965068607,0.9911196506694769,0.9955598235881689
organ_tablature,ammerbach_bookB,1,0.9999996999526067,0.9664929817756864,0.9832463408641465
organ_tablature,ammerbach_bookB,1,0.9999999985814332,0.9805789236865594,0.9902894611339963
organ_tablature,ammerbach_bookB,1,0.9999999982663983,0.9962755610972569,0.9981377796818276
organ_tablature,ammerbach_bookB,1,0.9999999783248763,1.0,0.9999999891624382
organ_tablature,ammerbach_bookB,1,0.9999943999887901,0.9947747853002918,0.997384592644541
organ_tablature,ammerbach_bookB,1,0.9999999735692782,1.0,0.9999999867846391
organ_tablature,ammerbach_bookB,1,0.9999999983221821,1.0,0.9999999991610911
organ_tablature,ammerbach_bookB,1,0.9999999866643299,0.998456729527254,0.9992283580957919
organ_tablature,ammerbach_bookB,1,0.9999999988712838,0.9962755610972569,0.9981377799842703
organ_tablature,ammerbach_bookB,1,0.9999999983680172,1.0,0.9999999991840086
organ_tablature,ammerbach_bookB,1,0.9999999527706778,1.0,0.9999999763853389
organ_tablature,ammerbach_bookB,1,0.9999999005213641,1.0,0.999999950260682
organ_tablature,ammerbach_bookB,1,0.9999993175193073,1.0,0.9999996587596536
organ_tablature,ammerbach_bookB,1,0.9999977117434179,1.0,0.999998855871709
organ_tablature,ammerbach_bookB,1,0.9999989957742513,1.0,0.9999994978871256
organ_tablature,ammerbach_bookB,1,0.9999998726255854,1.0,0.9999999363127927
organ_tablature,ammerbach_bookB,1,0.9999999899904705,1.0,0.9999999949952352
organ_tablature,ammerbach_bookB,1,0.9999999993675226,1.0,0.9999999996837613
organ_tablature,ammerbach_bookB,1,0.9999999944516405,1.0,0.9999999972258202
organ_tablature,ammerbach_bookB,1,0.999999999317964,1.0,0.999999999658982
organ_tablature,ammerbach_bookB,1,0.9999998250203679,1.0,0.9999999125101839
organ_tablature,ammerbach_bookB,1,0.9999999715951647,1.0,0.9999999857975823
organ_tablature,ammerbach_bookB,1,0.9999999950821254,1.0,0.9999999975410627
organ_tablature,ammerbach_bookB,1,0.9999999944071585,1.0,0.9999999972035792
organ_tablature,ammerbach_bookB,1,0.9999998593333081,0.9942860602459662,0.9971429597896372
organ_tablature,ammerbach_bookB,1,0.9999995859085149,1.0,0.9999997929542574
organ_tablature,ammerbach_bookB,1,0.9999999996185478,1.0,0.9999999998092739
organ_tablature,ammerbach_bookB,1,0.9999999987685935,1.0,0.9999999993842967
organ_tablature,ammerbach_bookB,1,0.9999999575693277,1.0,0.9999999787846638
organ_tablature,ammerbach_bookB,1,0.999999465837863,1.0,0.9999997329189315
organ_tablature,ammerbach_bookB,1,0.9999997161320782,0.998,0.9989998580660391
organ_tablature,ammerbach_bookB,1,0.9999998904377039,0.998,0.9989999452188519
organ_tablature,ammerbach_bookB,1,0.9999992241205518,1.0,0.9999996120602759
organ_tablature,ammerbach_bookB,1,0.9999998343150517,1.0,0.9999999171575258
organ_tablature,ammerbach_bookB,1,0.999994379651433,1.0,0.9999971898257165
organ_tablature,ammerbach_bookB,1,0.9999892048075438,1.0,0.9999946024037719
organ_tablature,ammerbach_bookB,1,0.9999999976709328,0.9824050583147919,0.9912025279928623
organ_tablature,ammerbach_bookB,1,0.9999999997740392,0.9879596662348832,0.9939798330044611
organ_tablature,ammerbach_bookB,1,0.9999999968566484,1.0,0.9999999984283242
organ_tablature,ammerbach_bookB,1,0.9999999889218355,0.998,0.9989999944609178
organ_tablature,ammerbach_bookB,1,0.9999999500698777,1.0,0.9999999750349389
organ_tablature,ammerbach_bookB,1,0.9999999986776973,0.9799506770813597,0.9899753378795285
organ_tablature,ammerbach_bookB,1,0.9999999995607765,0.9856285740093312,0.9928142867850538
organ_tablature,ammerbach_bookB,1,0.9999989239404449,1.0,0.9999994619702224
organ_tablature,ammerbach_bookB,1,0.9999903868382699,1.0,0.9999951934191349
organ_tablature,ammerbach_bookB,1,0.9999983103341413,0.9877495217839907,0.9938739160590659
organ_tablature,ammerbach_bookB,1,0.9999999975214602,1.0,0.9999999987607301
organ_tablature,ammerbach_bookB,1,0.9999999999600213,1.0,0.9999999999800107
organ_tablature,ammerbach_bookB,1,0.9999999999901441,0.9949186289438645,0.9974593144670043
organ_tablature,ammerbach_bookB,1,0.9999999980765526,1.0,0.9999999990382763
organ_tablature,ammerbach_bookB,1,0.999999995450936,1.0,0.999999997725468
organ_tablature,ammerbach_bookB,1,0.9999999839574425,1.0,0.9999999919787212
organ_tablature,ammerbach_bookB,1,0.9999999957158117,1.0,0.9999999978579058
organ_tablature,ammerbach_bookB,1,0.9999989814353777,1.0,0.9999994907176888
organ_tablature,ammerbach_bookB,1,0.999967507709471,1.0,0.9999837538547355
organ_tablature,ammerbach_bookB,1,0.9999996127622502,1.0,0.9999998063811251
organ_tablature,ammerbach_bookB,1,0.999999995762785,1.0,0.9999999978813925
organ_tablature,ammerbach_bookB,1,0.9999999731757971,1.0,0.9999999865878986
organ_tablature,ammerbach_bookB,1,0.9999999541226335,1.0,0.9999999770613168
organ_tablature,ammerbach_bookB,1,0.9999999591136152,1.0,0.9999999795568075
organ_tablature,ammerbach_bookB,1,0.99999999738087,0.9856285740093312,0.9928142856951006
organ_tablature,ammerbach_bookB,1,0.9999999828604019,0.9856285740093312,0.9928142784348666
organ_tablature,ammerbach_bookB,1,0.9999991235478914,1.0,0.9999995617739457
organ_tablature,ammerbach_bookB,1,0.9999999094457128,1.0,0.9999999547228564
organ_tablature,ammerbach_bookB,1,0.9999999891601344,1.0,0.9999999945800673
organ_tablature,ammerbach_bookB,1,0.9999999918614374,0.9967535964955875,0.9983767941785124
organ_tablature,ammerbach_bookB,1,0.9999999987534816,1.0,0.9999999993767408
organ_tablature,ammerbach_bookB,1,0.9999999952212582,1.0,0.9999999976106291
organ_tablature,ammerbach_bookB,1,0.999999988162548,1.0,0.999999994081274
organ_tablature,ammerbach_bookB,1,0.9999997178418462,1.0,0.9999998589209231
organ_tablature,ammerbach_bookB,1,0.9999983721600205,1.0,0.9999991860800103
organ_tablature,ammerbach_bookB,1,0.9985074751111627,1.0,0.9992537375555813
organ_tablature,ammerbach_bookB,1,0.9999999201786415,1.0,0.9999999600893208
organ_tablature,ammerbach_bookB,1,0.999999998843371,0.9980992439569801,0.9990496214001756
organ_tablature,ammerbach_bookB,1,0.9999999402404312,1.0,0.9999999701202156
organ_tablature,ammerbach_bookB,1,0.9999999474909739,1.0,0.999999973745487
organ_tablature,ammerbach_bookB,1,0.999999984501202,1.0,0.999999992250601
organ_tablature,ammerbach_bookB,1,0.9999999972871711,1.0,0.9999999986435856
organ_tablature,ammerbach_bookB,1,0.9999999977130221,1.0,0.999999998856511
organ_tablature,ammerbach_bookB,1,0.9999999244044121,1.0,0.999999962202206
organ_tablature,ammerbach_bookB,1,0.9999999814681352,1.0,0.9999999907340675
organ_tablature,ammerbach_bookB,1,0.9999999903780049,0.9961868162889861,0.9980934033334955
organ_tablature,ammerbach_bookB,1,0.9999998956942155,0.9980465419747716,0.9990232188344936
organ_tablature,ammerbach_bookB,1,0.9999999342479057,0.9980992439569801,0.9990495891024429
organ_tablature,ammerbach_bookB,1,0.9999999995380482,1.0,0.9999999997690241
organ_tablature,ammerbach_bookB,1,0.9999999967965021,1.0,0.999999998398251
organ_tablature,ammerbach_bookB,1,0.9999999974197937,0.9980992439569801,0.999049620688387
organ_tablature,ammerbach_bookB,1,0.9999999972800655,1.0,0.9999999986400328
organ_tablature,ammerbach_bookB,1,0.9999991476092214,0.9981402743142145,0.9990697109617179
organ_tablature,ammerbach_bookB,1,0.9999956013443119,1.0,0.9999978006721559
organ_tablature,ammerbach_bookB,1,0.9999799455449606,1.0,0.9999899727724804
organ_tablature,ammerbach_bookB,1,0.9999974781906174,1.0,0.9999987390953087
organ_tablature,ammerbach_bookB,1,0.9999990736833174,0.998,0.9989995368416587
organ_tablature,ammerbach_bookB,1,0.9999999993868003,1.0,0.9999999996934001
organ_tablature,ammerbach_bookB,1,0.9999999997569124,0.9967535964955875,0.9983767981262499
organ_tablature,ammerbach_bookB,1,0.9999999900647053,1.0,0.9999999950323526
organ_tablature,ammerbach_bookB,1,0.9999999875402453,1.0,0.9999999937701227
organ_tablature,ammerbach_bookB,1,0.9999999480556292,1.0,0.9999999740278146
organ_tablature,ammerbach_bookB,1,0.9999996864533596,1.0,0.9999998432266798
organ_tablature,ammerbach_bookB,1,0.9999999953936087,1.0,0.9999999976968044
organ_tablature,ammerbach_bookB,1,0.9999989067448002,1.0,0.9999994533724001
organ_tablature,ammerbach_bookB,1,0.9999877178760093,1.0,0.9999938589380046
organ_tablature,ammerbach_bookB,1,0.9999998756209557,1.0,0.9999999378104778
organ_tablature,ammerbach_bookB,1,0.9999999784769973,1.0,0.9999999892384986
organ_tablature,ammerbach_bookB,1,0.999999670709229,0.9967535964955875,0.9983766336024082
organ_tablature,ammerbach_bookB,1,0.9999999001342326,1.0,0.9999999500671163
organ_tablature,ammerbach_bookB,1,0.9999999996259463,1.0,0.9999999998129732
organ_tablature,ammerbach_bookB,1,0.9999999423661183,0.9943221030720284,0.9971610227190734
organ_tablature,ammerbach_bookB,1,0.9999928223201977,1.0,0.9999964111600989
organ_tablature,ammerbach_bookB,1,0.9999578453995516,1.0,0.9999789226997757
organ_tablature,ammerbach_bookB,1,0.9999998494592699,0.9980948835230294,0.9990473664911497
organ_tablature,ammerbach_bookB,1,0.999999999810393,1.0,0.9999999999051965
organ_tablature,ammerbach_bookB,1,0.9999999989874435,1.0,0.9999999994937218
organ_tablature,ammerbach_bookB,1,0.9999999979503831,1.0,0.9999999989751915
organ_tablature,ammerbach_bookB,1,0.9999999831585723,1.0,0.9999999915792861
organ_tablature,ammerbach_bookB,1,0.9999999698311237,1.0,0.9999999849155619
organ_tablature,ammerbach_bookB,1,0.9999996075213645,1.0,0.9999998037606823
organ_tablature,ammerbach_bookB,1,0.9999245653239965,1.0,0.9999622826619983
organ_tablature,ammerbach_bookB,1,0.9999985313272889,1.0,0.9999992656636445
organ_tablature,ammerbach_bookB,1,0.999999998850547,1.0,0.9999999994252735
organ_tablature,ammerbach_bookB,1,0.9999999999165525,0.9930291575928443,0.9965145787546984
organ_tablature,ammerbach_bookB,1,0.9999999997867313,1.0,0.9999999998933656
organ_tablature,ammerbach_bookB,1,0.999999999324487,0.9967535964955875,0.9983767979100373
organ_tablature,ammerbach_bookB,1,0.9999999812014951,0.9914257132233526,0.9957128472124239
organ_tablature,ammerbach_bookB,1,0.999999507881988,1.0,0.9999997539409939
organ_tablature,ammerbach_bookB,1,0.9999952988852754,1.0,0.9999976494426377
organ_tablature,ammerbach_bookB,1,0.9999969541543983,1.0,0.9999984770771991
organ_tablature,ammerbach_bookB,1,0.9999911096579567,1.0,0.9999955548289783
organ_tablature,ammerbach_bookB,1,0.9999988722115547,1.0,0.9999994361057774
organ_tablature,ammerbach_bookB,1,0.9999999995159323,1.0,0.9999999997579662
organ_tablature,ammerbach_bookB,1,0.9999999997326923,1.0,0.9999999998663461
organ_tablature,ammerbach_bookB,1,0.9999999834979028,1.0,0.9999999917489514
organ_tablature,ammerbach_bookB,1,0.9999998865220916,1.0,0.9999999432610458
organ_tablature,ammerbach_bookB,1,0.9999981610005482,1.0,0.9999990805002741
organ_tablature,ammerbach_bookB,1,0.9999998078420186,1.0,0.9999999039210092
organ_tablature,ammerbach_bookB,1,0.9999997274551301,1.0,0.9999998637275651
organ_tablature,ammerbach_bookB,1,0.9998296932345397,1.0,0.9999148466172698
organ_tablature,ammerbach_bookB,1,0.9989011042727067,0.9948307869870883,0.9968659456298975
organ_tablature,ammerbach_bookB,1,0.9999997012067918,1.0,0.9999998506033959
organ_tablature,ammerbach_bookB,1,0.9999999999510545,1.0,0.9999999999755272
organ_tablature,ammerbach_bookB,1,0.9999999622500054,1.0,0.9999999811250027
organ_tablature,ammerbach_bookB,1,0.9999531854131978,1.0,0.9999765927065989
organ_tablature,ammerbach_bookB,1,0.9999711551028546,1.0,0.9999855775514273
organ_tablature,ammerbach_bookB,1,0.9999970513931041,1.0,0.999998525696552
organ_tablature,ammerbach_bookB,1,0.9999985889369118,1.0,0.9999992944684559
organ_tablature,ammerbach_bookB,1,0.9999999975369194,1.0,0.9999999987684597
organ_tablature,ammerbach_bookB,1,0.9999999999296558,0.9981402743142145,0.9990701371219352
organ_tablature,ammerbach_bookB,1,0.9999999955933916,1.0,0.9999999977966958
organ_tablature,ammerbach_bookB,1,0.9999999493815009,1.0,0.9999999746907504
organ_tablature,ammerbach_bookB,1,0.9999960842324167,0.9981546134663342,0.9990753488493754
organ_tablature,ammerbach_bookB,1,0.9999989912302834,1.0,0.9999994956151417
organ_tablature,ammerbach_bookB,1,0.9999994039627673,1.0,0.9999997019813837
organ_tablature,ammerbach_bookB,1,0.9999953583067804,1.0,0.9999976791533902
organ_tablature,ammerbach_bookB,1,0.9999995919558327,1.0,0.9999997959779163
organ_tablature,ammerbach_bookB,1,0.9999999988226589,0.9856285740093312,0.992814286415995
organ_tablature,ammerbach_bookB,1,0.9999999994536548,1.0,0.9999999997268274
organ_tablature,ammerbach_bookB,1,0.9999999488742526,1.0,0.9999999744371263
organ_tablature,ammerbach_bookB,1,0.9999999593898458,1.0,0.9999999796949228
organ_tablature,ammerbach_bookB,1,0.99999995377817,1.0,0.999999976889085
organ_tablature,ammerbach_bookB,1,0.9999999712682265,1.0,0.9999999856341133
organ_tablature,ammerbach_bookB,1,0.9999999326127335,1.0,0.9999999663063668
organ_tablature,ammerbach_bookB,1,0.9999998828117658,1.0,0.9999999414058829
organ_tablature,ammerbach_bookB,1,0.999999999795208,1.0,0.999999999897604
organ_tablature,ammerbach_bookB,1,0.9999999853846941,0.9962236234631093,0.9981118044239017
organ_tablature,ammerbach_bookB,1,0.9999994010803325,0.9876138864834166,0.9938066437818746
organ_tablature,ammerbach_bookB,1,0.9999999173578809,1.0,0.9999999586789404
organ_tablature,ammerbach_bookB,1,0.9999999929824368,1.0,0.9999999964912184
organ_tablature,ammerbach_bookB,1,0.999998106979552,1.0,0.999999053489776
organ_tablature,ammerbach_bookB,1,0.9999964914311312,1.0,0.9999982457155656
organ_tablature,ammerbach_bookB,1,0.9999998887969107,1.0,0.9999999443984553
organ_tablature,ammerbach_bookB,1,0.9999999984763686,0.9962755610972569,0.9981377797868127
organ_tablature,ammerbach_bookB,1,0.999999996631183,1.0,0.9999999983155915
organ_tablature,ammerbach_bookB,1,0.9999999984922552,0.9875827144135912,0.9937913564529233
organ_tablature,ammerbach_bookB,1,0.9999999850021248,0.9837831874756654,0.9918915862388951
organ_tablature,ammerbach_bookB,1,0.9999971311111082,1.0,0.9999985655555541
organ_tablature,ammerbach_bookB,1,0.999997031294077,1.0,0.9999985156470386
organ_tablature,ammerbach_bookB,1,0.9999834582571514,1.0,0.9999917291285757
organ_tablature,ammerbach_bookB,1,0.9999998959379173,1.0,0.9999999479689586
organ_tablature,ammerbach_bookB,1,0.9999999999489637,1.0,0.9999999999744819
organ_tablature,ammerbach_bookB,1,0.9999999999529117,1.0,0.9999999999764558
organ_tablature,ammerbach_bookB,1,0.9999999996598716,1.0,0.9999999998299358
organ_tablature,ammerbach_bookB,1,0.9999999998192173,0.9894592730170825,0.9947296364181499
organ_tablature,ammerbach_bookB,1,0.9999999995930453,1.0,0.9999999997965227
organ_tablature,ammerbach_bookB,1,0.9999999847026562,1.0,0.9999999923513281
organ_tablature,ammerbach_bookB,1,0.9999997710903907,1.0,0.9999998855451954
organ_tablature,ammerbach_bookB,1,0.9999802718210337,1.0,0.9999901359105168
organ_tablature,ammerbach_bookB,1,0.9999997725233432,1.0,0.9999998862616716
organ_tablature,ammerbach_bookB,1,0.9999999994753435,1.0,0.9999999997376717
organ_tablature,ammerbach_bookB,1,0.9999999999296163,0.9875827144135912,0.9937913571716037
organ_tablature,ammerbach_bookB,1,0.9999999999575546,1.0,0.9999999999787773
organ_tablature,ammerbach_bookB,1,0.9999999999170586,0.9981402743142145,0.9990701371156365
organ_tablature,ammerbach_bookB,1,0.9999999999538076,1.0,0.9999999999769038
organ_tablature,ammerbach_bookB,1,0.9999998211479326,0.9967535964955875,0.9983767088217601
organ_tablature,ammerbach_bookB,1,0.9999995910786121,0.9875827144135912,0.9937911527461016
organ_tablature,ammerbach_bookB,1,0.9999989069603658,0.9981440149625935,0.9990714609614797
organ_tablature,ammerbach_bookB,1,0.9999997258710981,1.0,0.9999998629355491
organ_tablature,ammerbach_bookB,1,0.9999999098305502,1.0,0.9999999549152752
organ_tablature,ammerbach_bookB,1,0.999999994923763,1.0,0.9999999974618815
organ_tablature,ammerbach_bookB,1,0.9999999979208742,1.0,0.9999999989604371
organ_tablature,ammerbach_bookB,1,0.9999999078291714,1.0,0.9999999539145856
organ_tablature,ammerbach_bookB,1,0.9999991496125216,1.0,0.9999995748062608
organ_tablature,ammerbach_bookB,1,0.9999340144174242,0.9799635016240335,0.9899487580207289
organ_tablature,ammerbach_bookB,1,0.9999730427716758,1.0,0.9999865213858379
organ_tablature,ammerbach_bookB,1,0.9999990358126878,1.0,0.9999995179063439
organ_tablature,ammerbach_bookB,1,0.9999851709191544,1.0,0.9999925854595773
organ_tablature,ammerbach_bookB,1,0.9999971446562133,0.9875827144135912,0.9937899295349022
organ_tablature,ammerbach_bookB,1,0.9999999993720745,0.9856285740093312,0.9928142866907028
organ_tablature,ammerbach_bookB,1,0.9999999999233642,0.982020882596464,0.9910104412599141
organ_tablature,ammerbach_bookB,1,0.9999999891461232,0.9839134610967661,0.9919567251214447
organ_tablature,ammerbach_bookB,1,0.9999999973602198,1.0,0.9999999986801099
organ_tablature,ammerbach_bookB,1,0.9999999749816135,1.0,0.9999999874908068
organ_tablature,ammerbach_bookB,1,0.9999999970738431,1.0,0.9999999985369216
organ_tablature,ammerbach_bookB,1,0.9999999492000599,1.0,0.9999999746000299
organ_tablature,ammerbach_bookB,1,0.9999993801049359,1.0,0.9999996900524679
organ_tablature,ammerbach_bookB,1,0.9999999488744074,0.9980465419747716,0.9990232454245895
organ_tablature,ammerbach_bookB,1,0.9999999996665363,1.0,0.9999999998332681
organ_tablature,ammerbach_bookB,1,0.9999999984391119,1.0,0.999999999219556
organ_tablature,ammerbach_bookB,1,0.9999999999103542,1.0,0.9999999999551771
organ_tablature,ammerbach_bookB,1,0.9999999998509128,0.9986430678466076,0.9993215338487602
organ_tablature,ammerbach_bookB,1,0.9999999945582816,0.9856285740093312,0.9928142842838064
organ_tablature,ammerbach_bookB,1,0.9999999791829244,1.0,0.9999999895914622
organ_tablature,ammerbach_bookB,1,0.9999983557784032,1.0,0.9999991778892017
organ_tablature,ammerbach_bookB,1,0.9999991918701232,1.0,0.9999995959350616
organ_tablature,ammerbach_bookB,1,0.9999996642862002,1.0,0.9999998321431001
organ_tablature,ammerbach_bookB,1,0.999999630340925,0.9790280589404834,0.9895138446407041
organ_tablature,ammerbach_bookB,1,0.999999977310856,0.9967535964955875,0.9983767869032217
organ_tablature,ammerbach_bookB,1,0.9999990351342035,1.0,0.9999995175671017
organ_tablature,ammerbach_bookB,1,0.9999999163488121,0.9980992439569801,0.9990495801528961
organ_tablature,ammerbach_bookB,1,0.9999999944510372,1.0,0.9999999972255186
organ_tablature,ammerbach_bookB,1,0.9999999714566473,1.0,0.9999999857283237
organ_tablature,ammerbach_bookB,1,0.9999982923543254,1.0,0.9999991461771627
organ_tablature,ammerbach_bookB,1,0.9999946320228882,1.0,0.9999973160114441
organ_tablature,ammerbach_bookB,1,0.9999996303431534,1.0,0.9999998151715768
organ_tablature,ammerbach_bookB,1,0.9999999999739313,0.9819041351065881,0.9909520675402597
organ_tablature,ammerbach_bookB,1,0.9999999999230009,1.0,0.9999999999615005
organ_tablature,ammerbach_bookB,1,0.9999999994374924,1.0,0.9999999997187462
organ_tablature,ammerbach_bookB,1,0.9999999995347959,1.0,0.999999999767398
organ_tablature,ammerbach_bookB,1,0.999999919144421,1.0,0.9999999595722104
organ_tablature,ammerbach_bookB,1,0.999999471023729,0.9985868320610687,0.9992931515423988
organ_tablature,ammerbach_bookB,1,0.9996693147908007,1.0,0.9998346573954003
organ_tablature,ammerbach_bookB,1,0.999999831408982,1.0,0.999999915704491
organ_tablature,ammerbach_bookB,1,0.9999999991767552,0.993072653280443,0.9965363262285991
organ_tablature,ammerbach_bookB,1,0.9999999994224611,1.0,0.9999999997112305
organ_tablature,ammerbach_bookB,1,0.9999999998909901,0.9819041351065881,0.9909520674987891
organ_tablature,ammerbach_bookB,1,0.9999999998637967,0.9856285740093312,0.9928142869365639
organ_tablature,ammerbach_bookB,1,0.9999999769125344,0.998456729527254,0.9992283532198942
organ_tablature,ammerbach_bookB,1,0.9999999798380399,1.0,0.99999998991902
organ_tablature,ammerbach_bookB,1,0.9999994045363167,1.0,0.9999997022681584
organ_tablature,ammerbach_bookB,1,0.9999966640837287,1.0,0.9999983320418644
organ_tablature,ammerbach_bookB,1,0.9994833692249243,1.0,0.9997416846124622
organ_tablature,ammerbach_bookB,1,0.9999959827119855,0.9980948835230294,0.9990454331175075
organ_tablature,ammerbach_bookB,1,0.9999999813575563,0.9875827144135912,0.9937913478855738
organ_tablature,ammerbach_bookB,1,0.9999998400153604,1.0,0.9999999200076801
organ_tablature,ammerbach_bookB,1,0.9999998966271739,1.0,0.999999948313587
organ_tablature,ammerbach_bookB,1,0.9999999978210952,1.0,0.9999999989105476
organ_tablature,ammerbach_bookB,1,0.9999999805564482,1.0,0.9999999902782242
organ_tablature,ammerbach_bookB,1,0.9999999139513028,1.0,0.9999999569756515
organ_tablature,ammerbach_bookB,1,0.9999996933560605,1.0,0.9999998466780302
organ_tablature,ammerbach_bookB,1,0.9999769729798713,1.0,0.9999884864899357
organ_tablature,ammerbach_bookB,1,0.9999998916920652,1.0,0.9999999458460326
organ_tablature,ammerbach_bookB,1,0.9999934919757246,1.0,0.9999967459878623
organ_tablature,ammerbach_bookB,1,0.9999999935424018,1.0,0.9999999967712009
organ_tablature,ammerbach_bookB,1,0.9999999990647792,1.0,0.9999999995323896
organ_tablature,ammerbach_bookB,1,0.9999999976314544,1.0,0.9999999988157272
organ_tablature,ammerbach_bookB,1,0.9999999415992039,1.0,0.9999999707996019
organ_tablature,ammerbach_bookB,1,0.9999992915771696,1.0,0.9999996457885848
organ_tablature,ammerbach_bookB,1,0.9999992690752264,1.0,0.9999996345376132
organ_tablature,ammerbach_bookB,1,0.9999999971966065,1.0,0.9999999985983032
organ_tablature,ammerbach_bookB,1,0.999999913034028,1.0,0.999999956517014
organ_tablature,ammerbach_bookB,1,0.9999998228749717,1.0,0.9999999114374858
organ_tablature,ammerbach_bookB,1,0.9999996266505686,0.9780499210383398,0.9890247738444542
organ_tablature,ammerbach_bookB,1,0.9999999587720966,1.0,0.9999999793860483
organ_tablature,ammerbach_bookB,1,0.999999738012838,1.0,0.999999869006419
organ_tablature,ammerbach_bookB,1,0.9999997887519636,1.0,0.9999998943759818
organ_tablature,ammerbach_bookB,1,0.9999999870214966,0.9875827144135912,0.993791350717544
organ_tablature,ammerbach_bookB,1,0.999999860725496,0.9967535964955875,0.9983767286105417
organ_tablature,ammerbach_bookB,1,0.9999982208392952,1.0,0.9999991104196476
organ_tablature,ammerbach_bookB,1,0.9999999386135126,1.0,0.9999999693067563
organ_tablature,ammerbach_bookB,1,0.9999890840555445,0.9665551425104085,0.9832721132829765
organ_tablature,ammerbach_bookB,1,0.9999999923362218,0.9932103260228414,0.9966051591795316
organ_tablature,ammerbach_bookB,1,0.9999999991953015,0.9837831874756654,0.9918915933354835
organ_tablature,ammerbach_bookB,1,0.9999999977495988,0.9967535964955875,0.9983767971225932
organ_tablature,ammerbach_bookB,1,0.9999997626945977,1.0,0.9999998813472988
organ_tablature,ammerbach_bookB,1,0.9999999980245635,1.0,0.9999999990122818
organ_tablature,ammerbach_bookB,1,0.9999999968031141,1.0,0.9999999984015571
organ_tablature,ammerbach_bookB,1,0.999998204792143,1.0,0.9999991023960715
organ_tablature,ammerbach_bookB,1,0.9999999910035865,1.0,0.9999999955017933
organ_tablature,ammerbach_bookB,1,0.9999999354784591,1.0,0.9999999677392295
organ_tablature,ammerbach_bookB,1,0.9999999977972454,0.9840853035365852,0.9920426506669153
organ_tablature,ammerbach_bookB,1,0.9999999975245404,1.0,0.9999999987622702
organ_tablature,ammerbach_bookB,1,0.9999999979085734,1.0,0.9999999989542867
organ_tablature,ammerbach_bookB,1,0.9999999971797717,1.0,0.9999999985898859
organ_tablature,ammerbach_bookB,1,0.9999999981226471,1.0,0.9999999990613235
organ_tablature,ammerbach_bookB,1,0.9999997519915771,1.0,0.9999998759957885
organ_tablature,ammerbach_bookB,1,0.9999977306758587,1.0,0.9999988653379294
organ_tablature,ammerbach_bookB,1,0.999998554437733,1.0,0.9999992772188665
organ_tablature,ammerbach_bookB,1,0.9999928584763381,1.0,0.9999964292381691
organ_tablature,ammerbach_bookB,1,0.9999975071289239,0.976412028957683,0.9882047680433035
organ_tablature,ammerbach_bookB,1,0.9999999997797018,0.9856285740093312,0.9928142868945165
organ_tablature,ammerbach_bookB,1,0.9999999998793947,1.0,0.9999999999396973
organ_tablature,ammerbach_bookB,1,0.9999999986448904,0.9967535964955875,0.9983767975702389
organ_tablature,ammerbach_bookB,1,0.9999999988098871,1.0,0.9999999994049436
organ_tablature,ammerbach_bookB,1,0.9999999963312296,1.0,0.9999999981656148
organ_tablature,ammerbach_bookB,1,0.999999897506224,1.0,0.9999999487531119
organ_tablature,ammerbach_bookB,1,0.9999832021602627,1.0,0.9999916010801313
organ_tablature,ammerbach_bookB,1,0.999993695558862,0.9980948835230294,0.9990442895409457
organ_tablature,ammerbach_bookB,1,0.9999999110625241,1.0,0.999999955531262
organ_tablature,ammerbach_bookB,1,0.9999998663679245,0.9809288149835033,0.9904643406757139
organ_tablature,ammerbach_bookB,1,0.9999999967942501,1.0,0.9999999983971251
organ_tablature,ammerbach_bookB,1,0.9999998967635146,1.0,0.9999999483817573
organ_tablature,ammerbach_bookB,1,0.9999999923168684,1.0,0.9999999961584343
organ_tablature,ammerbach_bookB,1,0.9999998781441992,1.0,0.9999999390720996
organ_tablature,ammerbach_bookB,1,0.9999999979525878,1.0,0.9999999989762939
organ_tablature,ammerbach_bookB,1,0.9999999999934095,0.9980992439569801,0.9990496219751948
organ_tablature,ammerbach_bookB,1,0.9999999990625179,1.0,0.999999999531259
organ_tablature,ammerbach_bookB,1,0.9999999996367717,1.0,0.9999999998183858
organ_tablature,ammerbach_bookB,1,0.999999999907569,1.0,0.9999999999537845
organ_tablature,ammerbach_bookB,1,0.99999999051696,1.0,0.9999999952584799
organ_tablature,ammerbach_bookB,1,0.9999996604474424,1.0,0.9999998302237212
organ_tablature,ammerbach_bookB,1,0.9999999830915834,1.0,0.9999999915457918
organ_tablature,ammerbach_bookB,1,0.9999999764630413,1.0,0.9999999882315207
organ_tablature,ammerbach_bookB,1,0.9999999990270036,0.998,0.9989999995135018
organ_tablature,ammerbach_bookB,1,0.9999999963621535,1.0,0.9999999981810768
organ_tablature,ammerbach_bookB,1,0.999999640689217,1.0,0.9999998203446085
organ_tablature,ammerbach_bookB,1,0.9999984160924215,1.0,0.9999992080462108
organ_tablature,ammerbach_bookB,1,0.9999999569163057,1.0,0.9999999784581528
organ_tablature,ammerbach_bookB,1,0.9999999121111083,1.0,0.9999999560555541
organ_tablature,ammerbach_bookB,1,0.999999228253642,1.0,0.999999614126821
organ_tablature,ammerbach_bookB,1,0.9999998003398612,1.0,0.9999999001699307
organ_tablature,ammerbach_bookB,1,0.9999999676746186,1.0,0.9999999838373093
organ_tablature,ammerbach_bookB,1,0.9999999548065102,1.0,0.9999999774032551
organ_tablature,ammerbach_bookB,1,0.9999999601164353,1.0,0.9999999800582177
organ_tablature,ammerbach_bookB,1,0.9999999651008634,1.0,0.9999999825504318
organ_tablature,ammerbach_bookB,1,0.9999999956141088,1.0,0.9999999978070544
organ_tablature,ammerbach_bookB,1,0.9999999987214678,0.993072653280443,0.9965363260009554
organ_tablature,ammerbach_bookB,1,0.9999999992747883,1.0,0.9999999996373942
organ_tablature,ammerbach_bookB,1,0.9999999790181009,1.0,0.9999999895090504
organ_tablature,ammerbach_bookB,1,0.9999999970038618,1.0,0.9999999985019309
organ_tablature,ammerbach_bookB,1,0.9999999838587952,1.0,0.9999999919293976
organ_tablature,ammerbach_bookB,1,0.9999984803527163,0.9875827144135912,0.9937905973831538
organ_tablature,ammerbach_bookB,1,0.9999999749130486,0.9980992439569801,0.9990496094350143
organ_tablature,ammerbach_bookB,1,0.9999999998562858,0.989194347516688,0.9945971736864869
organ_tablature,ammerbach_bookB,1,0.9999999994764244,0.9962755610972569,0.9981377802868406
organ_tablature,ammerbach_bookB,1,0.9999999910972776,0.9963221629065375,0.9981610770019076
organ_tablature,ammerbach_bookB,1,0.9999999907119111,0.9929700868058919,0.9964850387589015
organ_tablature,ammerbach_bookB,1,0.9999858154813915,0.9758353706021861,0.9879105930417889
organ_tablature,ammerbach_bookB,1,0.9999993444950188,1.0,0.9999996722475094
organ_tablature,ammerbach_bookB,1,0.9999999839911875,0.992800138470359,0.9964000612307733
organ_tablature,ammerbach_bookB,1,0.9999995839785639,1.0,0.999999791989282
organ_tablature,ammerbach_bookB,1,0.9999937659369151,1.0,0.9999968829684576
organ_tablature,ammerbach_bookB,1,0.9999999231409785,0.996325414387296,0.9981626687641373
organ_tablature,ammerbach_bookB,1,0.9999998126460417,0.9824579213522787,0.9912288669991602
organ_tablature,ammerbach_bookB,1,0.9999999599613987,1.0,0.9999999799806993
organ_tablature,ammerbach_bookB,1,0.9999999942934423,1.0,0.9999999971467212
organ_tablature,ammerbach_bookB,1,0.9999999675178126,1.0,0.9999999837589063
organ_tablature,ammerbach_bookB,1,0.9999999857368409,1.0,0.9999999928684205
organ_tablature,ammerbach_bookB,1,0.999999955149512,1.0,0.999999977574756
organ_tablature,ammerbach_bookB,1,0.999999349709139,1.0,0.9999996748545694
organ_tablature,ammerbach_bookB,1,0.9999999202324515,0.9856819583705714,0.9928409393015114
organ_tablature,ammerbach_bookB,1,0.9999999979965877,1.0,0.9999999989982938
organ_tablature,ammerbach_bookB,1,0.9999998715413879,1.0,0.9999999357706939
organ_tablature,ammerbach_bookB,1,0.9999999659611969,1.0,0.9999999829805984
organ_tablature,ammerbach_bookB,1,0.9999999996827689,1.0,0.9999999998413844
organ_tablature,ammerbach_bookB,1,0.9999999926705829,1.0,0.9999999963352915
organ_tablature,ammerbach_bookB,1,0.9999999471717679,1.0,0.999999973585884
organ_tablature,ammerbach_bookB,1,0.9999999951981402,0.9943221030720284,0.9971610491350843
organ_tablature,ammerbach_bookB,1,0.9999999999926734,1.0,0.9999999999963367
organ_tablature,ammerbach_bookB,1,0.999999999539154,0.9943748050542369,0.9971874022966954
organ_tablature,ammerbach_bookB,1,0.9999999951904823,0.9963221629065375,0.9981610790485099
organ_tablature,ammerbach_bookB,1,0.9999999998231255,1.0,0.9999999999115627
organ_tablature,ammerbach_bookB,1,0.9999999834242808,0.9981402743142145,0.9990701288692476
organ_tablature,ammerbach_bookB,1,0.9999998354063739,1.0,0.999999917703187
organ_tablature,ammerbach_bookB,1,0.9999996862494388,1.0,0.9999998431247195
organ_tablature,ammerbach_bookB,1,0.999999988351893,1.0,0.9999999941759465
organ_tablature,ammerbach_bookB,1,0.9999999942676272,0.9980992439569801,0.9990496191123037
organ_tablature,ammerbach_bookB,1,0.9999999998156044,0.9944189526184539,0.9972094762170292
organ_tablature,ammerbach_bookB,1,0.9999999695583806,1.0,0.9999999847791903
organ_tablature,ammerbach_bookB,1,0.9999999908616487,1.0,0.9999999954308243
organ_tablature,ammerbach_bookB,1,0.9999999914769567,1.0,0.9999999957384784
organ_tablature,ammerbach_bookB,1,0.99999992753676,1.0,0.9999999637683801
organ_tablature,ammerbach_bookB,1,0.9999999633491039,1.0,0.999999981674552
organ_tablature,ammerbach_bookB,1,0.9999993037391978,1.0,0.9999996518695988
organ_tablature,ammerbach_bookB,1,0.9999626914966262,1.0,0.9999813457483131
organ_tablature,ammerbach_bookB,1,0.9999997787880067,1.0,0.9999998893940034
organ_tablature,ammerbach_bookB,1,0.9999999973579365,1.0,0.9999999986789683
organ_tablature,ammerbach_bookB,1,0.9999999976009022,0.9962755610972569,0.9981377793490795
organ_tablature,ammerbach_bookB,1,0.999999987608582,1.0,0.9999999938042909
organ_tablature,ammerbach_bookB,1,0.9999999960127379,1.0,0.999999998006369
organ_tablature,ammerbach_bookB,1,0.9999998601029927,1.0,0.9999999300514963
organ_tablature,ammerbach_bookB,1,0.9999980092040259,1.0,0.999999004602013
organ_tablature,ammerbach_bookB,1,0.9999997997214068,1.0,0.9999998998607034
organ_tablature,ammerbach_bookB,1,0.9999999952857812,1.0,0.9999999976428906
organ_tablature,ammerbach_bookB,1,0.9999999949683545,0.9856285740093312,0.9928142844888428
organ_tablature,ammerbach_bookB,1,0.9999999303531779,0.9967535964955875,0.9983767634243828
organ_tablature,ammerbach_bookB,1,0.9999999624021944,1.0,0.9999999812010971
organ_tablature,ammerbach_bookB,1,0.9999999810527577,1.0,0.9999999905263788
organ_tablature,ammerbach_bookB,1,0.9999742658452657,1.0,0.9999871329226329
organ_tablature,ammerbach_bookB,1,0.9999932170760774,1.0,0.9999966085380387
organ_tablature,ammerbach_bookB,1,0.9999999081595954,1.0,0.9999999540797977
organ_tablature,ammerbach_bookB,1,0.9999999623221091,1.0,0.9999999811610545
organ_tablature,ammerbach_bookB,1,0.9999999941799609,0.9962755610972569,0.9981377776386089
organ_tablature,ammerbach_bookB,1,0.9999999921226029,1.0,0.9999999960613015
organ_tablature,ammerbach_bookB,1,0.9999999819080819,1.0,0.9999999909540409
organ_tablature,ammerbach_bookB,1,0.999997929024352,1.0,0.9999989645121761
organ_tablature,ammerbach_bookB,1,0.9999873531704133,0.9962494969893636,0.9981184250798885
organ_tablature,ammerbach_bookB,1,0.9999999502392867,0.9943221030720284,0.9971610266556575
organ_tablature,ammerbach_bookB,1,0.9999999994727873,1.0,0.9999999997363936
organ_tablature,ammerbach_bookB,1,0.9999994607835433,0.9947026746104026,0.997351067696973
organ_tablature,ammerbach_bookB,1,0.9999999956389729,1.0,0.9999999978194865
organ_tablature,ammerbach_bookB,1,0.999999996874132,0.9967535964955875,0.9983767966848598
organ_tablature,ammerbach_bookB,1,0.9999999185265156,0.9981546134663342,0.9990772659964249
organ_tablature,ammerbach_bookB,1,0.9999949193333668,0.9858444053070201,0.9929196623201935
organ_tablature,ammerbach_bookB,1,0.9998861360229405,0.968304592014123,0.9840953640185317
organ_tablature,ammerbach_bookB,1,0.9999668466017939,0.9962351541814191,0.9981010003916064
organ_tablature,ammerbach_bookB,1,0.9999999979101997,1.0,0.9999999989550998
organ_tablature,ammerbach_bookB,1,0.9999999929349097,1.0,0.9999999964674549
organ_tablature,ammerbach_bookB,1,0.9999999914846606,1.0,0.9999999957423302
organ_tablature,ammerbach_bookB,1,0.9999999903499056,1.0,0.9999999951749527
organ_tablature,ammerbach_bookB,1,0.9999999686798241,1.0,0.9999999843399121
organ_tablature,ammerbach_bookB,1,0.999999999301721,1.0,0.9999999996508605
organ_tablature,ammerbach_bookB,1,0.999999998986759,1.0,0.9999999994933795
organ_tablature,ammerbach_bookB,1,0.9999999684479511,1.0,0.9999999842239755
organ_tablature,ammerbach_bookB,1,0.9999999678665367,0.9943221030720284,0.9971610354692826
organ_tablature,ammerbach_bookB,1,0.9999999990628732,1.0,0.9999999995314366
organ_tablature,ammerbach_bookB,1,0.9999999964447366,1.0,0.9999999982223683
organ_tablature,ammerbach_bookB,1,0.9999999667704789,0.9962755610972569,0.9981377639338679
organ_tablature,ammerbach_bookB,1,0.9999999723721199,1.0,0.99999998618606
organ_tablature,ammerbach_bookB,1,0.9999999862773912,1.0,0.9999999931386956
organ_tablature,ammerbach_bookB,1,0.9999998380779802,1.0,0.9999999190389901
organ_tablature,ammerbach_bookB,1,0.9999999830750504,1.0,0.9999999915375253
organ_tablature,ammerbach_bookB,1,0.9999988013055372,1.0,0.9999994006527686
organ_tablature,ammerbach_bookB,1,0.9999994956326085,0.9962351541814191,0.9981173249070138
organ_tablature,ammerbach_bookB,1,0.9999999913730419,1.0,0.9999999956865209
organ_tablature,ammerbach_bookB,1,0.9999999962849748,1.0,0.9999999981424874
organ_tablature,ammerbach_bookB,1,0.9999999909886951,1.0,0.9999999954943475
organ_tablature,ammerbach_bookB,1,0.9999998415071252,1.0,0.9999999207535626
organ_tablature,ammerbach_bookB,1,0.9999978941405046,1.0,0.9999989470702523
organ_tablature,ammerbach_bookB,1,0.9999999965160007,1.0,0.9999999982580003
organ_tablature,ammerbach_bookB,1,0.9999999999984504,1.0,0.9999999999992252
organ_tablature,ammerbach_bookB,1,0.9999999999966467,0.9962755610972569,0.9981377805469518
organ_tablature,ammerbach_bookB,1,0.9999999987250823,0.9963221629065375,0.9981610808158099
organ_tablature,ammerbach_bookB,1,0.9999999975163323,0.9980483660130719,0.9990241817647021
organ_tablature,ammerbach_bookB,1,0.9999999958616317,1.0,0.9999999979308158
organ_tablature,ammerbach_bookB,1,0.9999999644261733,1.0,0.9999999822130867
organ_tablature,ammerbach_bookB,1,0.9999999452373628,1.0,0.9999999726186815
organ_tablature,ammerbach_bookB,1,0.9999995846022907,1.0,0.9999997923011453
organ_tablature,ammerbach_bookB,1,0.999997052112115,1.0,0.9999985260560575
organ_tablature,ammerbach_bookB,1,0.9999999917122028,1.0,0.9999999958561014
organ_tablature,ammerbach_bookB,1,0.9999999972292497,1.0,0.9999999986146249
organ_tablature,ammerbach_bookB,1,0.9999999987536983,1.0,0.9999999993768491
organ_tablature,ammerbach_bookB,1,0.9999999927389864,1.0,0.9999999963694932
organ_tablature,ammerbach_bookB,1,0.9999998626224833,0.9980465419747716,0.9990232022986274
organ_tablature,ammerbach_bookB,1,0.9999994123580385,1.0,0.9999997061790192
organ_tablature,ammerbach_bookB,1,0.9999943574382321,0.9980948835230294,0.9990446204806307
organ_tablature,ammerbach_bookB,1,0.9999999894623223,1.0,0.9999999947311611
organ_tablature,ammerbach_bookB,1,0.9999999957101544,0.9911675368034725,0.9955837662568134
organ_tablature,ammerbach_bookB,1,0.9999999417917061,0.9963221629065375,0.9981610523491218
organ_tablature,ammerbach_bookB,1,0.9999979012578575,0.9757861407535433,0.9878920210057004
organ_tablature,ammerbach_bookB,1,0.9999999199152794,1.0,0.9999999599576397
organ_tablature,ammerbach_bookB,1,0.9999999995752387,1.0,0.9999999997876193
organ_tablature,ammerbach_bookB,1,0.9999999972895011,0.9981402743142145,0.9990701358018578
organ_tablature,ammerbach_bookB,1,0.999999192882012,0.9934309853959671,0.9967150891389895
organ_tablature,ammerbach_bookB,1,0.9999992589864097,1.0,0.9999996294932049
organ_tablature,ammerbach_bookB,1,0.9999995354019742,0.9962351578372439,0.998117346619609
organ_tablature,ammerbach_bookB,1,0.9999999911634819,0.9967535964955875,0.9983767938295347
organ_tablature,ammerbach_bookB,1,0.9999999827673512,1.0,0.9999999913836757
organ_tablature,ammerbach_bookB,1,0.9999999743862744,1.0,0.9999999871931372
organ_tablature,ammerbach_bookB,1,0.9999998323404099,1.0,0.9999999161702049
organ_tablature,ammerbach_bookB,1,0.9999999913370675,1.0,0.9999999956685337
organ_tablature,ammerbach_bookB,1,0.9999999994629756,1.0,0.9999999997314878
organ_tablature,ammerbach_bookB,1,0.9999994883494021,0.991208563504882,0.995604025927142
organ_tablature,ammerbach_bookB,1,0.9999990507755496,0.9960483660130719,0.9980237083943108
organ_tablature,ammerbach_bookB,1,0.9999724889204527,1.0,0.9999862444602263
organ_tablature,ammerbach_bookB,1,0.9999998702469857,1.0,0.9999999351234928
organ_tablature,ammerbach_bookB,1,0.9999999782228988,1.0,0.9999999891114494
organ_tablature,ammerbach_bookB,1,0.9999998839559804,0.9967535964955875,0.9983767402257839
organ_tablature,ammerbach_bookB,1,0.9999511154069926,1.0,0.9999755577034963
organ_tablature,ammerbach_bookB,1,0.9999999155510428,1.0,0.9999999577755214
organ_tablature,ammerbach_bookB,1,0.9999999994706694,1.0,0.9999999997353347
organ_tablature,ammerbach_bookB,1,0.9999999926393839,1.0,0.9999999963196919
organ_tablature,ammerbach_bookB,1,0.9999999991272488,0.9962755610972569,0.9981377801122528
organ_tablature,ammerbach_bookB,1,0.9999999998902294,1.0,0.9999999999451147
organ_tablature,ammerbach_bookB,1,0.9999999897133972,0.9894592730170825,0.9947296313652398
organ_tablature,ammerbach_bookB,1,0.9999999796654095,1.0,0.9999999898327048
organ_tablature,ammerbach_bookB,1,0.999995526199423,1.0,0.9999977630997114
organ_tablature,ammerbach_bookB,1,0.9999999554162242,1.0,0.9999999777081121
organ_tablature,ammerbach_bookB,1,0.9999999569651247,1.0,0.9999999784825624
organ_tablature,ammerbach_bookB,1,0.9999999994464066,1.0,0.9999999997232033
organ_tablature,ammerbach_bookB,1,0.9999999800344062,0.9929992717765926,0.9964996259054995
organ_tablature,ammerbach_bookB,1,0.999999984581676,1.0,0.999999992290838
organ_tablature,ammerbach_bookB,1,0.9999999993142838,1.0,0.9999999996571419
organ_tablature,ammerbach_bookB,1,0.9999999878472149,1.0,0.9999999939236075
organ_tablature,ammerbach_bookB,1,0.9999995899950946,1.0,0.9999997949975473
organ_tablature,ammerbach_bookB,1,0.9999425908864071,1.0,0.9999712954432036
organ_tablature,ammerbach_bookB,1,0.9999998752400208,1.0,0.9999999376200104
organ_tablature,ammerbach_bookB,1,0.9999999721014555,1.0,0.9999999860507278
organ_tablature,ammerbach_bookB,1,0.9999999901860325,1.0,0.9999999950930163
organ_tablature,ammerbach_bookB,1,0.9999999960992996,1.0,0.9999999980496498
organ_tablature,ammerbach_bookB,1,0.9999999685551978,1.0,0.9999999842775988
organ_tablature,ammerbach_bookB,1,0.9999987148037522,1.0,0.9999993574018762
organ_tablature,ammerbach_bookB,1,0.9999796185484463,1.0,0.9999898092742232
organ_tablature,ammerbach_bookB,1,0.9999967191411927,0.9980465419747716,0.9990216305579822
organ_tablature,ammerbach_bookB,1,0.9999999540054251,1.0,0.9999999770027126
organ_tablature,ammerbach_bookB,1,0.9999999253729017,1.0,0.9999999626864509
organ_tablature,ammerbach_bookB,1,0.9999993745914374,0.9846580918614174,0.9923287332264275
organ_tablature,ammerbach_bookB,1,0.9999999963388917,1.0,0.9999999981694458
organ_tablature,ammerbach_bookB,1,0.9999999955685905,1.0,0.9999999977842953
organ_tablature,ammerbach_bookB,1,0.9999999643818079,1.0,0.999999982190904
organ_tablature,ammerbach_bookB,1,0.9999992532596197,1.0,0.9999996266298099
organ_tablature,ammerbach_bookB,1,0.9999999958096846,1.0,0.9999999979048423
organ_tablature,ammerbach_bookB,1,0.9999999999991562,1.0,0.9999999999995781
organ_tablature,ammerbach_bookB,1,0.9999999998521094,0.9962755610972569,0.9981377804746832
organ_tablature,ammerbach_bookB,1,0.9999999774009708,0.9963221629065375,0.9981610701537542
organ_tablature,ammerbach_bookB,1,0.9999999017431204,1.0,0.9999999508715602
organ_tablature,ammerbach_bookB,1,0.9999999999375537,1.0,0.9999999999687769
organ_tablature,ammerbach_bookB,1,0.9999999481969699,0.9817285003453429,0.9908642242711564
organ_tablature,ammerbach_bookB,1,0.9999989401189171,1.0,0.9999994700594586
organ_tablature,ammerbach_bookB,1,0.999456104597329,1.0,0.9997280522986645
organ_tablature,ammerbach_bookB,1,0.9999880716976871,1.0,0.9999940358488435
organ_tablature,ammerbach_bookB,1,0.9999999994521094,1.0,0.9999999997260547
organ_tablature,ammerbach_bookB,1,0.9999999029619365,1.0,0.9999999514809683
organ_tablature,ammerbach_bookB,1,0.9999995697707594,0.9950078140344069,0.9975036919025831
organ_tablature,ammerbach_bookB,1,0.9999999901399456,1.0,0.9999999950699727
organ_tablature,ammerbach_bookB,1,0.9999999999382172,1.0,0.9999999999691086
organ_tablature,ammerbach_bookB,1,0.9999999268976474,1.0,0.9999999634488237
organ_tablature,ammerbach_bookB,1,0.9999961525562393,0.9875076390301545,0.9937518957931969
organ_tablature,ammerbach_bookB,1,0.9999996822376166,1.0,0.9999998411188082
organ_tablature,ammerbach_bookB,1,0.9999966779530447,1.0,0.9999983389765223
organ_tablature,ammerbach_bookB,1,0.9999999581405183,1.0,0.9999999790702592
organ_tablature,ammerbach_bookB,1,0.9999999995744271,1.0,0.9999999997872135
organ_tablature,ammerbach_bookB,1,0.9999999990855482,1.0,0.9999999995427741
organ_tablature,ammerbach_bookB,1,0.9999999986741375,1.0,0.9999999993370687
organ_tablature,ammerbach_bookB,1,0.9999999749315616,1.0,0.9999999874657808
organ_tablature,ammerbach_bookB,1,0.9999999790409653,1.0,0.9999999895204826
organ_tablature,ammerbach_bookB,1,0.9999324342665336,0.9921332617725975,0.9960328480195655
organ_tablature,ammerbach_bookB,1,0.9999962454951391,1.0,0.9999981227475696
organ_tablature,ammerbach_bookB,1,0.9999995424579111,1.0,0.9999997712289556
organ_tablature,ammerbach_bookB,1,0.9999999969046434,1.0,0.9999999984523217
organ_tablature,ammerbach_bookB,1,0.9999999847509293,1.0,0.9999999923754647
organ_tablature,ammerbach_bookB,1,0.9999999538880177,1.0,0.9999999769440089
organ_tablature,ammerbach_bookB,1,0.9999999767301501,1.0,0.999999988365075
organ_tablature,ammerbach_bookB,1,0.9999993653916849,1.0,0.9999996826958424
organ_tablature,ammerbach_bookB,1,0.999964291222247,0.9921891589591176,0.9960767250906823
organ_tablature,ammerbach_bookB,1,0.9999683520991595,1.0,0.9999841760495798
organ_tablature,ammerbach_bookB,1,0.9999982069026903,0.9855827144135912,0.9927904606581408
organ_tablature,ammerbach_bookB,1,0.9999999968484174,0.9875827144135912,0.9937913556310043
organ_tablature,ammerbach_bookB,1,0.9999999969677484,1.0,0.9999999984838742
organ_tablature,ammerbach_bookB,1,0.9999999941194304,1.0,0.9999999970597152
organ_tablature,ammerbach_bookB,1,0.9999999929797381,1.0,0.999999996489869
organ_tablature,ammerbach_bookB,1,0.9999996399201032,0.9899774983101376,0.9949885691151203
organ_tablature,ammerbach_bookB,1,0.9999989239729447,1.0,0.9999994619864723
organ_tablature,ammerbach_bookB,1,0.9999998998591972,1.0,0.9999999499295986
organ_tablature,ammerbach_bookB,1,0.9999999150391722,0.9943221030720284,0.9971610090556002
organ_tablature,ammerbach_bookB,1,0.9999997686621205,0.9943221030720284,0.9971609358670744
organ_tablature,ammerbach_bookB,1,0.9999999999346678,1.0,0.9999999999673339
organ_tablature,ammerbach_bookB,1,0.9999999997917572,1.0,0.9999999998958786
organ_tablature,ammerbach_bookB,1,0.999999995775352,0.9963221629065375,0.9981610793409448
organ_tablature,ammerbach_bookB,1,0.999999987248768,0.9967535964955875,0.9983767918721778
organ_tablature,ammerbach_bookB,1,0.9999999834228168,1.0,0.9999999917114084
organ_tablature,ammerbach_bookB,1,0.9999999986268662,1.0,0.9999999993134331
organ_tablature,ammerbach_bookB,1,0.9999992817941437,1.0,0.9999996408970718
organ_tablature,ammerbach_bookB,1,0.9999881702447102,1.0,0.9999940851223551
organ_tablature,ammerbach_bookB,1,0.9999998255696267,1.0,0.9999999127848134
organ_tablature,ammerbach_bookB,1,0.9999999947851816,1.0,0.9999999973925908
organ_tablature,ammerbach_bookB,1,0.9999999932435404,1.0,0.9999999966217702
organ_tablature,ammerbach_bookB,1,0.9999999929710919,1.0,0.9999999964855459
organ_tablature,ammerbach_bookB,1,0.9999999993834672,1.0,0.9999999996917336
organ_tablature,ammerbach_bookB,1,0.999999990688243,1.0,0.9999999953441214
organ_tablature,ammerbach_bookB,1,0.9999988212626544,0.998,0.9989994106313271
organ_tablature,ammerbach_bookB,1,0.9999974822645531,1.0,0.9999987411322766
organ_tablature,ammerbach_bookB,1,0.9999999945328715,1.0,0.9999999972664357
organ_tablature,ammerbach_bookB,1,0.9999999994959459,1.0,0.9999999997479729
organ_tablature,ammerbach_bookB,1,0.9999999995200031,0.9930291575928443,0.9965145785564237
organ_tablature,ammerbach_bookB,1,0.9999999902360085,1.0,0.9999999951180043
organ_tablature,ammerbach_bookB,1,0.9999999613938687,1.0,0.9999999806969344
organ_tablature,ammerbach_bookB,1,0.9999999981621386,1.0,0.9999999990810693
organ_tablature,ammerbach_bookB,1,0.9999999862955271,1.0,0.9999999931477636
organ_tablature,ammerbach_bookB,1,0.9999999155845627,1.0,0.9999999577922813
organ_tablature,ammerbach_bookB,1,0.9999688569243316,0.9945508750927691,0.9972598660085503
organ_tablature,ammerbach_bookB,1,0.999975398292703,1.0,0.9999876991463514
organ_tablature,ammerbach_bookB,1,0.9999999188877865,1.0,0.9999999594438933
organ_tablature,ammerbach_bookB,1,0.999999999934772,0.9980992439569801,0.999049621945876
organ_tablature,ammerbach_bookB,1,0.9999999976355434,1.0,0.9999999988177717
organ_tablature,ammerbach_bookB,1,0.9999999738712726,1.0,0.9999999869356363
organ_tablature,ammerbach_bookB,1,0.9999999405887381,1.0,0.999999970294369
organ_tablature,ammerbach_bookB,1,0.9999987951975557,1.0,0.9999993975987779
organ_tablature,ammerbach_bookB,1,0.999989231209226,0.9963439335084139,0.9981665823588199
organ_tablature,ammerbach_bookB,1,0.9999989403122281,0.9533328550522231,0.9766658976822256
organ_tablature,ammerbach_bookB,1,0.9999984615069217,0.9875827144135912,0.9937905879602564
organ_tablature,ammerbach_bookB,1,0.9999928131669928,0.989352676876554,0.9946727450217734
organ_tablature,ammerbach_bookB,1,0.9999999786798848,1.0,0.9999999893399424
neume_aquitanian,"gabc:P-BRad 15, 026",1,0.9940197876420065,0.8369462621023441,0.9154830248721753
neume_aquitanian,"gabc:P-BRad 15, 026",1,0.9260736647126598,0.677684236484142,0.801878950598401
language_or_substitution,"gabc:P-BRad 15, 026",0,0.001430712551195177,0.0006378191040627505,0.0010342658276289638
language_or_substitution,"gabc:P-BRad 15, 026",0,9.498668534512283e-05,0.00044873926168673367,0.00027186297351592824
language_or_substitution,"gabc:P-BRad 15, 026",0,0.001430712551195177,0.0006378191040627505,0.0010342658276289638
language_or_substitution,"gabc:P-BRad 15, 026",0,9.498668534512283e-05,0.00044873926168673367,0.00027186297351592824
surface_null,"gabc:P-BRad 15, 026",0,0.00019543144794579757,0.0841243371454675,0.042159884296706654
surface_null,"gabc:P-BRad 15, 026",0,0.0007579447987029351,0.08745554118327735,0.04410674299099014
surface_null,"gabc:P-BRad 15, 026",0,0.04477064598566337,0.43670599241496705,0.24073831920031522
surface_null,"gabc:P-BRad 15, 026",0,0.4299954656296039,0.6289462898440076,0.5294708777368058
neume_aquitanian,"gabc:P-BRad 23, Bv",1,0.7660223938009953,0.5850856572852826,0.6755540255431389
neume_aquitanian,"gabc:P-BRad 23, Bv",1,0.611276755393858,0.5441783118389102,0.5777275336163841
language_or_substitution,"gabc:P-BRad 23, Bv",0,0.00026551985374103265,0.0003313482357527702,0.0002984340447469014
language_or_substitution,"gabc:P-BRad 23, Bv",0,1.3410784534885936e-05,4.146644712794769e-05,2.7438615831416814e-05
language_or_substitution,"gabc:P-BRad 23, Bv",0,0.00026551985374103265,0.0003313482357527702,0.0002984340447469014
language_or_substitution,"gabc:P-BRad 23, Bv",0,1.3410784534885936e-05,4.146644712794769e-05,2.7438615831416814e-05
surface_null,"gabc:P-BRad 23, Bv",0,8.801735598529523e-07,0.01771426164560052,0.008857570909580186
surface_null,"gabc:P-BRad 23, Bv",0,0.00010629324377320707,0.004117634069843234,0.0021119636568082203
surface_null,"gabc:P-BRad 23, Bv",0,0.00010035204011521611,0.04032383000614997,0.02021209102313259
surface_null,"gabc:P-BRad 23, Bv",0,0.00032623237380720836,0.09805491497537394,0.04919057367459057
neume_aquitanian,"gabc:P-BRad Pastas 015, 023",1,0.5040739561893447,0.5800741194886565,0.5420740378390005
neume_aquitanian,"gabc:P-BRad Pastas 015, 023",1,0.3250622402272806,0.43601205450990427,0.38053714736859245
language_or_substitution,"gabc:P-BRad Pastas 015, 023",0,6.599552777625738e-07,0.00015565031982942433,7.815513755359345e-05
language_or_substitution,"gabc:P-BRad Pastas 015, 023",0,5.043737886218144e-07,0.0,2.521868943109072e-07
language_or_substitution,"gabc:P-BRad Pastas 015, 023",0,6.599552777625738e-07,0.00015565031982942433,7.815513755359345e-05
language_or_substitution,"gabc:P-BRad Pastas 015, 023",0,5.043737886218144e-07,0.0,2.521868943109072e-07
surface_null,"gabc:P-BRad Pastas 015, 023",0,4.9984052807240956e-05,0.010998312539334393,0.005524148296070817
surface_null,"gabc:P-BRad Pastas 015, 023",0,7.375270435755763e-05,0.00709862395576181,0.0035861883300596837
surface_null,"gabc:P-BRad Pastas 015, 023",0,0.0020553537508874588,0.1273946631236705,0.06472500843727898
surface_null,"gabc:P-BRad Pastas 015, 023",0,0.004934544750210547,0.1113559795341304,0.05814526214217047
neume_aquitanian,"gabc:P-BRad Pastas 051, 157v",1,0.7983345150045505,0.6213436164334349,0.7098390657189928
neume_aquitanian,"gabc:P-BRad Pastas 051, 157v",1,0.9760146956355596,0.5139943907967872,0.7450045432161734
language_or_substitution,"gabc:P-BRad Pastas 051, 157v",0,6.462314774736564e-09,0.0,3.231157387368282e-09
language_or_substitution,"gabc:P-BRad Pastas 051, 157v",0,7.331611008400935e-07,0.0,3.6658055042004674e-07
language_or_substitution,"gabc:P-BRad Pastas 051, 157v",0,6.462314774736564e-09,0.0,3.231157387368282e-09
language_or_substitution,"gabc:P-BRad Pastas 051, 157v",0,7.331611008400935e-07,0.0,3.6658055042004674e-07
surface_null,"gabc:P-BRad Pastas 051, 157v",0,7.086768349725783e-05,0.007027043329987226,0.003548955506742242
surface_null,"gabc:P-BRad Pastas 051, 157v",0,2.5631364195014257e-05,0.004775116809629409,0.0024003740869122116
surface_null,"gabc:P-BRad Pastas 051, 157v",0,0.0003507115516435657,0.03704776828223321,0.01869923991693839
surface_null,"gabc:P-BRad Pastas 051, 157v",0,0.006342432127795285,0.06410323809504785,0.03522283511142157
neume_aquitanian,"gabc:P-BRad Pastas 077, Ar",1,0.5104226979986256,0.7233982027791939,0.6169104503889098
neume_aquitanian,"gabc:P-BRad Pastas 077, Ar",1,0.008020242735439694,0.3018692719180172,0.15494475732672847
language_or_substitution,"gabc:P-BRad Pastas 077, Ar",0,2.388186309374033e-06,0.0,1.1940931546870164e-06
language_or_substitution,"gabc:P-BRad Pastas 077, Ar",0,2.8077058392335576e-05,0.014777307448188304,0.00740269225329032
language_or_substitution,"gabc:P-BRad Pastas 077, Ar",0,2.388186309374033e-06,0.0,1.1940931546870164e-06
language_or_substitution,"gabc:P-BRad Pastas 077, Ar",0,2.8077058392335576e-05,0.014777307448188304,0.00740269225329032
surface_null,"gabc:P-BRad Pastas 077, Ar",0,0.0005265828983360315,0.027631265654780187,0.01407892427655811
surface_null,"gabc:P-BRad Pastas 077, Ar",0,0.00021174258847785657,0.038457383232295445,0.01933456291038665
surface_null,"gabc:P-BRad Pastas 077, Ar",0,0.08646183934066877,0.7174012093640314,0.4019315243523501
surface_null,"gabc:P-BRad Pastas 077, Ar",0,0.0008772961656005277,0.17130250473627665,0.08608990045093859
neume_aquitanian,"gabc:P-BRad Pastas 081, Ar",1,0.8938201733072306,0.5947828161779546,0.7443014947425926
neume_aquitanian,"gabc:P-BRad Pastas 081, Ar",1,0.31159630465440136,0.49183336347364864,0.401714834064025
neume_aquitanian,"gabc:P-BRad Pastas 081, Ar",1,0.05295906191236887,0.27255042343213015,0.1627547426722495
neume_aquitanian,"gabc:P-BRad Pastas 081, Ar",1,0.22029485756973569,0.24074860489999145,0.23052173123486358
language_or_substitution,"gabc:P-BRad Pastas 081, Ar",0,1.1631929206976174e-07,1.8721786647659775e-05,9.419052969864767e-06
language_or_substitution,"gabc:P-BRad Pastas 081, Ar",0,8.978061522345839e-07,5.922886931810219e-05,3.0063337735168388e-05
language_or_substitution,"gabc:P-BRad Pastas 081, Ar",0,2.3015601179742563e-08,0.0,1.1507800589871281e-08
language_or_substitution,"gabc:P-BRad Pastas 081, Ar",0,2.869035032242632e-07,0.0,1.434517516121316e-07
language_or_substitution,"gabc:P-BRad Pastas 081, Ar",0,1.1631929206976174e-07,1.8721786647659775e-05,9.419052969864767e-06
language_or_substitution,"gabc:P-BRad Pastas 081, Ar",0,8.978061522345839e-07,5.922886931810219e-05,3.0063337735168388e-05
language_or_substitution,"gabc:P-BRad Pastas 081, Ar",0,2.3015601179742563e-08,0.0,1.1507800589871281e-08
language_or_substitution,"gabc:P-BRad Pastas 081, Ar",0,2.869035032242632e-07,0.0,1.434517516121316e-07
surface_null,"gabc:P-BRad Pastas 081, Ar",0,0.038253664762862814,0.14263336268748986,0.09044351372517634
surface_null,"gabc:P-BRad Pastas 081, Ar",0,0.014227401902967594,0.2755435736419253,0.14488548777244645
surface_null,"gabc:P-BRad Pastas 081, Ar",0,6.305415360826045e-05,0.17694051772207847,0.08850178593784337
surface_null,"gabc:P-BRad Pastas 081, Ar",0,2.1023028967696197e-05,0.07242633035097645,0.036223676689972076
surface_null,"gabc:P-BRad Pastas 081, Ar",0,3.6541709641768784e-05,0.07986554747127045,0.039951044590456106
surface_null,"gabc:P-BRad Pastas 081, Ar",0,6.7373688798113715e-06,0.14694807353583567,0.07347740545235774
surface_null,"gabc:P-BRad Pastas 081, Ar",0,0.0009498969260026284,0.14066575244230273,0.07080782468415268
surface_null,"gabc:P-BRad Pastas 081, Ar",0,0.0033297945968488872,0.17590047558059782,0.08961513508872336
neume_aquitanian,"gabc:P-BRad Pastas 244, Ar",1,0.9996958552654839,0.6818017321519818,0.8407487937087328
neume_aquitanian,"gabc:P-BRad Pastas 244, Ar",1,0.9998261995763356,0.6650868866835612,0.8324565431299484
language_or_substitution,"gabc:P-BRad Pastas 244, Ar",0,4.921885466955791e-07,0.005233021394970996,0.002616756791758846
language_or_substitution,"gabc:P-BRad Pastas 244, Ar",0,1.1681421845575152e-06,0.002,0.0010005840710922789
language_or_substitution,"gabc:P-BRad Pastas 244, Ar",0,4.921885466955791e-07,0.005233021394970996,0.002616756791758846
language_or_substitution,"gabc:P-BRad Pastas 244, Ar",0,1.1681421845575152e-06,0.002,0.0010005840710922789
surface_null,"gabc:P-BRad Pastas 244, Ar",0,0.14306756027602954,0.26042786531294426,0.2017477127944869
surface_null,"gabc:P-BRad Pastas 244, Ar",0,0.04129622815519105,0.1212570331278334,0.08127663064151222
surface_null,"gabc:P-BRad Pastas 244, Ar",0,0.043446763382397474,0.22164249040245673,0.1325446268924271
surface_null,"gabc:P-BRad Pastas 244, Ar",0,0.006428924697722695,0.18934309586750736,0.09788601028261502
neume_aquitanian,"gabc:P-BRam Nº 010 Códices, Ar",1,0.15361769585743945,0.20229930693685325,0.17795850139714636
neume_aquitanian,"gabc:P-BRam Nº 010 Códices, Ar",1,0.008379463799056599,0.033398141979359836,0.02088880288920822
neume_aquitanian,"gabc:P-BRam Nº 010 Códices, Ar",1,0.02153965317204503,0.11016352010056431,0.06585158663630467
language_or_substitution,"gabc:P-BRam Nº 010 Códices, Ar",0,2.2349888302916565e-07,3.09042350247997e-05,1.5563866953914433e-05
language_or_substitution,"gabc:P-BRam Nº 010 Códices, Ar",0,1.3897538877657427e-08,6.282333464928969e-05,3.141861609408367e-05
language_or_substitution,"gabc:P-BRam Nº 010 Códices, Ar",0,1.5646316223303575e-08,0.0,7.823158111651788e-09
language_or_substitution,"gabc:P-BRam Nº 010 Códices, Ar",0,2.2349888302916565e-07,3.09042350247997e-05,1.5563866953914433e-05
language_or_substitution,"gabc:P-BRam Nº 010 Códices, Ar",0,1.3897538877657427e-08,6.282333464928969e-05,3.141861609408367e-05
language_or_substitution,"gabc:P-BRam Nº 010 Códices, Ar",0,1.5646316223303575e-08,0.0,7.823158111651788e-09
surface_null,"gabc:P-BRam Nº 010 Códices, Ar",0,4.103835748251255e-05,0.016749046417194036,0.008395042387338274
surface_null,"gabc:P-BRam Nº 010 Códices, Ar",0,5.4786553818479724e-05,0.017532007044787332,0.008793396799302905
surface_null,"gabc:P-BRam Nº 010 Códices, Ar",0,3.096805330609946e-05,0.016978858866777018,0.008504913460041558
surface_null,"gabc:P-BRam Nº 010 Códices, Ar",0,0.015184805973281599,0.1890100890686125,0.10209744752094704
surface_null,"gabc:P-BRam Nº 010 Códices, Ar",0,0.004614560412799668,0.0505472567286354,0.027580908570717533
surface_null,"gabc:P-BRam Nº 010 Códices, Ar",0,0.07569396147799476,0.05927416189209114,0.06748406168504295
neume_aquitanian,"gabc:P-G C 1152, Av",1,0.44418591375367544,0.4579454809471787,0.45106569735042706
neume_aquitanian,"gabc:P-G C 1152, Av",1,0.8943793439148667,0.5057766778749413,0.7000780108949041
language_or_substitution,"gabc:P-G C 1152, Av",0,5.199918927774681e-07,0.0,2.5999594638873403e-07
language_or_substitution,"gabc:P-G C 1152, Av",0,6.064556457687993e-07,0.0,3.0322782288439963e-07
language_or_substitution,"gabc:P-G C 1152, Av",0,5.199918927774681e-07,0.0,2.5999594638873403e-07
language_or_substitution,"gabc:P-G C 1152, Av",0,6.064556457687993e-07,0.0,3.0322782288439963e-07
surface_null,"gabc:P-G C 1152, Av",0,0.00033807766960601923,0.01438938681450911,0.0073637322420575645
surface_null,"gabc:P-G C 1152, Av",0,8.790534911092514e-05,0.017220481348778762,0.008654193348944843
surface_null,"gabc:P-G C 1152, Av",0,0.001162524689329954,0.05165126981179438,0.026406897250562167
surface_null,"gabc:P-G C 1152, Av",0,0.0028928378015346187,0.15782673036679432,0.08035978408416447
neume_aquitanian,"gabc:P-G N 328, Av",1,0.6880258031139816,0.5232714832530314,0.6056486431835065
neume_aquitanian,"gabc:P-G N 328, Av",1,0.9448937901201385,0.6889677756140885,0.8169307828671135
neume_aquitanian,"gabc:P-G N 328, Av",1,0.5605158523653059,0.5446227810411879,0.5525693167032468
neume_aquitanian,"gabc:P-G N 328, Av",1,0.10897945686583314,0.4141082763624017,0.26154386661411744
language_or_substitution,"gabc:P-G N 328, Av",0,2.4370453748025216e-07,0.03561494011156122,0.017807591908049352
language_or_substitution,"gabc:P-G N 328, Av",0,1.5131710532343546e-05,0.04957441653914443,0.024794774124838385
language_or_substitution,"gabc:P-G N 328, Av",0,3.393152561308511e-05,0.0031807498442173606,0.001607340684915223
language_or_substitution,"gabc:P-G N 328, Av",0,3.3424062837186825e-06,0.0002103604527846926,0.00010685142953420563
language_or_substitution,"gabc:P-G N 328, Av",0,2.4370453748025216e-07,0.03561494011156122,0.017807591908049352
language_or_substitution,"gabc:P-G N 328, Av",0,1.5131710532343546e-05,0.04957441653914443,0.024794774124838385
language_or_substitution,"gabc:P-G N 328, Av",0,3.393152561308511e-05,0.0031807498442173606,0.001607340684915223
language_or_substitution,"gabc:P-G N 328, Av",0,3.3424062837186825e-06,0.0002103604527846926,0.00010685142953420563
surface_null,"gabc:P-G N 328, Av",0,0.00036342767478794453,0.04977037920343003,0.02506690343910899
surface_null,"gabc:P-G N 328, Av",0,0.0028190060282890883,0.06071288536718092,0.031765945697735005
surface_null,"gabc:P-G N 328, Av",0,0.017001047662322705,0.4843121396856907,0.2506565936740067
surface_null,"gabc:P-G N 328, Av",0,0.015199713418130862,0.3499962670406121,0.18259799022937148
surface_null,"gabc:P-G N 328, Av",0,0.21580465758128592,0.6842773101697371,0.4500409838755115
surface_null,"gabc:P-G N 328, Av",0,0.12660522582259037,0.5102224120012239,0.3184138189119071
surface_null,"gabc:P-G N 328, Av",0,0.012900926266247704,0.3016210166091522,0.15726097143769996
surface_null,"gabc:P-G N 328, Av",0,0.0021477167107446333,0.21212730610124828,0.10713751140599645
neume_square,"gabc:P-BRs Ms. 028, 105v",1,0.9481282460601391,0.47006538416162763,0.7090968151108834
neume_square,"gabc:P-BRs Ms. 028, 105v",1,0.7300875274577197,0.5959462854737411,0.6630169064657303
neume_square,"gabc:P-BRs Ms. 028, 105v",1,0.9072689151156997,0.80138399216119,0.854326453638445
neume_square,"gabc:P-BRs Ms. 028, 105v",1,0.99674660750274,0.9098781353005457,0.9533123714016429
language_or_substitution,"gabc:P-BRs Ms. 028, 105v",0,1.8907128107850945e-07,5.3760080015002816e-05,2.697457564804066e-05
language_or_substitution,"gabc:P-BRs Ms. 028, 105v",0,6.997810119511321e-07,0.0,3.4989050597556606e-07
language_or_substitution,"gabc:P-BRs Ms. 028, 105v",0,6.31852526938867e-07,0.0,3.159262634694335e-07
language_or_substitution,"gabc:P-BRs Ms. 028, 105v",0,1.8834546003193416e-07,0.0,9.417273001596708e-08
language_or_substitution,"gabc:P-BRs Ms. 028, 105v",0,1.8907128107850945e-07,5.3760080015002816e-05,2.697457564804066e-05
language_or_substitution,"gabc:P-BRs Ms. 028, 105v",0,6.997810119511321e-07,0.0,3.4989050597556606e-07
language_or_substitution,"gabc:P-BRs Ms. 028, 105v",0,6.31852526938867e-07,0.0,3.159262634694335e-07
language_or_substitution,"gabc:P-BRs Ms. 028, 105v",0,1.8834546003193416e-07,0.0,9.417273001596708e-08
surface_null,"gabc:P-BRs Ms. 028, 105v",0,0.001265563734713193,0.04568554170720251,0.02347555272095785
surface_null,"gabc:P-BRs Ms. 028, 105v",0,7.297422260463662e-05,0.007772057211595732,0.0039225157171001845
surface_null,"gabc:P-BRs Ms. 028, 105v",0,4.749389991768331e-05,0.003212844398002699,0.001630169148960191
surface_null,"gabc:P-BRs Ms. 028, 105v",0,6.549922883918398e-05,0.005384789861978277,0.0027251445454087304
surface_null,"gabc:P-BRs Ms. 028, 105v",0,4.455947021258802e-05,0.010357319798895467,0.005200939634554027
surface_null,"gabc:P-BRs Ms. 028, 105v",0,0.0010990664064406636,0.13375534161642785,0.06742720401143426
surface_null,"gabc:P-BRs Ms. 028, 105v",0,5.730880220326748e-05,0.09277371215642598,0.04641551047931462
surface_null,"gabc:P-BRs Ms. 028, 105v",0,0.00013969752275882688,0.04048868659781978,0.020314192060289303
neume_square,"gabc:P-BRs Ms. 028, 18r",1,0.9960013138856538,0.6137222437976123,0.804861778841633
neume_square,"gabc:P-BRs Ms. 028, 18r",1,0.9351739964468204,0.7994729983570779,0.8673234974019491
neume_square,"gabc:P-BRs Ms. 028, 18r",1,0.9522749661512717,0.7315256946535821,0.8419003304024268
neume_square,"gabc:P-BRs Ms. 028, 18r",1,0.9966593309670334,0.8964612419423741,0.9465602864547038
language_or_substitution,"gabc:P-BRs Ms. 028, 18r",0,1.4419488545497926e-07,0.0,7.209744272748963e-08
language_or_substitution,"gabc:P-BRs Ms. 028, 18r",0,7.751465754448097e-07,0.0,3.8757328772240484e-07
language_or_substitution,"gabc:P-BRs Ms. 028, 18r",0,7.070973137527914e-07,0.0,3.535486568763957e-07
language_or_substitution,"gabc:P-BRs Ms. 028, 18r",0,3.1166228092849013e-07,0.0,1.5583114046424507e-07
language_or_substitution,"gabc:P-BRs Ms. 028, 18r",0,1.4419488545497926e-07,0.0,7.209744272748963e-08
language_or_substitution,"gabc:P-BRs Ms. 028, 18r",0,7.751465754448097e-07,0.0,3.8757328772240484e-07
language_or_substitution,"gabc:P-BRs Ms. 028, 18r",0,7.070973137527914e-07,0.0,3.535486568763957e-07
language_or_substitution,"gabc:P-BRs Ms. 028, 18r",0,3.1166228092849013e-07,0.0,1.5583114046424507e-07
surface_null,"gabc:P-BRs Ms. 028, 18r",0,0.004920182605535408,0.0035481507464196317,0.00423416667597752
surface_null,"gabc:P-BRs Ms. 028, 18r",0,0.00410622799629237,0.02155136745836976,0.012828797727331066
surface_null,"gabc:P-BRs Ms. 028, 18r",0,0.02461537268614883,0.06310047366601902,0.043857923176083925
surface_null,"gabc:P-BRs Ms. 028, 18r",0,0.008460675981662457,0.0074298336550220195,0.007945254818342238
surface_null,"gabc:P-BRs Ms. 028, 18r",0,0.0009766467454675697,0.06517285435100455,0.03307475054823606
surface_null,"gabc:P-BRs Ms. 028, 18r",0,6.0264359004115096e-05,0.08885587445374045,0.04445806940637228
surface_null,"gabc:P-BRs Ms. 028, 18r",0,0.002467601699748921,0.0801459803027271,0.04130679100123801
surface_null,"gabc:P-BRs Ms. 028, 18r",0,0.005776214167932156,0.2564694453266228,0.1311228297472775
neume_square,"gabc:P-BRs Ms. 028, 94r",1,0.277387854285052,0.2466180214939609,0.26200293788950646
neume_square,"gabc:P-BRs Ms. 028, 94r",1,0.896324205675599,0.6317876413638696,0.7640559235197343
language_or_substitution,"gabc:P-BRs Ms. 028, 94r",0,4.046816102297224e-07,0.0,2.023408051148612e-07
language_or_substitution,"gabc:P-BRs Ms. 028, 94r",0,4.240958651992605e-07,0.0,2.1204793259963025e-07
language_or_substitution,"gabc:P-BRs Ms. 028, 94r",0,4.046816102297224e-07,0.0,2.023408051148612e-07
language_or_substitution,"gabc:P-BRs Ms. 028, 94r",0,4.240958651992605e-07,0.0,2.1204793259963025e-07
surface_null,"gabc:P-BRs Ms. 028, 94r",0,9.346049733458967e-06,0.0020741928894189776,0.0010417694695762183
surface_null,"gabc:P-BRs Ms. 028, 94r",0,2.937901927050873e-06,0.00039914877109828233,0.00020104333651266662
surface_null,"gabc:P-BRs Ms. 028, 94r",0,1.561573144124671e-05,0.025624618459759118,0.012820117095600183
surface_null,"gabc:P-BRs Ms. 028, 94r",0,5.082588896800625e-06,0.021712487268994274,0.010858784928945537
neume_square,"gabc:P-BRs Ms. 032, 113v",1,0.9864685883414197,0.3590667012318106,0.6727676447866151
neume_square,"gabc:P-BRs Ms. 032, 113v",1,0.996206817881855,0.45429015264492134,0.7252484852633881
language_or_substitution,"gabc:P-BRs Ms. 032, 113v",0,6.086752088259428e-06,0.0025511159486904084,0.001278601350389334
language_or_substitution,"gabc:P-BRs Ms. 032, 113v",0,2.1359900999437307e-05,0.002240489585910575,0.001130924743455006
language_or_substitution,"gabc:P-BRs Ms. 032, 113v",0,6.086752088259428e-06,0.0025511159486904084,0.001278601350389334
language_or_substitution,"gabc:P-BRs Ms. 032, 113v",0,2.1359900999437307e-05,0.002240489585910575,0.001130924743455006
surface_null,"gabc:P-BRs Ms. 032, 113v",0,0.002663550111140695,0.08044097832232494,0.04155226421673282
surface_null,"gabc:P-BRs Ms. 032, 113v",0,0.0012144248214654972,0.05449074769473844,0.02785258625810197
surface_null,"gabc:P-BRs Ms. 032, 113v",0,0.3624240998628919,0.42670687818824987,0.39456548902557087
surface_null,"gabc:P-BRs Ms. 032, 113v",0,0.5895717698241897,0.33954430788081613,0.4645580388525029
neume_square,"gabc:P-BRs Ms. 032, 114r",1,0.08126274158160689,0.20331669705704167,0.14228971931932427
neume_square,"gabc:P-BRs Ms. 032, 114r",1,0.0921365674261472,0.1104443225439574,0.1012904449850523
language_or_substitution,"gabc:P-BRs Ms. 032, 114r",0,1.8145265064454648e-08,6.282333464928969e-05,3.142073995717707e-05
language_or_substitution,"gabc:P-BRs Ms. 032, 114r",0,4.2855549319314604e-07,9.244785007719028e-05,4.643820278519171e-05
language_or_substitution,"gabc:P-BRs Ms. 032, 114r",0,1.8145265064454648e-08,6.282333464928969e-05,3.142073995717707e-05
language_or_substitution,"gabc:P-BRs Ms. 032, 114r",0,4.2855549319314604e-07,9.244785007719028e-05,4.643820278519171e-05
surface_null,"gabc:P-BRs Ms. 032, 114r",0,0.0029204628047072643,0.16051358467823773,0.0817170237414725
surface_null,"gabc:P-BRs Ms. 032, 114r",0,0.0012050875709025252,0.20291473709906332,0.10205991233498292
surface_null,"gabc:P-BRs Ms. 032, 114r",0,9.731066905199956e-06,0.13203881784020266,0.06602427445355392
surface_null,"gabc:P-BRs Ms. 032, 114r",0,1.9038132998233845e-05,0.08336926367068127,0.041694150901839755
neume_square,"gabc:P-BRs Ms. 032, 116r",1,0.39888563770365704,0.3532742323806972,0.3760799350421771
neume_square,"gabc:P-BRs Ms. 032, 116r",1,0.3923636457997181,0.5100424413284513,0.4512030435640847
language_or_substitution,"gabc:P-BRs Ms. 032, 116r",0,2.4370453748025216e-07,0.03561494011156122,0.017807591908049352
language_or_substitution,"gabc:P-BRs Ms. 032, 116r",0,5.345199560067279e-07,0.03882785730236004,0.019414195911158023
language_or_substitution,"gabc:P-BRs Ms. 032, 116r",0,2.4370453748025216e-07,0.03561494011156122,0.017807591908049352
language_or_substitution,"gabc:P-BRs Ms. 032, 116r",0,5.345199560067279e-07,0.03882785730236004,0.019414195911158023
surface_null,"gabc:P-BRs Ms. 032, 116r",0,0.008813794658062759,0.18733372892715325,0.098073761792608
surface_null,"gabc:P-BRs Ms. 032, 116r",0,0.01823103696142508,0.2019157902452971,0.11007341360336109
surface_null,"gabc:P-BRs Ms. 032, 116r",0,0.15259903964354982,0.22113619583876662,0.18686761774115823
surface_null,"gabc:P-BRs Ms. 032, 116r",0,0.0031065839297504606,0.22410339107620744,0.11360498750297895
neume_square,"gabc:P-BRs Ms. 032, 116v",1,0.9818714780653766,0.6043925240317249,0.7931320010485507
neume_square,"gabc:P-BRs Ms. 032, 116v",1,0.9885324045157496,0.6550051848964271,0.8217687947060883
language_or_substitution,"gabc:P-BRs Ms. 032, 116v",0,1.3676841757813676e-05,0.0,6.838420878906838e-06
language_or_substitution,"gabc:P-BRs Ms. 032, 116v",0,7.886361850701951e-06,0.0,3.943180925350976e-06
language_or_substitution,"gabc:P-BRs Ms. 032, 116v",0,1.3676841757813676e-05,0.0,6.838420878906838e-06
language_or_substitution,"gabc:P-BRs Ms. 032, 116v",0,7.886361850701951e-06,0.0,3.943180925350976e-06
surface_null,"gabc:P-BRs Ms. 032, 116v",0,0.0008528515758272704,0.09731668780215683,0.04908476968899205
surface_null,"gabc:P-BRs Ms. 032, 116v",0,0.001010422134684505,0.1468797212492473,0.0739450716919659
surface_null,"gabc:P-BRs Ms. 032, 116v",0,0.086238111117187,0.5310297632882178,0.30863393720270244
surface_null,"gabc:P-BRs Ms. 032, 116v",0,0.04125526473853899,0.5774745452758335,0.3093649050071863
neume_square,"gabc:P-BRs Ms. 032, 301r",1,0.0043193962942799395,0.2297271003496459,0.11702324832196292
neume_square,"gabc:P-BRs Ms. 032, 301r",1,0.27876192079066203,0.24528793385654818,0.2620249273236051
neume_square,"gabc:P-BRs Ms. 032, 301r",1,0.6107226907619996,0.4521148879820704,0.531418789372035
language_or_substitution,"gabc:P-BRs Ms. 032, 301r",0,7.269035762072261e-06,0.0,3.6345178810361307e-06
language_or_substitution,"gabc:P-BRs Ms. 032, 301r",0,5.598313110748544e-07,0.0,2.799156555374272e-07
language_or_substitution,"gabc:P-BRs Ms. 032, 301r",0,1.3239909820434063e-06,0.0,6.619954910217031e-07
language_or_substitution,"gabc:P-BRs Ms. 032, 301r",0,7.269035762072261e-06,0.0,3.6345178810361307e-06
language_or_substitution,"gabc:P-BRs Ms. 032, 301r",0,5.598313110748544e-07,0.0,2.799156555374272e-07
language_or_substitution,"gabc:P-BRs Ms. 032, 301r",0,1.3239909820434063e-06,0.0,6.619954910217031e-07
surface_null,"gabc:P-BRs Ms. 032, 301r",0,3.873511494095257e-05,0.015980326741211685,0.00800953092807632
surface_null,"gabc:P-BRs Ms. 032, 301r",0,0.00026970135694571155,0.03207809235991148,0.016173896858428596
surface_null,"gabc:P-BRs Ms. 032, 301r",0,0.000226711715844961,0.028888000613562177,0.014557356164703569
surface_null,"gabc:P-BRs Ms. 032, 301r",0,0.0006183443837255657,0.15182803422662514,0.07622318930517535
surface_null,"gabc:P-BRs Ms. 032, 301r",0,0.0005719338696075801,0.11672719846693158,0.05864956616826958
surface_null,"gabc:P-BRs Ms. 032, 301r",0,0.0062033900282965635,0.1396850662475769,0.07294422813793673
neume_square,"gabc:P-BRs Ms. 032, 306r",1,0.9864346354975212,0.7321297390305369,0.859282187264029
neume_square,"gabc:P-BRs Ms. 032, 306r",1,0.997712487263582,0.7018709627023145,0.8497917249829483
language_or_substitution,"gabc:P-BRs Ms. 032, 306r",0,6.177806015162578e-07,0.01569935749753212,0.007849987639066818
language_or_substitution,"gabc:P-BRs Ms. 032, 306r",0,1.1773389562999678e-06,0.011419315910175889,0.005710246624566095
language_or_substitution,"gabc:P-BRs Ms. 032, 306r",0,6.177806015162578e-07,0.01569935749753212,0.007849987639066818
language_or_substitution,"gabc:P-BRs Ms. 032, 306r",0,1.1773389562999678e-06,0.011419315910175889,0.005710246624566095
surface_null,"gabc:P-BRs Ms. 032, 306r",0,0.0008288909996509146,0.11622502178952455,0.058526956394587736
surface_null,"gabc:P-BRs Ms. 032, 306r",0,0.0017250490396004254,0.16604652816798565,0.08388578860379303
surface_null,"gabc:P-BRs Ms. 032, 306r",0,0.08145358918962307,0.374082038231866,0.22776781371074453
surface_null,"gabc:P-BRs Ms. 032, 306r",0,0.05400947045047781,0.302286458885431,0.1781479646679544
neume_square,"gabc:P-BRs Ms. 034, 023",1,0.42699867197770675,0.6650124628971121,0.5460055674374095
neume_square,"gabc:P-BRs Ms. 034, 023",1,0.5602865111673959,0.463959852654689,0.5121231819110424
language_or_substitution,"gabc:P-BRs Ms. 034, 023",0,1.4982738239238591e-05,4.517810599478714e-05,3.0080422117012866e-05
language_or_substitution,"gabc:P-BRs Ms. 034, 023",0,1.3504611065885854e-05,0.0,6.752305532942927e-06
language_or_substitution,"gabc:P-BRs Ms. 034, 023",0,1.4982738239238591e-05,4.517810599478714e-05,3.0080422117012866e-05
language_or_substitution,"gabc:P-BRs Ms. 034, 023",0,1.3504611065885854e-05,0.0,6.752305532942927e-06
surface_null,"gabc:P-BRs Ms. 034, 023",0,0.00011168787671015002,0.0011689645633713897,0.0006403262200407699
surface_null,"gabc:P-BRs Ms. 034, 023",0,0.0001816106568261045,0.0015690180416118068,0.0008753143492189557
surface_null,"gabc:P-BRs Ms. 034, 023",0,0.006335392174708466,0.027491353823529862,0.016913372999119165
surface_null,"gabc:P-BRs Ms. 034, 023",0,0.00885949524318079,0.04040541424021983,0.02463245474170031
neume_square,"gabc:P-BRs Ms. 034, 027",1,0.7130106350690165,0.43708749259887236,0.5750490638339445
neume_square,"gabc:P-BRs Ms. 034, 027",1,0.1280440095605339,0.16684236349222223,0.14744318652637806
language_or_substitution,"gabc:P-BRs Ms. 034, 027",0,0.00010024430733585659,0.00011965193612920361,0.0001099481217325301
language_or_substitution,"gabc:P-BRs Ms. 034, 027",0,3.2498124965236953e-06,0.004,0.002001624906248262
language_or_substitution,"gabc:P-BRs Ms. 034, 027",0,0.00010024430733585659,0.00011965193612920361,0.0001099481217325301
language_or_substitution,"gabc:P-BRs Ms. 034, 027",0,3.2498124965236953e-06,0.004,0.002001624906248262
surface_null,"gabc:P-BRs Ms. 034, 027",0,8.203824911248055e-05,0.004906383847699953,0.0024942110484062166
surface_null,"gabc:P-BRs Ms. 034, 027",0,0.0007354532761400778,0.01092505707364326,0.005830255174891669
surface_null,"gabc:P-BRs Ms. 034, 027",0,7.335075064595681e-06,0.027858859813763348,0.013933097444413971
surface_null,"gabc:P-BRs Ms. 034, 027",0,0.000115290441786096,0.015069528078413549,0.007592409260099822
neume_square,"gabc:P-BRs Ms. 034, 083",1,0.9701794569562692,0.7980679339910612,0.8841236954736652
neume_square,"gabc:P-BRs Ms. 034, 083",1,0.9983879317948546,0.7092570634540366,0.8538224976244456
language_or_substitution,"gabc:P-BRs Ms. 034, 083",0,1.7986428957240818e-06,0.0,8.993214478620409e-07
language_or_substitution,"gabc:P-BRs Ms. 034, 083",0,1.326171395368217e-05,0.0,6.630856976841085e-06
language_or_substitution,"gabc:P-BRs Ms. 034, 083",0,1.7986428957240818e-06,0.0,8.993214478620409e-07
language_or_substitution,"gabc:P-BRs Ms. 034, 083",0,1.326171395368217e-05,0.0,6.630856976841085e-06
surface_null,"gabc:P-BRs Ms. 034, 083",0,4.0417714519576274e-05,0.015556720098116874,0.007798568906318225
surface_null,"gabc:P-BRs Ms. 034, 083",0,0.00019153370468353532,0.0006857015214202687,0.000438617613051902
surface_null,"gabc:P-BRs Ms. 034, 083",0,0.0023655101249991446,0.2053039915253241,0.10383475082516162
surface_null,"gabc:P-BRs Ms. 034, 083",0,0.036721377860412574,0.16431297735934303,0.1005171776098778
neume_square,"gabc:P-BRs Ms. 034, 123",1,0.9569014499082727,0.6918883494884007,0.8243948996983368
neume_square,"gabc:P-BRs Ms. 034, 123",1,0.8130448661893442,0.384979195515297,0.5990120308523206
language_or_substitution,"gabc:P-BRs Ms. 034, 123",0,1.3922746580240794e-07,0.0,6.961373290120397e-08
language_or_substitution,"gabc:P-BRs Ms. 034, 123",0,1.016340490104099e-06,0.0002504517412427051,0.0001257340408664046
language_or_substitution,"gabc:P-BRs Ms. 034, 123",0,1.3922746580240794e-07,0.0,6.961373290120397e-08
language_or_substitution,"gabc:P-BRs Ms. 034, 123",0,1.016340490104099e-06,0.0002504517412427051,0.0001257340408664046
surface_null,"gabc:P-BRs Ms. 034, 123",0,0.0038274175904556822,0.0561203725626128,0.02997389507653424
surface_null,"gabc:P-BRs Ms. 034, 123",0,0.015032513322849207,0.02117031202665915,0.01810141267475418
surface_null,"gabc:P-BRs Ms. 034, 123",0,0.002048138423131747,0.14669035360160249,0.07436924601236712
surface_null,"gabc:P-BRs Ms. 034, 123",0,0.0006548514315479619,0.0739755032602565,0.03731517734590223
neume_square,"gabc:P-BRs Ms. 034, 278",1,0.9893784033858037,0.5657479406642476,0.7775631720250257
neume_square,"gabc:P-BRs Ms. 034, 278",1,0.945301185772378,0.7707486969231873,0.8580249413477826
neume_square,"gabc:P-BRs Ms. 034, 278",1,0.7995399755590398,0.7249600601699078,0.7622500178644738
neume_square,"gabc:P-BRs Ms. 034, 278",1,0.9904669595406035,0.8522967129602472,0.9213818362504254
language_or_substitution,"gabc:P-BRs Ms. 034, 278",0,2.039913485797067e-06,4.9837486457204777e-05,2.5938699971500922e-05
language_or_substitution,"gabc:P-BRs Ms. 034, 278",0,1.7130159072921993e-05,8.23956259920885e-05,4.976289253250525e-05
language_or_substitution,"gabc:P-BRs Ms. 034, 278",0,1.2741285329527646e-05,0.0,6.370642664763823e-06
language_or_substitution,"gabc:P-BRs Ms. 034, 278",0,5.240127744309313e-06,0.0,2.6200638721546563e-06
language_or_substitution,"gabc:P-BRs Ms. 034, 278",0,2.039913485797067e-06,4.9837486457204777e-05,2.5938699971500922e-05
language_or_substitution,"gabc:P-BRs Ms. 034, 278",0,1.7130159072921993e-05,8.23956259920885e-05,4.976289253250525e-05
language_or_substitution,"gabc:P-BRs Ms. 034, 278",0,1.2741285329527646e-05,0.0,6.370642664763823e-06
language_or_substitution,"gabc:P-BRs Ms. 034, 278",0,5.240127744309313e-06,0.0,2.6200638721546563e-06
surface_null,"gabc:P-BRs Ms. 034, 278",0,0.0010031008206083261,0.004436425672998585,0.0027197632468034553
surface_null,"gabc:P-BRs Ms. 034, 278",0,0.0006950584426259009,0.006417445814863857,0.0035562521287448787
surface_null,"gabc:P-BRs Ms. 034, 278",0,0.001770672406399033,0.00032861987103864886,0.0010496461387188409
surface_null,"gabc:P-BRs Ms. 034, 278",0,0.0002114474498195706,2.4756271223573228e-05,0.00011810186052157193
surface_null,"gabc:P-BRs Ms. 034, 278",0,0.00017513975780341327,0.033771758965859926,0.01697344936183167
surface_null,"gabc:P-BRs Ms. 034, 278",0,0.007990530358540582,0.3081656797437486,0.15807810505114459
surface_null,"gabc:P-BRs Ms. 034, 278",0,0.00121276743693117,0.04661232577844082,0.023912546607685995
surface_null,"gabc:P-BRs Ms. 034, 278",0,0.008116206165628205,0.06628031651641575,0.03719826134102198
neume_square,"gabc:P-BRs Ms. 034, 344",1,0.9998414706453871,0.7926681101632349,0.896254790404311
neume_square,"gabc:P-BRs Ms. 034, 344",1,0.9948841726105698,0.4761090415583019,0.7354966070844359
neume_square,"gabc:P-BRs Ms. 034, 344",1,0.5733583954626525,0.4897533190018839,0.5315558572322683
language_or_substitution,"gabc:P-BRs Ms. 034, 344",0,1.2244941222147905e-05,0.0003295355583918253,0.0001708902498069866
language_or_substitution,"gabc:P-BRs Ms. 034, 344",0,1.07712256828317e-05,0.010688034384431142,0.005349402805056987
language_or_substitution,"gabc:P-BRs Ms. 034, 344",0,2.2708262825942162e-07,0.00624753006951852,0.0031238785760733896
language_or_substitution,"gabc:P-BRs Ms. 034, 344",0,1.2244941222147905e-05,0.0003295355583918253,0.0001708902498069866
language_or_substitution,"gabc:P-BRs Ms. 034, 344",0,1.07712256828317e-05,0.010688034384431142,0.005349402805056987
language_or_substitution,"gabc:P-BRs Ms. 034, 344",0,2.2708262825942162e-07,0.00624753006951852,0.0031238785760733896
surface_null,"gabc:P-BRs Ms. 034, 344",0,1.0618748238825253e-05,0.002940914178409838,0.0014757664633243315
surface_null,"gabc:P-BRs Ms. 034, 344",0,5.997699335572402e-05,0.002425918575331643,0.0012429477843436834
surface_null,"gabc:P-BRs Ms. 034, 344",0,0.00012091490417224706,0.007426484791162817,0.0037736998476675322
surface_null,"gabc:P-BRs Ms. 034, 344",0,0.034214466668470285,0.11482596923735272,0.0745202179529115
surface_null,"gabc:P-BRs Ms. 034, 344",0,0.09035394933624065,0.20312529806727092,0.14673962370175578
surface_null,"gabc:P-BRs Ms. 034, 344",0,0.021274608844731802,0.2110018567289133,0.11613823278682256
language_or_substitution,gabc:siglum,0,0.9846886108630021,0.3750462626385026,0.6798674367507523
language_or_substitution,gabc:siglum,0,0.0003724909240929119,0.006439863729351673,0.0034061773267222927
language_or_substitution,gabc:siglum,0,9.249746883266412e-05,0.06480678604509969,0.03244964175696618
language_or_substitution,gabc:siglum,0,0.028717615005383366,0.1661607927795441,0.09743920389246373
language_or_substitution,gabc:siglum,0,0.04635455968923311,0.23137514574960533,0.13886485271941923
language_or_substitution,gabc:siglum,0,0.1418197037338687,0.20398573897877462,0.17290272135632168
language_or_substitution,gabc:siglum,0,0.9846886108630021,0.3750462626385026,0.6798674367507523
language_or_substitution,gabc:siglum,0,0.0003724909240929119,0.006439863729351673,0.0034061773267222927
language_or_substitution,gabc:siglum,0,9.249746883266412e-05,0.06480678604509969,0.03244964175696618
language_or_substitution,gabc:siglum,0,0.028717615005383366,0.1661607927795441,0.09743920389246373
language_or_substitution,gabc:siglum,0,0.04635455968923311,0.23137514574960533,0.13886485271941923
language_or_substitution,gabc:siglum,0,0.1418197037338687,0.20398573897877462,0.17290272135632168
surface_null,gabc:siglum,0,7.349764431766224e-06,0.005107693378707788,0.0025575215715697773
surface_null,gabc:siglum,0,4.519263439080677e-05,0.01044767710203862,0.005246434868214713
surface_null,gabc:siglum,0,0.0013077920872150016,0.05566595722261268,0.02848687465491384
surface_null,gabc:siglum,0,0.0007726549321006748,0.004915456904091098,0.0028440559180958865
surface_null,gabc:siglum,0,3.233096866112149e-05,0.0036653741006356347,0.001848852534648378
surface_null,gabc:siglum,0,0.0010153169267769397,0.011511166084813368,0.006263241505795154
surface_null,gabc:siglum,0,0.00282599810372208,0.032988537252036015,0.01790726767787905
surface_null,gabc:siglum,0,4.783049771388091e-05,0.01443539308966693,0.007241611793690405
surface_null,gabc:siglum,0,0.00021869836000008362,0.04506125172857544,0.02263997504428776
surface_null,gabc:siglum,0,0.0005035281644273398,0.04469501712829854,0.022599272646362942
surface_null,gabc:siglum,0,0.017339648119717797,0.058453577913089784,0.03789661301640379
surface_null,gabc:siglum,0,0.006831596463688329,0.0864461882438875,0.04663889235378792
