family,group,y,logistic,forest,ensemble
organ_tablature,ammerbach_bookA,1,0.999997779747776,1.0,0.9999988898738881
organ_tablature,ammerbach_bookA,1,0.999987785625737,1.0,0.9999938928128684
organ_tablature,ammerbach_bookA,1,0.9999976506331769,1.0,0.9999988253165885
organ_tablature,ammerbach_bookA,1,0.9999858578009214,0.9644053682290129,0.9821956130149672
organ_tablature,ammerbach_bookA,1,0.9999899858725325,0.9809269703219811,0.9904584780972567
organ_tablature,ammerbach_bookA,1,0.9998221010662421,1.0,0.999911050533121
organ_tablature,ammerbach_bookA,1,0.9999435133789807,1.0,0.9999717566894903
organ_tablature,ammerbach_bookA,1,0.9999816089235911,1.0,0.9999908044617956
organ_tablature,ammerbach_bookA,1,0.9999902230331144,1.0,0.9999951115165572
organ_tablature,ammerbach_bookA,1,0.9998245055993475,1.0,0.9999122527996738
organ_tablature,ammerbach_bookA,1,0.9998367514680233,1.0,0.9999183757340117
organ_tablature,ammerbach_bookA,1,0.9999099820355096,1.0,0.9999549910177548
organ_tablature,ammerbach_bookA,1,0.9999875348280406,1.0,0.9999937674140202
organ_tablature,ammerbach_bookA,1,0.9999695290110489,1.0,0.9999847645055244
organ_tablature,ammerbach_bookA,1,0.9998655443693888,1.0,0.9999327721846945
organ_tablature,ammerbach_bookA,1,0.9999499992882525,1.0,0.9999749996441263
organ_tablature,ammerbach_bookA,1,0.9999785649546892,1.0,0.9999892824773446
organ_tablature,ammerbach_bookA,1,0.9995379742785047,1.0,0.9997689871392523
organ_tablature,ammerbach_bookA,1,0.9997366878554298,1.0,0.999868343927715
organ_tablature,ammerbach_bookA,1,0.9981854506755121,1.0,0.9990927253377561
organ_tablature,ammerbach_bookA,1,0.9999699248812866,0.9906656119763069,0.9953177684287967
organ_tablature,ammerbach_bookA,1,0.9999855164323518,1.0,0.9999927582161758
organ_tablature,ammerbach_bookA,1,0.9999996224855665,1.0,0.9999998112427833
organ_tablature,ammerbach_bookA,1,0.9999993674520304,1.0,0.9999996837260152
organ_tablature,ammerbach_bookA,1,0.9999993447485219,1.0,0.999999672374261
organ_tablature,ammerbach_bookA,1,0.9999989830063531,1.0,0.9999994915031766
organ_tablature,ammerbach_bookA,1,0.9999474904074048,1.0,0.9999737452037024
organ_tablature,ammerbach_bookA,1,0.9999922753296046,1.0,0.9999961376648023
organ_tablature,ammerbach_bookA,1,0.9999709739647784,1.0,0.9999854869823892
organ_tablature,ammerbach_bookA,1,0.9999884392335405,1.0,0.9999942196167703
organ_tablature,ammerbach_bookA,1,0.999990191679916,1.0,0.9999950958399579
organ_tablature,ammerbach_bookA,1,0.9999881410874116,0.994035160157076,0.9970116506222438
organ_tablature,ammerbach_bookA,1,0.9999961288983813,1.0,0.9999980644491906
organ_tablature,ammerbach_bookA,1,0.9999906379169163,1.0,0.9999953189584582
organ_tablature,ammerbach_bookA,1,0.9999896321812248,1.0,0.9999948160906125
organ_tablature,ammerbach_bookA,1,0.9999681245158641,1.0,0.9999840622579321
organ_tablature,ammerbach_bookA,1,0.9999953243812217,1.0,0.9999976621906108
organ_tablature,ammerbach_bookA,1,0.9999929612697304,1.0,0.9999964806348651
organ_tablature,ammerbach_bookA,1,0.9999919075467496,1.0,0.9999959537733748
organ_tablature,ammerbach_bookA,1,0.9999703672194801,1.0,0.99998518360974
organ_tablature,ammerbach_bookA,1,0.9999929426335346,1.0,0.9999964713167673
organ_tablature,ammerbach_bookA,1,0.9999858109545967,1.0,0.9999929054772984
organ_tablature,ammerbach_bookA,1,0.9998962449506469,1.0,0.9999481224753235
organ_tablature,ammerbach_bookA,1,0.9997958876338913,1.0,0.9998979438169456
organ_tablature,ammerbach_bookA,1,0.9997952752290663,1.0,0.9998976376145332
organ_tablature,ammerbach_bookA,1,0.9995389943477322,1.0,0.9997694971738661
organ_tablature,ammerbach_bookA,1,0.999876985984875,1.0,0.9999384929924375
organ_tablature,ammerbach_bookA,1,0.9998347307223152,1.0,0.9999173653611576
organ_tablature,ammerbach_bookA,1,0.9999898123333377,1.0,0.9999949061666689
organ_tablature,ammerbach_bookA,1,0.9998186768611438,0.9985240706886045,0.9991713737748742
organ_tablature,ammerbach_bookA,1,0.9999988248679401,0.9165615492662929,0.9582801870671165
organ_tablature,ammerbach_bookA,1,0.9999539462287006,1.0,0.9999769731143503
organ_tablature,ammerbach_bookA,1,0.9999957414968653,1.0,0.9999978707484327
organ_tablature,ammerbach_bookA,1,0.9998154525025021,1.0,0.999907726251251
organ_tablature,ammerbach_bookA,1,0.9999676390393788,1.0,0.9999838195196894
organ_tablature,ammerbach_bookA,1,0.9999287736150907,1.0,0.9999643868075454
organ_tablature,ammerbach_bookA,1,0.9998714926902167,1.0,0.9999357463451084
organ_tablature,ammerbach_bookA,1,0.9997983037502225,1.0,0.9998991518751112
organ_tablature,ammerbach_bookA,1,0.9999362133574079,1.0,0.999968106678704
organ_tablature,ammerbach_bookA,1,0.9998226614825312,1.0,0.9999113307412656
organ_tablature,ammerbach_bookA,1,0.9999839777334343,0.998,0.9989919888667171
organ_tablature,ammerbach_bookA,1,0.9999346299060855,1.0,0.9999673149530428
organ_tablature,ammerbach_bookA,1,0.9898813175461665,1.0,0.9949406587730832
organ_tablature,ammerbach_bookA,1,0.9991921480381423,1.0,0.9995960740190711
organ_tablature,ammerbach_bookA,1,0.9997806837161763,1.0,0.9998903418580882
organ_tablature,ammerbach_bookA,1,0.9971907935871083,1.0,0.9985953967935541
organ_tablature,ammerbach_bookA,1,0.9974873021097832,1.0,0.9987436510548916
organ_tablature,ammerbach_bookA,1,0.9987132495183627,1.0,0.9993566247591814
organ_tablature,ammerbach_bookA,1,0.9998842615811762,1.0,0.999942130790588
organ_tablature,ammerbach_bookA,1,0.9995491547916588,1.0,0.9997745773958294
organ_tablature,ammerbach_bookA,1,0.9996322205715141,1.0,0.999816110285757
organ_tablature,ammerbach_bookA,1,0.9992915529912207,0.9985240706886045,0.9989078118399126
organ_tablature,ammerbach_bookA,1,0.999807973843481,0.9985240706886045,0.9991660222660428
organ_tablature,ammerbach_bookA,1,0.9995536656957462,0.9985240706886045,0.9990388681921754
organ_tablature,ammerbach_bookA,1,0.9999088666062746,1.0,0.9999544333031374
organ_tablature,ammerbach_bookA,1,0.99999672583181,1.0,0.999998362915905
organ_tablature,ammerbach_bookA,1,0.9999824547504074,1.0,0.9999912273752036
organ_tablature,ammerbach_bookA,1,0.9999912114006858,1.0,0.999995605700343
organ_tablature,ammerbach_bookA,1,0.9999878215040627,1.0,0.9999939107520314
organ_tablature,ammerbach_bookA,1,0.9999982539133087,0.99911868214152,0.9995584680274143
organ_tablature,ammerbach_bookA,1,0.9999908910785871,1.0,0.9999954455392935
organ_tablature,ammerbach_bookA,1,0.9999753419852542,1.0,0.9999876709926271
organ_tablature,ammerbach_bookA,1,0.9999846649541371,1.0,0.9999923324770685
organ_tablature,ammerbach_bookA,1,0.9999993856508704,1.0,0.9999996928254352
organ_tablature,ammerbach_bookA,1,0.9999993010314588,1.0,0.9999996505157294
organ_tablature,ammerbach_bookA,1,0.9999712952299294,0.9985240706886045,0.9992476829592669
organ_tablature,ammerbach_bookA,1,0.9999848997495481,0.9985240706886045,0.9992544852190763
organ_tablature,ammerbach_bookA,1,0.999629468905215,1.0,0.9998147344526075
organ_tablature,ammerbach_bookA,1,0.9997219605698241,1.0,0.9998609802849121
organ_tablature,ammerbach_bookA,1,0.9999552099579797,1.0,0.9999776049789899
organ_tablature,ammerbach_bookA,1,0.9999652157830886,1.0,0.9999826078915444
organ_tablature,ammerbach_bookA,1,0.9999619338063411,0.9985240706886045,0.9992430022474728
organ_tablature,ammerbach_bookA,1,0.9998207996450829,1.0,0.9999103998225414
organ_tablature,ammerbach_bookA,1,0.9999973579721112,1.0,0.9999986789860555
organ_tablature,ammerbach_bookA,1,0.9999957776317473,0.9981222455403989,0.9990590115860731
organ_tablature,ammerbach_bookA,1,0.9998872071768277,1.0,0.9999436035884138
organ_tablature,ammerbach_bookA,1,0.9980393957923526,1.0,0.9990196978961763
organ_tablature,ammerbach_bookA,1,0.9997901520978771,1.0,0.9998950760489386
organ_tablature,ammerbach_bookA,1,0.999552942257506,1.0,0.999776471128753
organ_tablature,ammerbach_bookA,1,0.999576804210157,1.0,0.9997884021050785
organ_tablature,ammerbach_bookA,1,0.9996960308062358,1.0,0.999848015403118
organ_tablature,ammerbach_bookA,1,0.9997400991036843,1.0,0.9998700495518422
organ_tablature,ammerbach_bookA,1,0.9997911951806118,1.0,0.9998955975903059
organ_tablature,ammerbach_bookA,1,0.9999783651718023,0.9965240706886045,0.9982512179302034
organ_tablature,ammerbach_bookA,1,0.9999999951190035,0.9220269253272504,0.961013460223127
organ_tablature,ammerbach_bookA,1,0.9999999894454236,0.9891652242216733,0.9945826068335484
organ_tablature,ammerbach_bookA,1,0.9999905384055401,0.998,0.99899526920277
organ_tablature,ammerbach_bookA,1,0.999950472671759,1.0,0.9999752363358795
organ_tablature,ammerbach_bookA,1,0.9997322389499963,1.0,0.9998661194749981
organ_tablature,ammerbach_bookA,1,0.9997354583102251,0.9988061538461539,0.9992708060781895
organ_tablature,ammerbach_bookA,1,0.9995418387678523,1.0,0.9997709193839261
organ_tablature,ammerbach_bookA,1,0.9982508073377214,1.0,0.9991254036688607
organ_tablature,ammerbach_bookA,1,0.9995478107348186,1.0,0.9997739053674093
organ_tablature,ammerbach_bookA,1,0.999654130157882,1.0,0.9998270650789409
organ_tablature,ammerbach_bookA,1,0.9987293012560783,1.0,0.9993646506280391
organ_tablature,ammerbach_bookA,1,0.9996037778243775,1.0,0.9998018889121887
organ_tablature,ammerbach_bookA,1,0.9999003964812084,1.0,0.9999501982406043
organ_tablature,ammerbach_bookA,1,0.9999670266904296,1.0,0.9999835133452148
organ_tablature,ammerbach_bookA,1,0.999997283055292,1.0,0.9999986415276461
organ_tablature,ammerbach_bookA,1,0.9999618336309634,1.0,0.9999809168154816
organ_tablature,ammerbach_bookA,1,0.9992147802267433,0.9988061538461539,0.9990104670364486
organ_tablature,ammerbach_bookA,1,0.9980557527311223,0.9986208530805687,0.9983383029058455
organ_tablature,ammerbach_bookA,1,0.9999623123713464,1.0,0.9999811561856732
organ_tablature,ammerbach_bookA,1,0.9999305240176792,1.0,0.9999652620088396
organ_tablature,ammerbach_bookA,1,0.9999583699784306,1.0,0.9999791849892152
organ_tablature,ammerbach_bookA,1,0.9997521395261757,1.0,0.9998760697630878
organ_tablature,ammerbach_bookA,1,0.99903471752319,1.0,0.999517358761595
organ_tablature,ammerbach_bookA,1,0.9999783937429289,1.0,0.9999891968714645
organ_tablature,ammerbach_bookA,1,0.9999302372127183,1.0,0.9999651186063592
organ_tablature,ammerbach_bookA,1,0.9985121130008433,1.0,0.9992560565004216
organ_tablature,ammerbach_bookA,1,0.9999189384202862,1.0,0.9999594692101431
organ_tablature,ammerbach_bookA,1,0.9999862097759801,1.0,0.99999310488799
organ_tablature,ammerbach_bookA,1,0.9999935386722973,1.0,0.9999967693361487
organ_tablature,ammerbach_bookA,1,0.9999975350462127,1.0,0.9999987675231063
organ_tablature,ammerbach_bookA,1,0.9999052713251438,1.0,0.9999526356625719
organ_tablature,ammerbach_bookA,1,0.9994749846314047,1.0,0.9997374923157023
organ_tablature,ammerbach_bookA,1,0.9987983837241825,1.0,0.9993991918620913
organ_tablature,ammerbach_bookA,1,0.9977652597161913,1.0,0.9988826298580957
organ_tablature,ammerbach_bookA,1,0.9955168648096208,1.0,0.9977584324048103
organ_tablature,ammerbach_bookA,1,0.9999164864126375,1.0,0.9999582432063188
organ_tablature,ammerbach_bookA,1,0.9997389029338268,1.0,0.9998694514669134
organ_tablature,ammerbach_bookA,1,0.9979698801290291,1.0,0.9989849400645145
organ_tablature,ammerbach_bookA,1,0.9987408975353512,1.0,0.9993704487676756
organ_tablature,ammerbach_bookA,1,0.9999348941845428,1.0,0.9999674470922715
organ_tablature,ammerbach_bookA,1,0.9999987554840505,1.0,0.9999993777420253
organ_tablature,ammerbach_bookA,1,0.9999932411938123,1.0,0.9999966205969062
organ_tablature,ammerbach_bookA,1,0.9999998349143121,0.9985240706886045,0.9992619528014584
organ_tablature,ammerbach_bookA,1,0.9999930037266269,1.0,0.9999965018633135
organ_tablature,ammerbach_bookA,1,0.9999909539717956,1.0,0.9999954769858979
organ_tablature,ammerbach_bookA,1,0.9998298312065574,1.0,0.9999149156032787
organ_tablature,ammerbach_bookA,1,0.9999833474461619,1.0,0.999991673723081
organ_tablature,ammerbach_bookA,1,0.9999906860597939,1.0,0.9999953430298969
organ_tablature,ammerbach_bookA,1,0.9999811425665825,1.0,0.9999905712832913
organ_tablature,ammerbach_bookA,1,0.9999754394157531,1.0,0.9999877197078766
organ_tablature,ammerbach_bookA,1,0.9999098090971431,1.0,0.9999549045485716
organ_tablature,ammerbach_bookA,1,0.9998315234879113,1.0,0.9999157617439556
organ_tablature,ammerbach_bookA,1,0.9998324941333631,1.0,0.9999162470666816
organ_tablature,ammerbach_bookA,1,0.999840097744738,1.0,0.999920048872369
organ_tablature,ammerbach_bookA,1,0.9987241360917999,1.0,0.9993620680458999
organ_tablature,ammerbach_bookA,1,0.999830887665904,1.0,0.9999154438329521
organ_tablature,ammerbach_bookA,1,0.9999911156515359,1.0,0.999995557825768
organ_tablature,ammerbach_bookA,1,0.9999953137732247,0.99911868214152,0.9995569979573724
organ_tablature,ammerbach_bookA,1,0.9999987360013166,1.0,0.9999993680006583
organ_tablature,ammerbach_bookA,1,0.9999968812544601,1.0,0.99999844062723
organ_tablature,ammerbach_bookA,1,0.9999930235399754,1.0,0.9999965117699877
organ_tablature,ammerbach_bookA,1,0.9999771720459509,1.0,0.9999885860229755
organ_tablature,ammerbach_bookA,1,0.999852143351205,1.0,0.9999260716756024
organ_tablature,ammerbach_bookA,1,0.9999774755779147,1.0,0.9999887377889574
organ_tablature,ammerbach_bookA,1,0.9999934681223116,1.0,0.9999967340611557
organ_tablature,ammerbach_bookA,1,0.9999882833129878,0.99911868214152,0.9995534827272539
organ_tablature,ammerbach_bookA,1,0.9999902157886053,0.998,0.9989951078943027
organ_tablature,ammerbach_bookA,1,0.9998229001726644,1.0,0.9999114500863322
organ_tablature,ammerbach_bookA,1,0.9997760882052885,1.0,0.9998880441026443
organ_tablature,ammerbach_bookA,1,0.9999392779396307,1.0,0.9999696389698154
organ_tablature,ammerbach_bookA,1,0.9999841748039782,1.0,0.9999920874019891
organ_tablature,ammerbach_bookA,1,0.999999497224075,0.99911868214152,0.9995590896827975
organ_tablature,ammerbach_bookA,1,0.9999990460315163,1.0,0.9999995230157581
organ_tablature,ammerbach_bookA,1,0.9999975537892928,1.0,0.9999987768946463
organ_tablature,ammerbach_bookA,1,0.9999966232671674,1.0,0.9999983116335838
organ_tablature,ammerbach_bookA,1,0.9999949281084065,1.0,0.9999974640542033
organ_tablature,ammerbach_bookA,1,0.9999853616183448,1.0,0.9999926808091724
organ_tablature,ammerbach_bookA,1,0.9999931413471166,0.998,0.9989965706735583
organ_tablature,ammerbach_bookA,1,0.9999872667340453,1.0,0.9999936333670226
organ_tablature,ammerbach_bookA,1,0.9996673628936075,1.0,0.9998336814468037
organ_tablature,ammerbach_bookA,1,0.9988383787146204,1.0,0.9994191893573102
organ_tablature,ammerbach_bookA,1,0.999662225128627,1.0,0.9998311125643136
organ_tablature,ammerbach_bookA,1,0.9999240064084903,1.0,0.9999620032042451
organ_tablature,ammerbach_bookA,1,0.9998420656930426,1.0,0.9999210328465213
organ_tablature,ammerbach_bookA,1,0.9998236104346421,1.0,0.999911805217321
organ_tablature,ammerbach_bookA,1,0.9995321744038294,1.0,0.9997660872019147
organ_tablature,ammerbach_bookA,1,0.9999392079690309,1.0,0.9999696039845154
organ_tablature,ammerbach_bookA,1,0.9999738944301928,1.0,0.9999869472150964
organ_tablature,ammerbach_bookA,1,0.9999877250156074,1.0,0.9999938625078038
organ_tablature,ammerbach_bookA,1,0.9999909077172142,0.998,0.9989954538586071
organ_tablature,ammerbach_bookA,1,0.9999904064801121,0.998,0.998995203240056
organ_tablature,ammerbach_bookA,1,0.9999874012191752,0.998,0.9989937006095876
organ_tablature,ammerbach_bookA,1,0.9999280404042383,1.0,0.9999640202021192
organ_tablature,ammerbach_bookA,1,0.9999681182932928,1.0,0.9999840591466465
organ_tablature,ammerbach_bookA,1,0.9999540402102582,1.0,0.9999770201051291
organ_tablature,ammerbach_bookA,1,0.9997908963857546,1.0,0.9998954481928772
organ_tablature,ammerbach_bookA,1,0.9993326851166432,1.0,0.9996663425583217
organ_tablature,ammerbach_bookA,1,0.9995920046339865,1.0,0.9997960023169932
organ_tablature,ammerbach_bookA,1,0.9999005114460557,1.0,0.9999502557230279
organ_tablature,ammerbach_bookA,1,0.9994465218249422,1.0,0.9997232609124711
organ_tablature,ammerbach_bookA,1,0.9999457907321297,1.0,0.9999728953660649
organ_tablature,ammerbach_bookA,1,0.9999670575959124,0.9985240706886045,0.9992455641422584
organ_tablature,ammerbach_bookA,1,0.9996179158375686,0.9985240706886045,0.9990709932630866
organ_tablature,ammerbach_bookA,1,0.9954830602937765,1.0,0.9977415301468883
organ_tablature,ammerbach_bookA,1,0.9996508215279114,1.0,0.9998254107639557
organ_tablature,ammerbach_bookA,1,0.9998476706625196,1.0,0.9999238353312598
organ_tablature,ammerbach_bookA,1,0.9996913273805133,0.9985240706886045,0.9991076990345589
organ_tablature,ammerbach_bookA,1,0.9999786077748862,1.0,0.9999893038874431
organ_tablature,ammerbach_bookA,1,0.9999997704568052,1.0,0.9999998852284027
organ_tablature,ammerbach_bookA,1,0.9999991611090074,1.0,0.9999995805545037
organ_tablature,ammerbach_bookA,1,0.9999592982025064,1.0,0.9999796491012531
organ_tablature,ammerbach_bookA,1,0.9999948719748153,1.0,0.9999974359874076
organ_tablature,ammerbach_bookA,1,0.99999987879859,1.0,0.999999939399295
organ_tablature,ammerbach_bookA,1,0.9999999458507707,1.0,0.9999999729253853
organ_tablature,ammerbach_bookA,1,0.9999998022862131,1.0,0.9999999011431066
organ_tablature,ammerbach_bookA,1,0.9999999578147292,1.0,0.9999999789073646
organ_tablature,ammerbach_bookA,1,0.9999999765931044,1.0,0.9999999882965522
organ_tablature,ammerbach_bookA,1,0.9999982475147021,1.0,0.9999991237573511
organ_tablature,ammerbach_bookA,1,0.9999958008078448,1.0,0.9999979004039223
organ_tablature,ammerbach_bookA,1,0.9999689005268154,1.0,0.9999844502634077
organ_tablature,ammerbach_bookA,1,0.9999447696263535,1.0,0.9999723848131767
organ_tablature,ammerbach_bookA,1,0.9998435612443952,1.0,0.9999217806221976
organ_tablature,ammerbach_bookA,1,0.9999040440953538,1.0,0.999952022047677
organ_tablature,ammerbach_bookA,1,0.9999592378283635,1.0,0.9999796189141817
organ_tablature,ammerbach_bookA,1,0.9999942065152989,1.0,0.9999971032576495
organ_tablature,ammerbach_bookA,1,0.9999599575126156,1.0,0.9999799787563077
organ_tablature,ammerbach_bookA,1,0.9999415440189331,1.0,0.9999707720094666
organ_tablature,ammerbach_bookA,1,0.9999993220916356,1.0,0.9999996610458177
organ_tablature,ammerbach_bookA,1,0.9999999427555595,0.99911868214152,0.9995593124485398
organ_tablature,ammerbach_bookA,1,0.9999999168950298,1.0,0.9999999584475149
organ_tablature,ammerbach_bookA,1,0.9999995976687288,0.99911868214152,0.9995591399051245
organ_tablature,ammerbach_bookA,1,0.9999493282434265,1.0,0.9999746641217133
organ_tablature,ammerbach_bookA,1,0.9999914018471909,1.0,0.9999957009235955
organ_tablature,ammerbach_bookA,1,0.9999954907567118,1.0,0.999997745378356
organ_tablature,ammerbach_bookA,1,0.9999953321398058,1.0,0.9999976660699029
organ_tablature,ammerbach_bookA,1,0.9999802347390481,0.998,0.998990117369524
organ_tablature,ammerbach_bookA,1,0.9999578935152768,1.0,0.9999789467576383
organ_tablature,ammerbach_bookA,1,0.9999945455387831,1.0,0.9999972727693915
organ_tablature,ammerbach_bookA,1,0.9999986959370922,1.0,0.9999993479685461
organ_tablature,ammerbach_bookA,1,0.9999985624935047,1.0,0.9999992812467524
organ_tablature,ammerbach_bookA,1,0.9999980231962464,1.0,0.9999990115981232
organ_tablature,ammerbach_bookA,1,0.9999972384917806,1.0,0.9999986192458903
organ_tablature,ammerbach_bookA,1,0.9999970717515276,1.0,0.9999985358757638
organ_tablature,ammerbach_bookA,1,0.9999998249324893,1.0,0.9999999124662446
organ_tablature,ammerbach_bookA,1,0.9999998650921571,1.0,0.9999999325460786
organ_tablature,ammerbach_bookA,1,0.9999995578440369,1.0,0.9999997789220185
organ_tablature,ammerbach_bookA,1,0.9999999364639149,0.99911868214152,0.9995593093027175
organ_tablature,ammerbach_bookA,1,0.9999987084358061,0.9990288461538462,0.9995137772948262
organ_tablature,ammerbach_bookA,1,0.9999955671108453,1.0,0.9999977835554226
organ_tablature,ammerbach_bookA,1,0.9999977133915788,1.0,0.9999988566957894
organ_tablature,ammerbach_bookA,1,0.9998123474578138,1.0,0.9999061737289069
organ_tablature,ammerbach_bookA,1,0.9997837995973038,1.0,0.9998918997986519
organ_tablature,ammerbach_bookA,1,0.9957568797035122,1.0,0.9978784398517562
organ_tablature,ammerbach_bookA,1,0.9918264254934539,1.0,0.995913212746727
organ_tablature,ammerbach_bookA,1,0.9996085879346378,1.0,0.9998042939673188
organ_tablature,ammerbach_bookA,1,0.9999059349880641,1.0,0.9999529674940321
organ_tablature,ammerbach_bookA,1,0.999998327633885,1.0,0.9999991638169425
organ_tablature,ammerbach_bookA,1,0.9999987123211648,1.0,0.9999993561605824
organ_tablature,ammerbach_bookA,1,0.9992615288444251,1.0,0.9996307644222125
organ_tablature,ammerbach_bookA,1,0.9997496206734132,1.0,0.9998748103367066
organ_tablature,ammerbach_bookA,1,0.9999132233159476,1.0,0.9999566116579738
organ_tablature,ammerbach_bookA,1,0.9999980058857608,0.998,0.9989990029428804
organ_tablature,ammerbach_bookA,1,0.999996506912913,1.0,0.9999982534564564
organ_tablature,ammerbach_bookA,1,0.999993885502856,1.0,0.9999969427514279
organ_tablature,ammerbach_bookA,1,0.9998748239489463,1.0,0.9999374119744732
organ_tablature,ammerbach_bookA,1,0.9999608773651817,1.0,0.9999804386825908
organ_tablature,ammerbach_bookA,1,0.9999512576193785,1.0,0.9999756288096893
organ_tablature,ammerbach_bookA,1,0.9998480033131281,1.0,0.999924001656564
organ_tablature,ammerbach_bookA,1,0.9998001318742981,1.0,0.9999000659371491
organ_tablature,ammerbach_bookA,1,0.9999443762029496,1.0,0.9999721881014748
organ_tablature,ammerbach_bookA,1,0.9999976641346828,1.0,0.9999988320673414
organ_tablature,ammerbach_bookA,1,0.9999978712099,1.0,0.99999893560495
organ_tablature,ammerbach_bookA,1,0.9999380225204924,1.0,0.9999690112602462
organ_tablature,ammerbach_bookA,1,0.9999898068907672,1.0,0.9999949034453837
organ_tablature,ammerbach_bookA,1,0.9998351485801923,1.0,0.9999175742900961
organ_tablature,ammerbach_bookA,1,0.9999505198056642,1.0,0.9999752599028321
organ_tablature,ammerbach_bookA,1,0.9999318142228831,1.0,0.9999659071114415
organ_tablature,ammerbach_bookA,1,0.999998109032179,1.0,0.9999990545160895
organ_tablature,ammerbach_bookA,1,0.9999961856990541,1.0,0.9999980928495271
organ_tablature,ammerbach_bookA,1,0.999989023176234,1.0,0.999994511588117
organ_tablature,ammerbach_bookA,1,0.9999971140741383,1.0,0.9999985570370691
organ_tablature,ammerbach_bookA,1,0.9999998722997295,1.0,0.9999999361498648
organ_tablature,ammerbach_bookA,1,0.9999992862809091,1.0,0.9999996431404545
organ_tablature,ammerbach_bookA,1,0.999984905813683,1.0,0.9999924529068416
organ_tablature,ammerbach_bookA,1,0.9999996942494085,0.9957385979900473,0.9978691461197279
organ_tablature,ammerbach_bookA,1,0.9999997369274297,0.99911868214152,0.9995592095344749
organ_tablature,ammerbach_bookA,1,0.9999909427628569,1.0,0.9999954713814285
organ_tablature,ammerbach_bookA,1,0.9999898508551054,1.0,0.9999949254275526
organ_tablature,ammerbach_bookA,1,0.9999974632910636,1.0,0.9999987316455319
organ_tablature,ammerbach_bookA,1,0.9999997208851343,1.0,0.9999998604425672
organ_tablature,ammerbach_bookA,1,0.9999992524146506,1.0,0.9999996262073253
organ_tablature,ammerbach_bookA,1,0.9999940590368915,0.9985240706886045,0.999259064862748
organ_tablature,ammerbach_bookA,1,0.9999833707502706,1.0,0.9999916853751353
organ_tablature,ammerbach_bookA,1,0.999984148023077,1.0,0.9999920740115384
organ_tablature,ammerbach_bookA,1,0.9999847713623404,1.0,0.9999923856811702
organ_tablature,ammerbach_bookA,1,0.9999941706886584,1.0,0.9999970853443292
organ_tablature,ammerbach_bookA,1,0.9999947361381066,1.0,0.9999973680690533
organ_tablature,ammerbach_bookA,1,0.9999683951096071,1.0,0.9999841975548036
organ_tablature,ammerbach_bookA,1,0.9999870267635119,1.0,0.9999935133817559
organ_tablature,ammerbach_bookA,1,0.9999596702400508,1.0,0.9999798351200254
organ_tablature,ammerbach_bookA,1,0.9996701363586674,1.0,0.9998350681793338
organ_tablature,ammerbach_bookA,1,0.9999755258195733,1.0,0.9999877629097866
organ_tablature,ammerbach_bookA,1,0.9999997049713152,1.0,0.9999998524856576
organ_tablature,ammerbach_bookA,1,0.9999997666662273,0.9981222455403989,0.999061006103313
organ_tablature,ammerbach_bookA,1,0.9999292817779861,1.0,0.9999646408889931
organ_tablature,ammerbach_bookA,1,0.999992111061842,1.0,0.9999960555309211
organ_tablature,ammerbach_bookA,1,0.9999992708461055,1.0,0.9999996354230527
organ_tablature,ammerbach_bookA,1,0.9999959400141168,0.9985240706886045,0.9992600053513607
organ_tablature,ammerbach_bookA,1,0.999984999242946,0.996002694610928,0.997993846926937
organ_tablature,ammerbach_bookA,1,0.999997988930229,1.0,0.9999989944651144
organ_tablature,ammerbach_bookA,1,0.9999883528205096,1.0,0.9999941764102548
organ_tablature,ammerbach_bookA,1,0.9999958423870409,1.0,0.9999979211935204
organ_tablature,ammerbach_bookA,1,0.9999990829628319,1.0,0.999999541481416
organ_tablature,ammerbach_bookA,1,0.999974273408262,1.0,0.999987136704131
organ_tablature,ammerbach_bookA,1,0.9999901645282192,1.0,0.9999950822641096
organ_tablature,ammerbach_bookA,1,0.9999704352456438,1.0,0.9999852176228219
organ_tablature,ammerbach_bookA,1,0.9999639926674196,1.0,0.9999819963337098
organ_tablature,ammerbach_bookA,1,0.9999812971791958,1.0,0.999990648589598
organ_tablature,ammerbach_bookA,1,0.9999991244573917,1.0,0.9999995622286959
organ_tablature,ammerbach_bookA,1,0.9999988854306402,1.0,0.99999944271532
organ_tablature,ammerbach_bookA,1,0.9999712459398731,1.0,0.9999856229699365
organ_tablature,ammerbach_bookA,1,0.9998805769438938,1.0,0.9999402884719468
organ_tablature,ammerbach_bookA,1,0.9998189703005568,1.0,0.9999094851502783
organ_tablature,ammerbach_bookA,1,0.9998597328187154,1.0,0.9999298664093577
organ_tablature,ammerbach_bookA,1,0.9999813943014007,1.0,0.9999906971507003
organ_tablature,ammerbach_bookA,1,0.9999908413984461,1.0,0.999995420699223
organ_tablature,ammerbach_bookA,1,0.9999640208806291,1.0,0.9999820104403145
organ_tablature,ammerbach_bookA,1,0.9999990086200435,1.0,0.9999995043100218
organ_tablature,ammerbach_bookA,1,0.9999995535853013,1.0,0.9999997767926507
organ_tablature,ammerbach_bookA,1,0.9999981897459053,1.0,0.9999990948729527
organ_tablature,ammerbach_bookA,1,0.9999975096033419,0.99911868214152,0.9995580958724309
organ_tablature,ammerbach_bookA,1,0.9999963728273661,1.0,0.9999981864136831
organ_tablature,ammerbach_bookA,1,0.9999972371478013,1.0,0.9999986185739007
organ_tablature,ammerbach_bookA,1,0.9999203673939178,1.0,0.9999601836969589
organ_tablature,ammerbach_bookA,1,0.9999925770701076,1.0,0.9999962885350537
organ_tablature,ammerbach_bookA,1,0.9999968864967722,1.0,0.9999984432483862
organ_tablature,ammerbach_bookA,1,0.9999995980169584,1.0,0.9999997990084792
organ_tablature,ammerbach_bookA,1,0.9999698198409043,1.0,0.9999849099204521
organ_tablature,ammerbach_bookA,1,0.9999314677036569,1.0,0.9999657338518284
organ_tablature,ammerbach_bookA,1,0.9999952097370497,1.0,0.9999976048685248
organ_tablature,ammerbach_bookA,1,0.9999973353561462,0.99911868214152,0.9995580087488332
organ_tablature,ammerbach_bookA,1,0.9999404241168337,1.0,0.9999702120584169
organ_tablature,ammerbach_bookA,1,0.9997490672373999,1.0,0.9998745336186999
organ_tablature,ammerbach_bookA,1,0.9999990934268218,1.0,0.9999995467134108
organ_tablature,ammerbach_bookA,1,0.9999886758334054,1.0,0.9999943379167027
organ_tablature,ammerbach_bookA,1,0.9996809188885588,1.0,0.9998404594442794
organ_tablature,ammerbach_bookA,1,0.9999825322098508,1.0,0.9999912661049254
organ_tablature,ammerbach_bookA,1,0.9998906435322975,1.0,0.9999453217661487
organ_tablature,ammerbach_bookA,1,0.9999752503871713,1.0,0.9999876251935856
organ_tablature,ammerbach_bookA,1,0.999832196028593,1.0,0.9999160980142965
organ_tablature,ammerbach_bookA,1,0.9999721084015186,1.0,0.9999860542007593
organ_tablature,ammerbach_bookA,1,0.999984973316253,1.0,0.9999924866581265
organ_tablature,ammerbach_bookA,1,0.9999970942000915,1.0,0.9999985471000458
organ_tablature,ammerbach_bookA,1,0.9999807298509302,1.0,0.9999903649254651
organ_tablature,ammerbach_bookA,1,0.9983241989681964,1.0,0.9991620994840982
organ_tablature,ammerbach_bookA,1,0.9999504461272203,1.0,0.9999752230636101
organ_tablature,ammerbach_bookA,1,0.9997903187252596,1.0,0.9998951593626297
organ_tablature,ammerbach_bookA,1,0.9996488742881479,1.0,0.9998244371440739
organ_tablature,ammerbach_bookA,1,0.9997243234019806,1.0,0.9998621617009903
organ_tablature,ammerbach_bookA,1,0.9998978388895129,1.0,0.9999489194447564
organ_tablature,ammerbach_bookA,1,0.9999130290398597,1.0,0.9999565145199298
organ_tablature,ammerbach_bookA,1,0.9998942139363578,0.9971965407647743,0.998545377350566
organ_tablature,ammerbach_bookA,1,0.9999993080629632,0.9856526515052093,0.9928259797840863
organ_tablature,ammerbach_bookA,1,0.9999989255256593,0.9981222455403989,0.999060585533029
organ_tablature,ammerbach_bookA,1,0.9999981613081977,1.0,0.9999990806540988
organ_tablature,ammerbach_bookA,1,0.9999920822570088,1.0,0.9999960411285044
organ_tablature,ammerbach_bookA,1,0.9999746490224726,1.0,0.9999873245112363
organ_tablature,ammerbach_bookA,1,0.99998810431073,1.0,0.999994052155365
organ_tablature,ammerbach_bookA,1,0.9996830722170387,1.0,0.9998415361085193
organ_tablature,ammerbach_bookA,1,0.9992906091409426,1.0,0.9996453045704713
organ_tablature,ammerbach_bookA,1,0.9999665862054009,1.0,0.9999832931027004
organ_tablature,ammerbach_bookA,1,0.9984871092116236,1.0,0.9992435546058118
organ_tablature,ammerbach_bookA,1,0.9995445784360425,1.0,0.9997722892180212
organ_tablature,ammerbach_bookA,1,0.999963609912256,1.0,0.999981804956128
organ_tablature,ammerbach_bookA,1,0.9996076109323799,0.9985240706886045,0.9990658408104922
organ_tablature,ammerbach_bookA,1,0.9999969288058299,0.9906096828438148,0.9953033058248224
organ_tablature,ammerbach_bookA,1,0.9999998240385021,1.0,0.9999999120192511
organ_tablature,ammerbach_bookA,1,0.9999999712502513,0.9959987893171389,0.9979993802836951
organ_tablature,ammerbach_bookA,1,0.9999999861570625,1.0,0.9999999930785313
organ_tablature,ammerbach_bookA,1,0.9999998504406956,1.0,0.9999999252203478
organ_tablature,ammerbach_bookA,1,0.9999957142498581,1.0,0.9999978571249291
organ_tablature,ammerbach_bookA,1,0.9999580180796306,1.0,0.9999790090398153
organ_tablature,ammerbach_bookA,1,0.9999333505546886,1.0,0.9999666752773443
organ_tablature,ammerbach_bookA,1,0.999955199912208,0.9985240706886045,0.9992396353004063
organ_tablature,ammerbach_bookA,1,0.9999815119073672,1.0,0.9999907559536836
organ_tablature,ammerbach_bookA,1,0.9999992702356898,1.0,0.9999996351178448
organ_tablature,ammerbach_bookA,1,0.9999963899759908,1.0,0.9999981949879955
organ_tablature,ammerbach_bookA,1,0.9999994445224359,1.0,0.999999722261218
organ_tablature,ammerbach_bookA,1,0.9999998829165221,1.0,0.999999941458261
organ_tablature,ammerbach_bookA,1,0.9999992185768714,0.9985240706886045,0.9992616446327379
organ_tablature,ammerbach_bookA,1,0.9999919443938113,1.0,0.9999959721969056
organ_tablature,ammerbach_bookA,1,0.9999816986116823,1.0,0.9999908493058411
organ_tablature,ammerbach_bookA,1,0.9999997134255796,1.0,0.9999998567127898
organ_tablature,ammerbach_bookA,1,0.9999992115595052,0.9988061538461539,0.9994026827028295
organ_tablature,ammerbach_bookA,1,0.9994959205308049,0.9988225024248303,0.9991592114778176
organ_tablature,ammerbach_bookA,1,0.9998328791427309,1.0,0.9999164395713654
organ_tablature,ammerbach_bookA,1,0.9999808891410097,1.0,0.9999904445705048
organ_tablature,ammerbach_bookA,1,0.9999057869026666,1.0,0.9999528934513333
organ_tablature,ammerbach_bookA,1,0.9992407044694243,1.0,0.9996203522347121
organ_tablature,ammerbach_bookA,1,0.9999761515466435,1.0,0.9999880757733217
organ_tablature,ammerbach_bookA,1,0.9999793447998063,1.0,0.9999896723999031
organ_tablature,ammerbach_bookA,1,0.9999977478604614,1.0,0.9999988739302307
organ_tablature,ammerbach_bookA,1,0.9999951531918652,1.0,0.9999975765959326
organ_tablature,ammerbach_bookA,1,0.9999898015025814,1.0,0.9999949007512907
organ_tablature,ammerbach_bookA,1,0.999978701452122,1.0,0.999989350726061
organ_tablature,ammerbach_bookA,1,0.9999999773654803,0.9542896800585028,0.9771448287119915
organ_tablature,ammerbach_bookA,1,0.9999999893424435,0.9193124018954052,0.9596561956189243
organ_tablature,ammerbach_bookA,1,0.9999923782303227,1.0,0.9999961891151614
organ_tablature,ammerbach_bookA,1,0.9999775538415411,1.0,0.9999887769207705
organ_tablature,ammerbach_bookA,1,0.9997738036840632,1.0,0.9998869018420316
organ_tablature,ammerbach_bookA,1,0.99970128641763,0.9985240706886045,0.9991126785531173
organ_tablature,ammerbach_bookA,1,0.9999751608774128,1.0,0.9999875804387064
organ_tablature,ammerbach_bookA,1,0.9999796271760146,1.0,0.9999898135880073
organ_tablature,ammerbach_bookA,1,0.9999350697661294,1.0,0.9999675348830648
organ_tablature,ammerbach_bookA,1,0.9999780915356704,1.0,0.9999890457678352
organ_tablature,ammerbach_bookA,1,0.9999647274113574,1.0,0.9999823637056787
organ_tablature,ammerbach_bookA,1,0.9996865425406143,0.9985240706886045,0.9991053066146094
organ_tablature,ammerbach_bookA,1,0.9998916754607579,0.9987049356223177,0.9992983055415378
organ_tablature,ammerbach_bookA,1,0.998981393792555,1.0,0.9994906968962776
organ_tablature,ammerbach_bookA,1,0.9999124854775074,1.0,0.9999562427387537
organ_tablature,ammerbach_bookA,1,0.9994114488957704,0.9985240706886045,0.9989677597921874
organ_tablature,ammerbach_bookA,1,0.9997357347824546,0.9988061538461539,0.9992709443143042
organ_tablature,ammerbach_bookA,1,0.9999784843692694,1.0,0.9999892421846347
organ_tablature,ammerbach_bookA,1,0.9998508901491537,1.0,0.9999254450745769
organ_tablature,ammerbach_bookA,1,0.9999786413275229,1.0,0.9999893206637614
organ_tablature,ammerbach_bookA,1,0.9999984076154734,0.9985240706886045,0.999261239152039
organ_tablature,ammerbach_bookA,1,0.9999828899820874,1.0,0.9999914449910436
organ_tablature,ammerbach_bookA,1,0.9981704121858253,1.0,0.9990852060929126
organ_tablature,ammerbach_bookA,1,0.9999941150382234,0.8975701552279182,0.9487821351330707
organ_tablature,ammerbach_bookA,1,0.9999520347513514,0.9840770355392983,0.9920145351453249
organ_tablature,ammerbach_bookA,1,0.9998968709461084,1.0,0.9999484354730541
organ_tablature,ammerbach_bookA,1,0.9996951506493963,1.0,0.9998475753246981
organ_tablature,ammerbach_bookA,1,0.9986782776596828,1.0,0.9993391388298414
organ_tablature,ammerbach_bookA,1,0.9993908265873506,1.0,0.9996954132936753
organ_tablature,ammerbach_bookA,1,0.999963266066656,1.0,0.999981633033328
organ_tablature,ammerbach_bookA,1,0.9999999996736428,0.9567198297893554,0.9783599147314992
organ_tablature,ammerbach_bookA,1,0.9999999999217677,1.0,0.9999999999608838
organ_tablature,ammerbach_bookA,1,0.9999999610129924,1.0,0.9999999805064962
organ_tablature,ammerbach_bookA,1,0.9999940222110083,1.0,0.9999970111055041
organ_tablature,ammerbach_bookA,1,0.9999930888813181,1.0,0.9999965444406591
organ_tablature,ammerbach_bookA,1,0.9999949694329034,1.0,0.9999974847164517
organ_tablature,ammerbach_bookA,1,0.9999996569301581,1.0,0.9999998284650791
organ_tablature,ammerbach_bookA,1,0.9999997529034701,1.0,0.999999876451735
organ_tablature,ammerbach_bookA,1,0.9999995500283616,0.9985240706886045,0.999261810358483
organ_tablature,ammerbach_bookA,1,0.9999919181649782,1.0,0.9999959590824892
organ_tablature,ammerbach_bookA,1,0.9999997534087712,1.0,0.9999998767043856
organ_tablature,ammerbach_bookA,1,0.999999893648152,1.0,0.999999946824076
organ_tablature,ammerbach_bookA,1,0.999998156561965,1.0,0.9999990782809824
organ_tablature,ammerbach_bookA,1,0.9999988467357259,1.0,0.999999423367863
organ_tablature,ammerbach_bookA,1,0.9999994686597321,1.0,0.9999997343298661
organ_tablature,ammerbach_bookA,1,0.9999988813212279,1.0,0.999999440660614
organ_tablature,ammerbach_bookA,1,0.9999995876460053,1.0,0.9999997938230026
organ_tablature,ammerbach_bookA,1,0.9999975267986808,1.0,0.9999987633993404
organ_tablature,ammerbach_bookA,1,0.9999991974722363,0.9970719667641502,0.9985355821181933
organ_tablature,ammerbach_bookA,1,0.9999991039198131,1.0,0.9999995519599065
organ_tablature,ammerbach_bookA,1,0.9999952160872032,0.998,0.9989976080436016
organ_tablature,ammerbach_bookA,1,0.9999995021093094,1.0,0.9999997510546548
organ_tablature,ammerbach_bookA,1,0.9999956526109418,1.0,0.999997826305471
organ_tablature,ammerbach_bookA,1,0.9999930895682271,0.9985240706886045,0.9992585801284157
organ_tablature,ammerbach_bookA,1,0.9999974061137168,0.9985240706886045,0.9992607384011607
organ_tablature,ammerbach_bookA,1,0.9999883826852036,1.0,0.9999941913426018
organ_tablature,ammerbach_bookA,1,0.999989364025114,1.0,0.9999946820125569
organ_tablature,ammerbach_bookA,1,0.9998676460614783,1.0,0.9999338230307391
organ_tablature,ammerbach_bookA,1,0.9998502984400446,1.0,0.9999251492200223
organ_tablature,ammerbach_bookA,1,0.9999855928477861,1.0,0.999992796423893
organ_tablature,ammerbach_bookA,1,0.9999751295069905,1.0,0.9999875647534953
organ_tablature,ammerbach_bookA,1,0.9999995181662605,1.0,0.9999997590831302
organ_tablature,ammerbach_bookA,1,0.9999972550596993,1.0,0.9999986275298496
organ_tablature,ammerbach_bookA,1,0.9999933732748438,1.0,0.9999966866374219
organ_tablature,ammerbach_bookA,1,0.9999905079970638,1.0,0.999995253998532
organ_tablature,ammerbach_bookA,1,0.9999981183131423,1.0,0.9999990591565712
organ_tablature,ammerbach_bookA,1,0.9999851333162214,1.0,0.9999925666581106
organ_tablature,ammerbach_bookA,1,0.99999931665059,1.0,0.999999658325295
organ_tablature,ammerbach_bookA,1,0.9999978053472734,1.0,0.9999989026736367
organ_tablature,ammerbach_bookA,1,0.9999530913958367,1.0,0.9999765456979184
organ_tablature,ammerbach_bookA,1,0.9999893049423337,0.998,0.9989946524711668
organ_tablature,ammerbach_bookA,1,0.9999937904957145,1.0,0.9999968952478573
organ_tablature,ammerbach_bookA,1,0.9999804267588639,1.0,0.999990213379432
organ_tablature,ammerbach_bookA,1,0.9999922734127077,1.0,0.9999961367063539
organ_tablature,ammerbach_bookA,1,0.9999953690543806,1.0,0.9999976845271903
organ_tablature,ammerbach_bookA,1,0.9999684618452771,1.0,0.9999842309226386
organ_tablature,ammerbach_bookA,1,0.9999652645203436,1.0,0.9999826322601718
organ_tablature,ammerbach_bookA,1,0.9999877180451562,1.0,0.9999938590225781
organ_tablature,ammerbach_bookA,1,0.9999939915393306,1.0,0.9999969957696653
organ_tablature,ammerbach_bookA,1,0.9999938204205294,1.0,0.9999969102102647
organ_tablature,ammerbach_bookA,1,0.9999401000175354,1.0,0.9999700500087677
organ_tablature,ammerbach_bookA,1,0.9989879816025146,1.0,0.9994939908012572
organ_tablature,ammerbach_bookA,1,0.9984829189606961,1.0,0.999241459480348
organ_tablature,ammerbach_bookA,1,0.9999475891011654,1.0,0.9999737945505827
organ_tablature,ammerbach_bookA,1,0.9999719686990842,1.0,0.9999859843495421
organ_tablature,ammerbach_bookA,1,0.9999669047336768,1.0,0.9999834523668384
organ_tablature,ammerbach_bookA,1,0.9999999777656385,1.0,0.9999999888828193
organ_tablature,ammerbach_bookA,1,0.9999999997136952,0.9888545712928396,0.9944272855032674
organ_tablature,ammerbach_bookA,1,0.9999999899264508,0.9971536545302103,0.9985768222283306
organ_tablature,ammerbach_bookA,1,0.9999978386177792,0.9951536545302103,0.9975757465739947
organ_tablature,ammerbach_bookA,1,0.9998361109081403,1.0,0.9999180554540701
organ_tablature,ammerbach_bookA,1,0.999933572322708,0.9965240706886045,0.9982288215056563
organ_tablature,ammerbach_bookA,1,0.9999812877432109,1.0,0.9999906438716055
organ_tablature,ammerbach_bookA,1,0.9998613593064907,1.0,0.9999306796532453
organ_tablature,ammerbach_bookA,1,0.9997972869248802,1.0,0.9998986434624402
organ_tablature,ammerbach_bookA,1,0.9999958314222882,1.0,0.999997915711144
organ_tablature,ammerbach_bookA,1,0.9995940964044191,1.0,0.9997970482022096
organ_tablature,ammerbach_bookA,1,0.999969814332923,1.0,0.9999849071664615
organ_tablature,ammerbach_bookA,1,0.9999971704425937,1.0,0.9999985852212969
organ_tablature,ammerbach_bookA,1,0.9999829089624175,1.0,0.9999914544812087
organ_tablature,ammerbach_bookA,1,0.9999688698697646,1.0,0.9999844349348823
organ_tablature,ammerbach_bookA,1,0.9999967689434021,1.0,0.9999983844717011
organ_tablature,ammerbach_bookA,1,0.9999941419404946,1.0,0.9999970709702473
organ_tablature,ammerbach_bookA,1,0.9999649636928689,1.0,0.9999824818464345
organ_tablature,ammerbach_bookA,1,0.999803187400584,1.0,0.999901593700292
organ_tablature,ammerbach_bookA,1,0.9999740482254921,1.0,0.999987024112746
organ_tablature,ammerbach_bookA,1,0.9999960979738718,1.0,0.9999980489869359
organ_tablature,ammerbach_bookA,1,0.9999911411108852,0.998,0.9989955705554425
organ_tablature,ammerbach_bookA,1,0.9999989332878528,0.99911868214152,0.9995588077146864
organ_tablature,ammerbach_bookA,1,0.9998675624674226,1.0,0.9999337812337112
organ_tablature,ammerbach_bookA,1,0.9999058839010071,1.0,0.9999529419505035
organ_tablature,ammerbach_bookA,1,0.9999990426068801,1.0,0.99999952130344
organ_tablature,ammerbach_bookA,1,0.9999993553125566,1.0,0.9999996776562783
organ_tablature,ammerbach_bookA,1,0.999999629789649,0.99911868214152,0.9995591559655845
organ_tablature,ammerbach_bookA,1,0.9999997204220994,1.0,0.9999998602110497
organ_tablature,ammerbach_bookA,1,0.9999993401912765,1.0,0.9999996700956382
organ_tablature,ammerbach_bookA,1,0.9999970759696658,0.998,0.998998537984833
organ_tablature,ammerbach_bookA,1,0.9999999972348301,0.9917092117166729,0.9958546044757515
organ_tablature,ammerbach_bookA,1,0.9999999999543447,0.9798222766919843,0.9899111383231645
organ_tablature,ammerbach_bookA,1,0.9999999117765652,1.0,0.9999999558882826
organ_tablature,ammerbach_bookA,1,0.9999916393701067,1.0,0.9999958196850534
organ_tablature,ammerbach_bookA,1,0.9999989217138588,0.9957385979900473,0.9978687598519531
organ_tablature,ammerbach_bookA,1,0.9999877469331651,0.998,0.9989938734665825
organ_tablature,ammerbach_bookA,1,0.999988374714532,1.0,0.999994187357266
organ_tablature,ammerbach_bookA,1,0.9999867145860377,1.0,0.9999933572930189
organ_tablature,ammerbach_bookA,1,0.9999994957926908,0.9957385979900473,0.997869046891369
organ_tablature,ammerbach_bookA,1,0.9999931321544806,0.9946199158485273,0.997306524001504
organ_tablature,ammerbach_bookA,1,0.999796976382071,1.0,0.9998984881910356
organ_tablature,ammerbach_bookA,1,0.999731015671879,1.0,0.9998655078359395
organ_tablature,ammerbach_bookA,1,0.9996886523464346,1.0,0.9998443261732173
organ_tablature,ammerbach_bookA,1,0.9993221180180898,1.0,0.9996610590090449
organ_tablature,ammerbach_bookA,1,0.9997764852432486,1.0,0.9998882426216242
organ_tablature,ammerbach_bookA,1,0.9995955459052097,1.0,0.9997977729526049
organ_tablature,ammerbach_bookA,1,0.9998565047982496,1.0,0.9999282523991249
organ_tablature,ammerbach_bookA,1,0.9999745866861061,1.0,0.999987293343053
organ_tablature,ammerbach_bookA,1,0.9999986482215178,1.0,0.999999324110759
organ_tablature,ammerbach_bookA,1,0.9999972306133315,0.9951536545302103,0.9975754425717709
organ_tablature,ammerbach_bookA,1,0.9998211260661931,1.0,0.9999105630330966
organ_tablature,ammerbach_bookA,1,0.9991075297647657,1.0,0.9995537648823829
organ_tablature,ammerbach_bookA,1,0.9993333216989384,1.0,0.9996666608494692
organ_tablature,ammerbach_bookA,1,0.9998539491285293,1.0,0.9999269745642647
organ_tablature,ammerbach_bookA,1,0.9999433401866024,1.0,0.9999716700933012
organ_tablature,ammerbach_bookA,1,0.9994548075699902,1.0,0.999727403784995
organ_tablature,ammerbach_bookA,1,0.9997807246331056,1.0,0.9998903623165528
organ_tablature,ammerbach_bookA,1,0.999898268701995,1.0,0.9999491343509975
organ_tablature,ammerbach_bookA,1,0.9997826538803088,0.9985240706886045,0.9991533622844566
organ_tablature,ammerbach_bookA,1,0.9999104570216147,1.0,0.9999552285108073
organ_tablature,ammerbach_bookA,1,0.9999548906456516,1.0,0.9999774453228258
organ_tablature,ammerbach_bookA,1,0.9996683335350702,1.0,0.9998341667675351
organ_tablature,ammerbach_bookA,1,0.9994939744757178,1.0,0.9997469872378588
organ_tablature,ammerbach_bookA,1,0.9996683875894349,1.0,0.9998341937947175
organ_tablature,ammerbach_bookA,1,0.9999239643360207,0.998,0.9989619821680104
organ_tablature,ammerbach_bookA,1,0.9997644302008803,1.0,0.9998822151004402
organ_tablature,ammerbach_bookA,1,0.9999111386707203,1.0,0.9999555693353601
organ_tablature,ammerbach_bookA,1,0.9997385847930841,0.998,0.9988692923965421
organ_tablature,ammerbach_bookA,1,0.9970536328622083,1.0,0.9985268164311041
organ_tablature,ammerbach_bookA,1,0.9997714873426761,1.0,0.999885743671338
organ_tablature,ammerbach_bookA,1,0.9999908306144022,0.998,0.9989954153072012
organ_tablature,ammerbach_bookA,1,0.9999563566028132,1.0,0.9999781783014066
organ_tablature,ammerbach_bookA,1,0.9999451524054382,1.0,0.9999725762027192
organ_tablature,ammerbach_bookA,1,0.9996627800279754,0.996002694610928,0.9978327373194518
organ_tablature,ammerbach_bookA,1,0.9919300063028489,0.9986724700761697,0.9953012381895092
organ_tablature,ammerbach_bookA,1,0.9992590059285429,0.998,0.9986295029642714
organ_tablature,ammerbach_bookA,1,0.9993442790781073,1.0,0.9996721395390537
organ_tablature,ammerbach_bookA,1,0.9994087303341953,1.0,0.9997043651670976
organ_tablature,ammerbach_bookA,1,0.99997367876251,1.0,0.999986839381255
organ_tablature,ammerbach_bookA,1,0.9999998536284468,1.0,0.9999999268142234
organ_tablature,ammerbach_bookA,1,0.9999999023457424,1.0,0.9999999511728712
organ_tablature,ammerbach_bookA,1,0.9999898175848558,1.0,0.9999949087924279
organ_tablature,ammerbach_bookA,1,0.9999492066039095,1.0,0.9999746033019548
organ_tablature,ammerbach_bookA,1,0.9999734220893156,1.0,0.9999867110446579
organ_tablature,ammerbach_bookA,1,0.9999159765655412,1.0,0.9999579882827706
organ_tablature,ammerbach_bookA,1,0.999989849345967,1.0,0.9999949246729836
organ_tablature,ammerbach_bookA,1,0.999987802485717,1.0,0.9999939012428585
organ_tablature,ammerbach_bookA,1,0.9999766627405385,1.0,0.9999883313702693
organ_tablature,ammerbach_bookA,1,0.9998946285988034,1.0,0.9999473142994018
organ_tablature,ammerbach_bookA,1,0.9999807728906437,1.0,0.9999903864453219
organ_tablature,ammerbach_bookA,1,0.9999951842262395,1.0,0.9999975921131197
organ_tablature,ammerbach_bookA,1,0.9999999040353748,1.0,0.9999999520176874
organ_tablature,ammerbach_bookA,1,0.9999999468501576,1.0,0.9999999734250788
organ_tablature,ammerbach_bookA,1,0.9999999287499739,1.0,0.999999964374987
organ_tablature,ammerbach_bookA,1,0.9999999735016643,1.0,0.9999999867508321
organ_tablature,ammerbach_bookA,1,0.9999998199360889,1.0,0.9999999099680444
organ_tablature,ammerbach_bookA,1,0.9999985273010007,1.0,0.9999992636505004
organ_tablature,ammerbach_bookA,1,0.9999756891088168,1.0,0.9999878445544084
organ_tablature,ammerbach_bookA,1,0.999934803615142,1.0,0.999967401807571
organ_tablature,ammerbach_bookA,1,0.9999483078896101,1.0,0.999974153944805
organ_tablature,ammerbach_bookA,1,0.999811532181915,1.0,0.9999057660909575
organ_tablature,ammerbach_bookA,1,0.9998524955406646,1.0,0.9999262477703323
organ_tablature,ammerbach_bookA,1,0.9997139752652904,1.0,0.9998569876326452
organ_tablature,ammerbach_bookA,1,0.9998612809532815,1.0,0.9999306404766408
organ_tablature,ammerbach_bookA,1,0.9999990387248022,1.0,0.9999995193624012
organ_tablature,ammerbach_bookA,1,0.9999662718226335,1.0,0.9999831359113167
organ_tablature,ammerbach_bookA,1,0.9999069136334052,1.0,0.9999534568167026
organ_tablature,ammerbach_bookA,1,0.9999897454884901,1.0,0.999994872744245
organ_tablature,ammerbach_bookA,1,0.9997517846432712,1.0,0.9998758923216355
organ_tablature,ammerbach_bookA,1,0.9978886468185267,1.0,0.9989443234092634
organ_tablature,ammerbach_bookA,1,0.9999625083658024,0.998,0.9989812541829012
organ_tablature,ammerbach_bookA,1,0.9999906883874811,0.9957385979900473,0.9978646431887641
organ_tablature,ammerbach_bookA,1,0.9999007381460253,1.0,0.9999503690730127
organ_tablature,ammerbach_bookA,1,0.9999920142671702,0.9985240706886045,0.9992580424778874
organ_tablature,ammerbach_bookA,1,0.9999555294232007,1.0,0.9999777647116004
organ_tablature,ammerbach_bookA,1,0.9999912065490753,1.0,0.9999956032745376
organ_tablature,ammerbach_bookA,1,0.9999779034149867,1.0,0.9999889517074934
organ_tablature,ammerbach_bookA,1,0.9999875415917048,1.0,0.9999937707958524
organ_tablature,ammerbach_bookA,1,0.9999979797003389,1.0,0.9999989898501694
organ_tablature,ammerbach_bookA,1,0.9999963477530903,0.998,0.9989981738765452
organ_tablature,ammerbach_bookA,1,0.9999989988127659,1.0,0.999999499406383
organ_tablature,ammerbach_bookA,1,0.9999404655266043,1.0,0.9999702327633022
organ_tablature,ammerbach_bookA,1,0.9999923049469724,0.9985240706886045,0.9992581878177884
organ_tablature,ammerbach_bookA,1,0.9999978254759266,0.996002694610928,0.9980002600434273
organ_tablature,ammerbach_bookA,1,0.9999866348105853,1.0,0.9999933174052926
organ_tablature,ammerbach_bookA,1,0.9999946539024998,1.0,0.9999973269512499
organ_tablature,ammerbach_bookA,1,0.9999409087124739,1.0,0.9999704543562369
organ_tablature,ammerbach_bookA,1,0.9999924780871166,1.0,0.9999962390435583
organ_tablature,ammerbach_bookA,1,0.9999943363085094,1.0,0.9999971681542548
organ_tablature,ammerbach_bookA,1,0.999996874824917,1.0,0.9999984374124584
organ_tablature,ammerbach_bookA,1,0.9999989140450944,1.0,0.9999994570225472
organ_tablature,ammerbach_bookA,1,0.9999975296337806,0.998,0.9989987648168903
organ_tablature,ammerbach_bookA,1,0.9992175900759811,1.0,0.9996087950379906
organ_tablature,ammerbach_bookA,1,0.9997226922616507,1.0,0.9998613461308253
organ_tablature,ammerbach_bookA,1,0.9992668908314756,1.0,0.9996334454157378
organ_tablature,ammerbach_bookA,1,0.9999498837498569,1.0,0.9999749418749284
organ_tablature,ammerbach_bookA,1,0.9999193483032769,1.0,0.9999596741516384
organ_tablature,ammerbach_bookA,1,0.9999860659610645,1.0,0.9999930329805322
organ_tablature,ammerbach_bookA,1,0.9999031657468754,1.0,0.9999515828734378
organ_tablature,ammerbach_bookA,1,0.9994607725879456,1.0,0.9997303862939728
organ_tablature,ammerbach_bookA,1,0.9997356974634268,1.0,0.9998678487317134
organ_tablature,ammerbach_bookA,1,0.9999887507849502,1.0,0.9999943753924752
organ_tablature,ammerbach_bookA,1,0.9999861747089462,1.0,0.9999930873544731
organ_tablature,ammerbach_bookA,1,0.9999868890267205,1.0,0.9999934445133603
organ_tablature,ammerbach_bookA,1,0.9999793157262817,1.0,0.9999896578631409
organ_tablature,ammerbach_bookA,1,0.9999993724791366,1.0,0.9999996862395684
organ_tablature,ammerbach_bookA,1,0.9999998857159782,1.0,0.9999999428579891
organ_tablature,ammerbach_bookA,1,0.9999998003608789,1.0,0.9999999001804394
organ_tablature,ammerbach_bookA,1,0.9999998937201515,0.99911868214152,0.9995592879308357
organ_tablature,ammerbach_bookA,1,0.9999999334495022,1.0,0.9999999667247511
organ_tablature,ammerbach_bookA,1,0.9999973085446865,1.0,0.9999986542723432
organ_tablature,ammerbach_bookA,1,0.9999997366349903,1.0,0.9999998683174951
organ_tablature,ammerbach_bookA,1,0.999999935083663,1.0,0.9999999675418315
organ_tablature,ammerbach_bookA,1,0.9999997417273562,1.0,0.9999998708636781
organ_tablature,ammerbach_bookA,1,0.9999899115433662,1.0,0.9999949557716832
organ_tablature,ammerbach_bookA,1,0.9999978859516628,1.0,0.9999989429758314
organ_tablature,ammerbach_bookA,1,0.9999999977289435,0.9926187051656663,0.9963093514473049
organ_tablature,ammerbach_bookA,1,0.9999999943659654,1.0,0.9999999971829827
organ_tablature,ammerbach_bookA,1,0.9999999261068305,0.9957385979900473,0.9978692620484388
organ_tablature,ammerbach_bookA,1,0.9999999806719609,0.99911868214152,0.9995593314067405
organ_tablature,ammerbach_bookA,1,0.9999999912632597,1.0,0.9999999956316299
organ_tablature,ammerbach_bookA,1,0.999999974149113,1.0,0.9999999870745565
organ_tablature,ammerbach_bookA,1,0.9999997389057633,1.0,0.9999998694528817
organ_tablature,ammerbach_bookA,1,0.9999977288234226,1.0,0.9999988644117113
organ_tablature,ammerbach_bookA,1,0.9998239122474176,1.0,0.9999119561237089
organ_tablature,ammerbach_bookA,1,0.999935231558407,1.0,0.9999676157792035
organ_tablature,ammerbach_bookA,1,0.9999992963612923,1.0,0.9999996481806461
organ_tablature,ammerbach_bookA,1,0.99998975706457,1.0,0.999994878532285
organ_tablature,ammerbach_bookA,1,0.9997527184768968,0.9985240706886045,0.9991383945827507
organ_tablature,ammerbach_bookA,1,0.9999054845088701,1.0,0.999952742254435
organ_tablature,ammerbach_bookA,1,0.9997881357281485,1.0,0.9998940678640742
organ_tablature,ammerbach_bookA,1,0.9999997310509088,1.0,0.9999998655254544
organ_tablature,ammerbach_bookA,1,0.9999996880674764,1.0,0.9999998440337382
organ_tablature,ammerbach_bookA,1,0.9999881658717946,0.99911868214152,0.9995534240066573
organ_tablature,ammerbach_bookA,1,0.9997601247825171,1.0,0.9998800623912585
organ_tablature,ammerbach_bookA,1,0.9999887382564125,0.998,0.9989943691282063
organ_tablature,ammerbach_bookA,1,0.9999846038862548,1.0,0.9999923019431274
organ_tablature,ammerbach_bookA,1,0.9998803719668781,1.0,0.999940185983439
organ_tablature,ammerbach_bookA,1,0.9999695118055693,1.0,0.9999847559027846
organ_tablature,ammerbach_bookA,1,0.9998896476732433,1.0,0.9999448238366216
organ_tablature,ammerbach_bookA,1,0.9999293107018636,1.0,0.9999646553509318
organ_tablature,ammerbach_bookA,1,0.9999900796484404,1.0,0.9999950398242202
organ_tablature,ammerbach_bookA,1,0.9999938556680267,1.0,0.9999969278340133
organ_tablature,ammerbach_bookA,1,0.9999772409391242,1.0,0.999988620469562
organ_tablature,ammerbach_bookA,1,0.9999447028586509,1.0,0.9999723514293255
organ_tablature,ammerbach_bookA,1,0.999094176318769,1.0,0.9995470881593844
organ_tablature,ammerbach_bookA,1,0.9986493483055028,1.0,0.9993246741527514
organ_tablature,ammerbach_bookA,1,0.9995199862161195,1.0,0.9997599931080597
organ_tablature,ammerbach_bookA,1,0.9999635075611841,0.9957385979900473,0.9978510527756157
organ_tablature,ammerbach_bookA,1,0.9999976590756584,0.9938608435304461,0.9969292513030523
organ_tablature,ammerbach_bookA,1,0.9999989262645275,0.9972409276819189,0.9986199269732232
organ_tablature,ammerbach_bookA,1,0.999995937625452,0.9959987893171389,0.9979973634712955
organ_tablature,ammerbach_bookA,1,0.9999894574854304,0.9981222455403989,0.9990558515129146
organ_tablature,ammerbach_bookA,1,0.9999705850567657,1.0,0.9999852925283829
organ_tablature,ammerbach_bookA,1,0.9999991451886654,1.0,0.9999995725943327
organ_tablature,ammerbach_bookA,1,0.9999985718635892,1.0,0.9999992859317945
organ_tablature,ammerbach_bookA,1,0.9999908780382076,1.0,0.9999954390191038
organ_tablature,ammerbach_bookA,1,0.9998001573696459,1.0,0.9999000786848229
organ_tablature,ammerbach_bookA,1,0.9998709821289962,1.0,0.9999354910644981
organ_tablature,ammerbach_bookA,1,0.9999830085672528,1.0,0.9999915042836264
organ_tablature,ammerbach_bookA,1,0.9998816195889757,1.0,0.9999408097944879
organ_tablature,ammerbach_bookA,1,0.999690810349241,1.0,0.9998454051746205
organ_tablature,ammerbach_bookA,1,0.9999121682712765,1.0,0.9999560841356383
organ_tablature,ammerbach_bookA,1,0.9999572985534604,1.0,0.9999786492767302
organ_tablature,ammerbach_bookA,1,0.999997826591906,1.0,0.999998913295953
organ_tablature,ammerbach_bookA,1,0.9999592140344202,1.0,0.9999796070172101
organ_tablature,ammerbach_bookA,1,0.9999817922150236,1.0,0.9999908961075118
organ_tablature,ammerbach_bookA,1,0.9999987087909791,1.0,0.9999993543954895
organ_tablature,ammerbach_bookA,1,0.9999944429814196,1.0,0.9999972214907098
organ_tablature,ammerbach_bookA,1,0.9999981305281116,1.0,0.9999990652640558
organ_tablature,ammerbach_bookA,1,0.999980100633726,0.9985240706886045,0.9992520856611653
organ_tablature,ammerbach_bookA,1,0.9999891138096576,1.0,0.9999945569048287
organ_tablature,ammerbach_bookA,1,0.9999817136280856,1.0,0.9999908568140428
organ_tablature,ammerbach_bookA,1,0.9997701541091888,1.0,0.9998850770545944
organ_tablature,ammerbach_bookA,1,0.9999930867302466,1.0,0.9999965433651232
organ_tablature,ammerbach_bookA,1,0.9998987466545807,1.0,0.9999493733272904
organ_tablature,ammerbach_bookA,1,0.9998323839146103,1.0,0.9999161919573052
organ_tablature,ammerbach_bookA,1,0.9999570806063885,1.0,0.9999785403031942
organ_tablature,ammerbach_bookA,1,0.9999883737433708,1.0,0.9999941868716854
organ_tablature,ammerbach_bookA,1,0.999996261995087,1.0,0.9999981309975434
organ_tablature,ammerbach_bookA,1,0.9999228657287905,1.0,0.9999614328643953
organ_tablature,ammerbach_bookA,1,0.9998415675802247,1.0,0.9999207837901123
organ_tablature,ammerbach_bookA,1,0.9996051089245996,1.0,0.9998025544622998
organ_tablature,ammerbach_bookA,1,0.9999879009971907,1.0,0.9999939504985953
organ_tablature,ammerbach_bookA,1,0.999998957191717,1.0,0.9999994785958586
organ_tablature,ammerbach_bookA,1,0.999999782594384,0.99911868214152,0.9995592323679521
organ_tablature,ammerbach_bookA,1,0.9999990374723012,1.0,0.9999995187361506
organ_tablature,ammerbach_bookA,1,0.9999954932653602,1.0,0.9999977466326802
organ_tablature,ammerbach_bookA,1,0.9999760756171688,1.0,0.9999880378085844
organ_tablature,ammerbach_bookA,1,0.999947102683271,1.0,0.9999735513416355
organ_tablature,ammerbach_bookA,1,0.9998632577826168,1.0,0.9999316288913084
organ_tablature,ammerbach_bookA,1,0.9999856539476916,1.0,0.9999928269738458
organ_tablature,ammerbach_bookA,1,0.9999990640266124,1.0,0.9999995320133062
organ_tablature,ammerbach_bookA,1,0.9999989055846681,1.0,0.999999452792334
organ_tablature,ammerbach_bookA,1,0.9999063864883916,1.0,0.9999531932441958
organ_tablature,ammerbach_bookA,1,0.9985953486215411,1.0,0.9992976743107705
organ_tablature,ammerbach_bookA,1,0.9999227017040998,1.0,0.99996135085205
organ_tablature,ammerbach_bookA,1,0.9998826140282027,1.0,0.9999413070141013
organ_tablature,ammerbach_bookA,1,0.9999617445048029,1.0,0.9999808722524015
organ_tablature,ammerbach_bookA,1,0.99998874486822,1.0,0.99999437243411
organ_tablature,ammerbach_bookA,1,0.9997396416398453,1.0,0.9998698208199226
organ_tablature,ammerbach_bookA,1,0.9996263483774754,1.0,0.9998131741887377
organ_tablature,ammerbach_bookA,1,0.9999640214555348,1.0,0.9999820107277674
organ_tablature,ammerbach_bookA,1,0.9998594114130095,1.0,0.9999297057065047
organ_tablature,ammerbach_bookA,1,0.9999804405601499,1.0,0.999990220280075
organ_tablature,ammerbach_bookA,1,0.9999902008866893,0.9985240706886045,0.999257135787647
organ_tablature,ammerbach_bookA,1,0.9994458197313251,1.0,0.9997229098656626
organ_tablature,ammerbach_bookA,1,0.9996121477262222,1.0,0.9998060738631112
organ_tablature,ammerbach_bookA,1,0.9999378836247529,1.0,0.9999689418123765
organ_tablature,ammerbach_bookA,1,0.9999998408666666,1.0,0.9999999204333333
organ_tablature,ammerbach_bookA,1,0.9999996630321758,1.0,0.9999998315160878
organ_tablature,ammerbach_bookA,1,0.9999995656446162,0.9972409276819189,0.9986202466632675
organ_tablature,ammerbach_bookA,1,0.99999986053092,1.0,0.9999999302654601
organ_tablature,ammerbach_bookA,1,0.9999981139160384,1.0,0.9999990569580193
organ_tablature,ammerbach_bookA,1,0.999998720188875,0.9972409276819189,0.9986198239353969
organ_tablature,ammerbach_bookA,1,0.9999986842043356,1.0,0.9999993421021678
organ_tablature,ammerbach_bookA,1,0.9999945454750545,1.0,0.9999972727375273
organ_tablature,ammerbach_bookA,1,0.9999976572036697,1.0,0.9999988286018349
organ_tablature,ammerbach_bookA,1,0.9999999307009252,1.0,0.9999999653504625
organ_tablature,ammerbach_bookA,1,0.9999995852239363,1.0,0.9999997926119681
organ_tablature,ammerbach_bookA,1,0.9999968518759812,1.0,0.9999984259379906
organ_tablature,ammerbach_bookA,1,0.9999995585841647,1.0,0.9999997792920823
organ_tablature,ammerbach_bookA,1,0.9999998875981504,0.8926675117969345,0.9463336996975424
organ_tablature,ammerbach_bookA,1,0.999987653867514,1.0,0.9999938269337569
organ_tablature,ammerbach_bookA,1,0.9999878078054624,1.0,0.9999939039027312
organ_tablature,ammerbach_bookA,1,0.9999825880252129,1.0,0.9999912940126064
organ_tablature,ammerbach_bookA,1,0.9999086188091852,1.0,0.9999543094045926
organ_tablature,ammerbach_bookA,1,0.9999986236832079,1.0,0.999999311841604
organ_tablature,ammerbach_bookA,1,0.9999898045005509,0.998,0.9989949022502754
organ_tablature,ammerbach_bookA,1,0.9998931213501613,1.0,0.9999465606750806
organ_tablature,ammerbach_bookA,1,0.999788631282425,1.0,0.9998943156412126
organ_tablature,ammerbach_bookA,1,0.9999954214743398,0.9985240706886045,0.9992597460814722
organ_tablature,ammerbach_bookA,1,0.9998335720305944,1.0,0.9999167860152972
organ_tablature,ammerbach_bookA,1,0.9999891807362815,1.0,0.9999945903681408
organ_tablature,ammerbach_bookA,1,0.9999333661189328,1.0,0.9999666830594665
organ_tablature,ammerbach_bookA,1,0.9999988931648137,1.0,0.9999994465824069
organ_tablature,ammerbach_bookA,1,0.9999814988825148,1.0,0.9999907494412574
organ_tablature,ammerbach_bookA,1,0.9999200839410314,0.9973302245347584,0.9986251542378949
organ_tablature,ammerbach_bookA,1,0.9999995722601616,0.9500595468791182,0.9750295595696399
organ_tablature,ammerbach_bookA,1,0.9999627949572412,1.0,0.9999813974786206
organ_tablature,ammerbach_bookA,1,0.9999992294667639,1.0,0.999999614733382
organ_tablature,ammerbach_bookA,1,0.9999972913771872,1.0,0.9999986456885936
organ_tablature,ammerbach_bookA,1,0.9999970846198638,1.0,0.9999985423099319
organ_tablature,ammerbach_bookA,1,0.9999987669958827,1.0,0.9999993834979414
organ_tablature,ammerbach_bookA,1,0.9999819960908373,0.9985240706886045,0.9992530333897209
organ_tablature,ammerbach_bookA,1,0.9999979458635226,0.8900896014116082,0.9450437736375654
organ_tablature,ammerbach_bookA,1,0.9999985053375975,0.9552259790350854,0.9776122421863415
organ_tablature,ammerbach_bookA,1,0.9995663849553201,1.0,0.9997831924776601
organ_tablature,ammerbach_bookA,1,0.9998934101908791,1.0,0.9999467050954396
organ_tablature,ammerbach_bookA,1,0.9998955144964773,1.0,0.9999477572482387
organ_tablature,ammerbach_bookA,1,0.9998553450935168,1.0,0.9999276725467584
organ_tablature,ammerbach_bookA,1,0.999887990049875,1.0,0.9999439950249376
organ_tablature,ammerbach_bookA,1,0.9999112620231178,1.0,0.9999556310115589
organ_tablature,ammerbach_bookA,1,0.9999729773760148,1.0,0.9999864886880074
organ_tablature,ammerbach_bookA,1,0.9999016104652841,1.0,0.999950805232642
organ_tablature,ammerbach_bookA,1,0.9998797027857134,1.0,0.9999398513928567
organ_tablature,ammerbach_bookA,1,0.9997902289865191,1.0,0.9998951144932595
organ_tablature,ammerbach_bookA,1,0.9999754742106952,1.0,0.9999877371053476
organ_tablature,ammerbach_bookA,1,0.9999911413111103,1.0,0.9999955706555552
organ_tablature,ammerbach_bookA,1,0.9999979375112423,1.0,0.9999989687556212
organ_tablature,ammerbach_bookA,1,0.999999795303263,1.0,0.9999998976516316
organ_tablature,ammerbach_bookA,1,0.9999998017457783,1.0,0.9999999008728891
organ_tablature,ammerbach_bookA,1,0.9999939016144509,1.0,0.9999969508072255
organ_tablature,ammerbach_bookA,1,0.999997813948712,0.9876023931497211,0.9938001035492166
organ_tablature,ammerbach_bookA,1,0.9999929040180338,1.0,0.9999964520090169
organ_tablature,ammerbach_bookA,1,0.9999929748915766,1.0,0.9999964874457883
organ_tablature,ammerbach_bookA,1,0.9998885681520939,1.0,0.999944284076047
organ_tablature,ammerbach_bookA,1,0.9933212330880922,0.9988225024248303,0.9960718677564613
organ_tablature,ammerbach_bookA,1,0.9951191647564583,0.9988225024248303,0.9969708335906443
organ_tablature,ammerbach_bookA,1,0.9993983058550686,1.0,0.9996991529275343
organ_tablature,ammerbach_bookA,1,0.9999124545630287,1.0,0.9999562272815143
organ_tablature,ammerbach_bookA,1,0.9999899538114739,1.0,0.999994976905737
organ_tablature,ammerbach_bookA,1,0.9999869659354067,1.0,0.9999934829677033
organ_tablature,ammerbach_bookA,1,0.9999863882064209,1.0,0.9999931941032105
organ_tablature,ammerbach_bookA,1,0.9999946009453659,1.0,0.999997300472683
organ_tablature,ammerbach_bookA,1,0.9999919885681785,1.0,0.9999959942840893
organ_tablature,ammerbach_bookA,1,0.9998074350453812,0.9985240706886045,0.9991657528669928
organ_tablature,ammerbach_bookA,1,0.9996491591849709,1.0,0.9998245795924854
organ_tablature,ammerbach_bookA,1,0.9989206920022462,1.0,0.9994603460011231
organ_tablature,ammerbach_bookA,1,0.9994969084108695,1.0,0.9997484542054347
organ_tablature,ammerbach_bookA,1,0.9786004165428831,0.9988225024248303,0.9887114594838566
organ_tablature,ammerbach_bookA,1,0.9998989564239729,1.0,0.9999494782119864
organ_tablature,ammerbach_bookA,1,0.9999872669609717,1.0,0.9999936334804859
organ_tablature,ammerbach_bookA,1,0.9999055674199439,1.0,0.999952783709972
organ_tablature,ammerbach_bookA,1,0.9999817231649444,1.0,0.9999908615824722
organ_tablature,ammerbach_bookA,1,0.9996653702066485,1.0,0.9998326851033242
organ_tablature,ammerbach_bookA,1,0.9991022980142815,1.0,0.9995511490071407
organ_tablature,ammerbach_bookA,1,0.9999622551470804,1.0,0.9999811275735402
organ_tablature,ammerbach_bookA,1,0.999998928196009,1.0,0.9999994640980046
organ_tablature,ammerbach_bookA,1,0.9999978989579953,1.0,0.9999989494789976
organ_tablature,ammerbach_bookA,1,0.9995550673974244,0.9985240706886045,0.9990395690430145
organ_tablature,ammerbach_bookA,1,0.999970573153152,1.0,0.9999852865765759
organ_tablature,ammerbach_bookA,1,0.9999925063457205,1.0,0.9999962531728602
organ_tablature,ammerbach_bookA,1,0.9999784122683252,1.0,0.9999892061341626
organ_tablature,ammerbach_bookA,1,0.999905098941554,1.0,0.999952549470777
organ_tablature,ammerbach_bookA,1,0.9999975689831798,1.0,0.9999987844915899
organ_tablature,ammerbach_bookA,1,0.9999954889068096,1.0,0.9999977444534047
organ_tablature,ammerbach_bookA,1,0.9999919506798592,1.0,0.9999959753399297
organ_tablature,ammerbach_bookA,1,0.9999753643290422,1.0,0.999987682164521
organ_tablature,ammerbach_bookA,1,0.9999492010103125,1.0,0.9999746005051562
organ_tablature,ammerbach_bookA,1,0.9998215066699783,1.0,0.9999107533349891
organ_tablature,ammerbach_bookA,1,0.9998814432685125,1.0,0.9999407216342562
organ_tablature,ammerbach_bookA,1,0.9999498137558057,1.0,0.9999749068779029
organ_tablature,ammerbach_bookA,1,0.9998131488732742,1.0,0.9999065744366371
organ_tablature,ammerbach_bookA,1,0.9999372276010468,1.0,0.9999686138005234
organ_tablature,ammerbach_bookA,1,0.9999651166621064,1.0,0.9999825583310532
organ_tablature,ammerbach_bookA,1,0.9999683145298282,1.0,0.9999841572649141
organ_tablature,ammerbach_bookA,1,0.9999880672204501,0.998,0.998994033610225
organ_tablature,ammerbach_bookA,1,0.9998891294116696,1.0,0.9999445647058348
organ_tablature,ammerbach_bookA,1,0.9999839354949305,1.0,0.9999919677474652
organ_tablature,ammerbach_bookA,1,0.9999962636655336,1.0,0.9999981318327669
organ_tablature,ammerbach_bookA,1,0.9999452539175048,1.0,0.9999726269587523
organ_tablature,ammerbach_bookA,1,0.9998832301532312,1.0,0.9999416150766156
organ_tablature,ammerbach_bookA,1,0.9998941005399581,1.0,0.999947050269979
organ_tablature,ammerbach_bookA,1,0.9999668132089803,1.0,0.9999834066044901
organ_tablature,ammerbach_bookA,1,0.9999155007020638,1.0,0.999957750351032
organ_tablature,ammerbach_bookA,1,0.9999873986468029,1.0,0.9999936993234014
organ_tablature,ammerbach_bookA,1,0.999995242251409,1.0,0.9999976211257045
organ_tablature,ammerbach_bookA,1,0.9999072792111425,1.0,0.9999536396055713
organ_tablature,ammerbach_bookA,1,0.9998325704623378,1.0,0.9999162852311689
organ_tablature,ammerbach_bookA,1,0.9999836463757608,1.0,0.9999918231878804
organ_tablature,ammerbach_bookA,1,0.9999582658873801,1.0,0.99997913294369
organ_tablature,ammerbach_bookA,1,0.9995345071527827,1.0,0.9997672535763913
organ_tablature,ammerbach_bookA,1,0.9993400434946008,1.0,0.9996700217473005
organ_tablature,ammerbach_bookA,1,0.9998545085992151,1.0,0.9999272542996076
organ_tablature,ammerbach_bookA,1,0.9994804814159906,1.0,0.9997402407079953
organ_tablature,ammerbach_bookA,1,0.9995242604889929,1.0,0.9997621302444964
organ_tablature,ammerbach_bookA,1,0.9999655497155852,1.0,0.9999827748577925
organ_tablature,ammerbach_bookA,1,0.9999623410651445,1.0,0.9999811705325723
organ_tablature,ammerbach_bookA,1,0.999950078380093,1.0,0.9999750391900465
organ_tablature,ammerbach_bookA,1,0.999848766634651,1.0,0.9999243833173255
organ_tablature,ammerbach_bookA,1,0.9989979324725982,1.0,0.9994989662362991
organ_tablature,ammerbach_bookA,1,0.9999872046553456,1.0,0.9999936023276728
organ_tablature,ammerbach_bookA,1,0.9999963989150329,1.0,0.9999981994575164
organ_tablature,ammerbach_bookA,1,0.9998440142683693,1.0,0.9999220071341847
organ_tablature,ammerbach_bookA,1,0.9999805150750029,1.0,0.9999902575375015
organ_tablature,ammerbach_bookA,1,0.999929940014858,1.0,0.999964970007429
organ_tablature,ammerbach_bookA,1,0.9999919784115702,1.0,0.999995989205785
organ_tablature,ammerbach_bookA,1,0.9999974361843684,1.0,0.9999987180921842
organ_tablature,ammerbach_bookA,1,0.9999979248679086,1.0,0.9999989624339543
organ_tablature,ammerbach_bookA,1,0.9999946733852926,1.0,0.9999973366926462
organ_tablature,ammerbach_bookA,1,0.9997415387964121,1.0,0.9998707693982061
organ_tablature,ammerbach_bookA,1,0.999630406079129,1.0,0.9998152030395645
organ_tablature,ammerbach_bookA,1,0.9995622495306778,1.0,0.999781124765339
organ_tablature,ammerbach_bookA,1,0.999968528718795,1.0,0.9999842643593975
organ_tablature,ammerbach_bookA,1,0.9999522243214682,1.0,0.9999761121607341
organ_tablature,ammerbach_bookA,1,0.9999501422968894,1.0,0.9999750711484447
organ_tablature,ammerbach_bookA,1,0.9999759062348971,1.0,0.9999879531174485
organ_tablature,ammerbach_bookA,1,0.9998989209273954,1.0,0.9999494604636977
organ_tablature,ammerbach_bookA,1,0.9992509594800436,1.0,0.9996254797400218
organ_tablature,ammerbach_bookA,1,0.9999851693508441,0.9981222455403989,0.9990537074456215
organ_tablature,ammerbach_bookA,1,0.9999947169737389,1.0,0.9999973584868694
organ_tablature,ammerbach_bookA,1,0.9999960138998152,1.0,0.9999980069499076
organ_tablature,ammerbach_bookA,1,0.9999873472493339,1.0,0.999993673624667
organ_tablature,ammerbach_bookA,1,0.9999983157967042,1.0,0.999999157898352
organ_tablature,ammerbach_bookA,1,0.9999998920246463,1.0,0.9999999460123232
organ_tablature,ammerbach_bookA,1,0.9999975983884802,1.0,0.9999987991942401
organ_tablature,ammerbach_bookA,1,0.9999617327975552,1.0,0.9999808663987776
organ_tablature,ammerbach_bookA,1,0.999984256526963,1.0,0.9999921282634815
organ_tablature,ammerbach_bookA,1,0.999939043265953,1.0,0.9999695216329765
organ_tablature,ammerbach_bookA,1,0.9999046996676013,1.0,0.9999523498338007
organ_tablature,ammerbach_bookA,1,0.9999867139805235,1.0,0.9999933569902617
organ_tablature,ammerbach_bookA,1,0.9999924790514193,1.0,0.9999962395257096
organ_tablature,ammerbach_bookA,1,0.9999952628136833,1.0,0.9999976314068417
organ_tablature,ammerbach_bookA,1,0.9999344693122598,0.9985240706886045,0.9992292700004322
organ_tablature,ammerbach_bookA,1,0.9999991456032628,0.9409337832821864,0.9704664644427246
organ_tablature,ammerbach_bookA,1,0.9998217096631379,0.9988061538461539,0.9993139317546459
organ_tablature,ammerbach_bookA,1,0.9998489981166989,1.0,0.9999244990583495
organ_tablature,ammerbach_bookA,1,0.9999071734694159,1.0,0.999953586734708
organ_tablature,ammerbach_bookA,1,0.9998930716463594,1.0,0.9999465358231797
organ_tablature,ammerbach_bookA,1,0.9999181866278078,1.0,0.999959093313904
organ_tablature,ammerbach_bookA,1,0.999999291620272,1.0,0.999999645810136
organ_tablature,ammerbach_bookA,1,0.9999815779997834,1.0,0.9999907889998917
organ_tablature,ammerbach_bookA,1,0.9999396931039133,0.9985240706886045,0.9992318818962589
organ_tablature,ammerbach_bookA,1,0.9999897620680935,1.0,0.9999948810340468
organ_tablature,ammerbach_bookA,1,0.9999335277859224,1.0,0.9999667638929612
organ_tablature,ammerbach_bookA,1,0.9999659662930659,1.0,0.999982983146533
organ_tablature,ammerbach_bookA,1,0.9999972690816815,1.0,0.9999986345408407
organ_tablature,ammerbach_bookA,1,0.9999934097822425,1.0,0.9999967048911212
organ_tablature,ammerbach_bookA,1,0.9999953897182214,1.0,0.9999976948591107
organ_tablature,ammerbach_bookA,1,0.9999959915562301,1.0,0.9999979957781151
organ_tablature,ammerbach_bookA,1,0.9999977742990019,1.0,0.9999988871495009
organ_tablature,ammerbach_bookA,1,0.9999911894719811,1.0,0.9999955947359905
organ_tablature,ammerbach_bookA,1,0.9999917405903372,1.0,0.9999958702951686
organ_tablature,ammerbach_bookA,1,0.9999933274477559,0.9985240706886045,0.9992586990681802
organ_tablature,ammerbach_bookA,1,0.9999999576255578,0.9972290063109222,0.99861448196824
organ_tablature,ammerbach_bookA,1,0.9999999998131863,0.9362371975609138,0.9681185986870501
organ_tablature,ammerbach_bookA,1,0.9999999663759769,0.9962723366717304,0.9981361515238536
organ_tablature,ammerbach_bookA,1,0.9999267602806878,1.0,0.9999633801403439
organ_tablature,ammerbach_bookA,1,0.9999657133606875,1.0,0.9999828566803437
organ_tablature,ammerbach_bookA,1,0.9999985364289323,1.0,0.9999992682144662
organ_tablature,ammerbach_bookA,1,0.9999981928236551,1.0,0.9999990964118275
organ_tablature,ammerbach_bookA,1,0.9999932907029568,1.0,0.9999966453514784
organ_tablature,ammerbach_bookA,1,0.9998214087004423,1.0,0.9999107043502211
organ_tablature,ammerbach_bookA,1,0.999991573015868,1.0,0.9999957865079341
organ_tablature,ammerbach_bookA,1,0.9999999506314161,0.9938608435304461,0.9969303970809311
organ_tablature,ammerbach_bookA,1,0.9999989804377095,0.99911868214152,0.9995588312896148
organ_tablature,ammerbach_bookA,1,0.9999774284686962,1.0,0.9999887142343481
organ_tablature,ammerbach_bookA,1,0.9999593940728829,1.0,0.9999796970364414
organ_tablature,ammerbach_bookA,1,0.9999946240304406,1.0,0.9999973120152204
organ_tablature,ammerbach_bookA,1,0.9999967957099359,1.0,0.999998397854968
organ_tablature,ammerbach_bookA,1,0.9999665644479387,1.0,0.9999832822239694
organ_tablature,ammerbach_bookA,1,0.9999832557105435,0.9891714670511687,0.9945773613808561
organ_tablature,ammerbach_bookA,1,0.9999963548411236,0.9986724700761697,0.9993344124586466
organ_tablature,ammerbach_bookA,1,0.9999576150708248,1.0,0.9999788075354124
organ_tablature,ammerbach_bookA,1,0.9999419641901837,1.0,0.9999709820950918
organ_tablature,ammerbach_bookA,1,0.9999953214825942,1.0,0.999997660741297
organ_tablature,ammerbach_bookA,1,0.9999603840921545,1.0,0.9999801920460772
organ_tablature,ammerbach_bookA,1,0.9992666597996693,1.0,0.9996333298998347
organ_tablature,ammerbach_bookA,1,0.9998307879999544,1.0,0.9999153939999772
organ_tablature,ammerbach_bookA,1,0.9999805223106805,1.0,0.9999902611553402
organ_tablature,ammerbach_bookA,1,0.9999882460101424,1.0,0.9999941230050712
organ_tablature,ammerbach_bookA,1,0.9999857815474557,1.0,0.9999928907737279
organ_tablature,ammerbach_bookA,1,0.9999702074766301,1.0,0.9999851037383151
organ_tablature,ammerbach_bookA,1,0.9999284060994289,1.0,0.9999642030497145
organ_tablature,ammerbach_bookA,1,0.9999925068829502,1.0,0.999996253441475
organ_tablature,ammerbach_bookA,1,0.9999999962922836,1.0,0.9999999981461418
organ_tablature,ammerbach_bookA,1,0.9999999999980524,0.982118430538138,0.9910592152680953
organ_tablature,ammerbach_bookA,1,0.9999999994186293,0.9943945822121292,0.9971972908153792
organ_tablature,ammerbach_bookA,1,0.9999999616571585,1.0,0.9999999808285793
organ_tablature,ammerbach_bookA,1,0.9999998459228172,0.99911868214152,0.9995592640321687
organ_tablature,ammerbach_bookA,1,0.9999995881107018,1.0,0.9999997940553509
organ_tablature,ammerbach_bookA,1,0.9999987670918271,1.0,0.9999993835459136
organ_tablature,ammerbach_bookA,1,0.9999938532754453,1.0,0.9999969266377227
organ_tablature,ammerbach_bookA,1,0.9999064481040114,1.0,0.9999532240520057
organ_tablature,ammerbach_bookA,1,0.9999763756193466,1.0,0.9999881878096732
organ_tablature,ammerbach_bookA,1,0.9999963712412805,1.0,0.9999981856206402
organ_tablature,ammerbach_bookA,1,0.9999756868421421,1.0,0.999987843421071
organ_tablature,ammerbach_bookA,1,0.9997019963034719,1.0,0.999850998151736
organ_tablature,ammerbach_bookA,1,0.9999968013310171,1.0,0.9999984006655085
organ_tablature,ammerbach_bookA,1,0.9999999851242982,1.0,0.9999999925621491
organ_tablature,ammerbach_bookA,1,0.9999999751913831,0.99911868214152,0.9995593286664515
organ_tablature,ammerbach_bookA,1,0.9999999875108799,0.9950276354709852,0.9975138114909325
organ_tablature,ammerbach_bookA,1,0.9999999913183063,0.996269773835765,0.9981348825770356
organ_tablature,ammerbach_bookA,1,0.9999999582448813,0.9981222455403989,0.9990611018926401
organ_tablature,ammerbach_bookA,1,0.9999994369626125,1.0,0.9999997184813063
organ_tablature,ammerbach_bookA,1,0.9999994260227617,1.0,0.9999997130113809
organ_tablature,ammerbach_bookA,1,0.9999976581102199,1.0,0.99999882905511
organ_tablature,ammerbach_bookA,1,0.9999926751728216,1.0,0.9999963375864108
organ_tablature,ammerbach_bookA,1,0.9999975816384383,1.0,0.9999987908192192
organ_tablature,ammerbach_bookA,1,0.9999908971827295,1.0,0.9999954485913647
organ_tablature,ammerbach_bookA,1,0.9999923997512752,1.0,0.9999961998756376
organ_tablature,ammerbach_bookA,1,0.9999866796237078,1.0,0.9999933398118539
organ_tablature,ammerbach_bookA,1,0.9992159209325362,1.0,0.9996079604662681
organ_tablature,ammerbach_bookA,1,0.9999357847460957,1.0,0.9999678923730478
organ_tablature,ammerbach_bookA,1,0.9999967585141928,1.0,0.9999983792570963
organ_tablature,ammerbach_bookA,1,0.9999988529778148,1.0,0.9999994264889074
organ_tablature,ammerbach_bookA,1,0.9999990731066246,1.0,0.9999995365533123
organ_tablature,ammerbach_bookA,1,0.9999945843880218,1.0,0.9999972921940109
organ_tablature,ammerbach_bookA,1,0.9999784647616324,1.0,0.9999892323808162
organ_tablature,ammerbach_bookA,1,0.9999180605884828,1.0,0.9999590302942414
organ_tablature,ammerbach_bookA,1,0.9999970474706843,1.0,0.9999985237353421
organ_tablature,ammerbach_bookA,1,0.999999715770479,0.99911868214152,0.9995591989559995
organ_tablature,ammerbach_bookA,1,0.9999998881666009,0.99911868214152,0.9995592851540605
organ_tablature,ammerbach_bookA,1,0.9999991569547984,1.0,0.9999995784773992
organ_tablature,ammerbach_bookA,1,0.9999972759483542,1.0,0.9999986379741771
organ_tablature,ammerbach_bookA,1,0.9999984931305701,1.0,0.999999246565285
organ_tablature,ammerbach_bookA,1,0.9999999575477629,1.0,0.9999999787738815
organ_tablature,ammerbach_bookA,1,0.9999999023322537,1.0,0.9999999511661268
organ_tablature,ammerbach_bookA,1,0.9999995628316177,1.0,0.9999997814158088
organ_tablature,ammerbach_bookA,1,0.9999813764697243,1.0,0.9999906882348621
organ_tablature,ammerbach_bookA,1,0.9999828738369345,1.0,0.9999914369184673
organ_tablature,ammerbach_bookA,1,0.9999980151892065,1.0,0.9999990075946033
organ_tablature,ammerbach_bookA,1,0.9999973602732823,1.0,0.9999986801366412
organ_tablature,ammerbach_bookA,1,0.9999980815796803,1.0,0.9999990407898401
organ_tablature,ammerbach_bookA,1,0.9999559313214956,1.0,0.9999779656607478
organ_tablature,ammerbach_bookA,1,0.9999980059293099,1.0,0.9999990029646549
organ_tablature,ammerbach_bookA,1,0.999999726861075,1.0,0.9999998634305375
organ_tablature,ammerbach_bookA,1,0.9999985807978227,0.998,0.9989992903989113
organ_tablature,ammerbach_bookA,1,0.9999973506837337,1.0,0.9999986753418668
organ_tablature,ammerbach_bookA,1,0.9999757667284545,1.0,0.9999878833642273
organ_tablature,ammerbach_bookA,1,0.9999892134595529,1.0,0.9999946067297765
organ_tablature,ammerbach_bookA,1,0.999992019965386,1.0,0.999996009982693
organ_tablature,ammerbach_bookA,1,0.9999917520579684,1.0,0.9999958760289842
organ_tablature,ammerbach_bookA,1,0.9999906840691383,1.0,0.9999953420345691
organ_tablature,ammerbach_bookA,1,0.9999865008964908,1.0,0.9999932504482454
organ_tablature,ammerbach_bookA,1,0.999988831533611,1.0,0.9999944157668055
organ_tablature,ammerbach_bookA,1,0.9999777015454795,1.0,0.9999888507727397
organ_tablature,ammerbach_bookA,1,0.999999599814615,1.0,0.9999997999073075
organ_tablature,ammerbach_bookA,1,0.9999998119485193,1.0,0.9999999059742597
organ_tablature,ammerbach_bookA,1,0.9999996447506255,1.0,0.9999998223753128
organ_tablature,ammerbach_bookA,1,0.9999999974573697,1.0,0.9999999987286848
organ_tablature,ammerbach_bookA,1,0.9999999341293279,1.0,0.999999967064664
organ_tablature,ammerbach_bookA,1,0.9999999837456202,1.0,0.9999999918728101
organ_tablature,ammerbach_bookA,1,0.9999996434291832,0.99911868214152,0.9995591627853516
organ_tablature,ammerbach_bookA,1,0.999999842888738,1.0,0.999999921444369
organ_tablature,ammerbach_bookA,1,0.9999998482931584,0.9968801071756189,0.9984399777343886
organ_tablature,ammerbach_bookA,1,0.9999911835544238,1.0,0.9999955917772119
organ_tablature,ammerbach_bookA,1,0.9999874496887583,1.0,0.9999937248443791
organ_tablature,ammerbach_bookA,1,0.9999981264650971,0.99911868214152,0.9995584043033086
organ_tablature,ammerbach_bookA,1,0.9999964812143545,1.0,0.9999982406071772
organ_tablature,ammerbach_bookA,1,0.9999903739584243,1.0,0.9999951869792121
organ_tablature,ammerbach_bookA,1,0.9999910565269317,1.0,0.9999955282634658
organ_tablature,ammerbach_bookA,1,0.9999913580596593,1.0,0.9999956790298297
organ_tablature,ammerbach_bookA,1,0.9999647769503496,1.0,0.9999823884751748
organ_tablature,ammerbach_bookA,1,0.9999984248583913,0.9966463162290032,0.9983223705436972
organ_tablature,ammerbach_bookA,1,0.9999995827200372,0.8963580320664277,0.9481788073932325
organ_tablature,ammerbach_bookA,1,0.9998724449497508,1.0,0.9999362224748753
organ_tablature,ammerbach_bookA,1,0.9999526062088108,1.0,0.9999763031044053
organ_tablature,ammerbach_bookA,1,0.999913946768851,1.0,0.9999569733844256
organ_tablature,ammerbach_bookA,1,0.9999924048121104,1.0,0.9999962024060551
organ_tablature,ammerbach_bookA,1,0.9999949226380277,1.0,0.9999974613190139
organ_tablature,ammerbach_bookA,1,0.9998785328829872,1.0,0.9999392664414937
organ_tablature,ammerbach_bookA,1,0.9997997222769832,1.0,0.9998998611384916
organ_tablature,ammerbach_bookA,1,0.9998412092372264,1.0,0.9999206046186132
organ_tablature,ammerbach_bookA,1,0.9999141500817903,1.0,0.9999570750408951
organ_tablature,ammerbach_bookA,1,0.9999521445081542,1.0,0.9999760722540771
organ_tablature,ammerbach_bookA,1,0.999985448631176,1.0,0.9999927243155879
organ_tablature,ammerbach_bookA,1,0.9999538710947227,1.0,0.9999769355473613
organ_tablature,ammerbach_bookA,1,0.9985493354582007,1.0,0.9992746677291003
organ_tablature,ammerbach_bookA,1,0.9997223513188819,1.0,0.9998611756594409
organ_tablature,ammerbach_bookA,1,0.9995464362204217,1.0,0.9997732181102108
organ_tablature,ammerbach_bookA,1,0.9997018349908949,1.0,0.9998509174954475
organ_tablature,ammerbach_bookA,1,0.9999404279543959,1.0,0.999970213977198
organ_tablature,ammerbach_bookA,1,0.9999760209416396,1.0,0.9999880104708199
organ_tablature,ammerbach_bookA,1,0.9999957582829726,1.0,0.9999978791414863
organ_tablature,ammerbach_bookA,1,0.9999962862603015,1.0,0.9999981431301508
organ_tablature,ammerbach_bookA,1,0.9999999842956733,1.0,0.9999999921478366
organ_tablature,ammerbach_bookA,1,0.9999999882774163,0.9981222455403989,0.9990611169089076
organ_tablature,ammerbach_bookA,1,0.9999997447547787,0.9981222455403989,0.9990609951475888
organ_tablature,ammerbach_bookA,1,0.9999996170228648,0.9954041778642233,0.9977018974435441
organ_tablature,ammerbach_bookA,1,0.9999991686522617,1.0,0.9999995843261309
organ_tablature,ammerbach_bookA,1,0.9997587174886455,1.0,0.9998793587443228
organ_tablature,ammerbach_bookA,1,0.999702411881779,1.0,0.9998512059408895
organ_tablature,ammerbach_bookA,1,0.9996951594872014,1.0,0.9998475797436007
organ_tablature,ammerbach_bookA,1,0.9999652865588228,1.0,0.9999826432794114
organ_tablature,ammerbach_bookA,1,0.9999318244392634,1.0,0.9999659122196317
organ_tablature,ammerbach_bookA,1,0.9996739794481414,1.0,0.9998369897240706
organ_tablature,ammerbach_bookA,1,0.999946184908231,1.0,0.9999730924541155
organ_tablature,ammerbach_bookA,1,0.9998773804262302,1.0,0.9999386902131151
organ_tablature,ammerbach_bookA,1,0.9997669626964345,1.0,0.9998834813482173
organ_tablature,ammerbach_bookA,1,0.9999755034515098,0.998,0.9989877517257548
organ_tablature,ammerbach_bookA,1,0.9999701151964074,1.0,0.9999850575982037
organ_tablature,ammerbach_bookA,1,0.9999148687242483,1.0,0.9999574343621241
organ_tablature,ammerbach_bookA,1,0.9999975267410895,1.0,0.9999987633705447
organ_tablature,ammerbach_bookA,1,0.9999950143044073,1.0,0.9999975071522036
organ_tablature,ammerbach_bookA,1,0.999991248202423,1.0,0.9999956241012116
organ_tablature,ammerbach_bookA,1,0.9999896314984831,1.0,0.9999948157492415
organ_tablature,ammerbach_bookA,1,0.9999965240293641,1.0,0.9999982620146821
organ_tablature,ammerbach_bookA,1,0.9999996833480017,0.9947674441438935,0.9973835637459476
organ_tablature,ammerbach_bookA,1,0.999999365354564,0.9990288461538462,0.9995141057542052
organ_tablature,ammerbach_bookA,1,0.999998725952919,0.99911868214152,0.9995587040472196
organ_tablature,ammerbach_bookA,1,0.9999995912017173,1.0,0.9999997956008586
organ_tablature,ammerbach_bookA,1,0.9999950386492699,1.0,0.9999975193246349
organ_tablature,ammerbach_bookA,1,0.9999991497330083,1.0,0.9999995748665041
organ_tablature,ammerbach_bookA,1,0.9999997761108418,1.0,0.9999998880554208
organ_tablature,ammerbach_bookA,1,0.9999996213706653,1.0,0.9999998106853327
organ_tablature,ammerbach_bookA,1,0.9999960575243989,1.0,0.9999980287621995
organ_tablature,ammerbach_bookA,1,0.9999988919967167,1.0,0.9999994459983583
organ_tablature,ammerbach_bookA,1,0.9999931750533849,1.0,0.9999965875266925
organ_tablature,ammerbach_bookA,1,0.9999318830411463,1.0,0.9999659415205732
organ_tablature,ammerbach_bookA,1,0.999897127289319,1.0,0.9999485636446594
organ_tablature,ammerbach_bookA,1,0.9999690987268286,1.0,0.9999845493634143
organ_tablature,ammerbach_bookA,1,0.9999619148420867,1.0,0.9999809574210434
organ_tablature,ammerbach_bookA,1,0.9999084089152145,1.0,0.9999542044576073
organ_tablature,ammerbach_bookA,1,0.9999711687702528,1.0,0.9999855843851264
organ_tablature,ammerbach_bookA,1,0.9999995029140232,1.0,0.9999997514570116
organ_tablature,ammerbach_bookA,1,0.99999424129784,1.0,0.99999712064892
organ_tablature,ammerbach_bookA,1,0.9999944816137107,1.0,0.9999972408068554
organ_tablature,ammerbach_bookA,1,0.999996502090775,1.0,0.9999982510453875
organ_tablature,ammerbach_bookA,1,0.9999980201191523,1.0,0.9999990100595761
organ_tablature,ammerbach_bookA,1,0.999999039279774,1.0,0.999999519639887
organ_tablature,ammerbach_bookA,1,0.9999994143179383,1.0,0.9999997071589691
organ_tablature,ammerbach_bookA,1,0.9999842107510277,1.0,0.9999921053755139
organ_tablature,ammerbach_bookA,1,0.9999847976662308,1.0,0.9999923988331154
organ_tablature,ammerbach_bookA,1,0.9999684031103583,1.0,0.9999842015551792
organ_tablature,ammerbach_bookA,1,0.9999934846598125,1.0,0.9999967423299063
organ_tablature,ammerbach_bookA,1,0.999998331967188,1.0,0.9999991659835941
organ_tablature,ammerbach_bookA,1,0.9999973943453275,0.99911868214152,0.9995580382434237
organ_tablature,ammerbach_bookA,1,0.9999994045753201,1.0,0.9999997022876601
organ_tablature,ammerbach_bookA,1,0.9999988225542081,0.9985240706886045,0.9992614466214063
organ_tablature,ammerbach_bookA,1,0.9999999992555595,0.9902721686149628,0.9951360839352612
organ_tablature,ammerbach_bookA,1,0.9999999997320204,0.93945443851536,0.9697272191236902
organ_tablature,ammerbach_bookA,1,0.9999982442466733,0.9971965407647743,0.9985973925057238
organ_tablature,ammerbach_bookA,1,0.9999644548704635,1.0,0.9999822274352317
organ_tablature,ammerbach_bookA,1,0.9999995055500421,1.0,0.9999997527750211
organ_tablature,ammerbach_bookA,1,0.9999855391003672,1.0,0.9999927695501836
organ_tablature,ammerbach_bookA,1,0.9992787995812001,1.0,0.9996393997906001
organ_tablature,ammerbach_bookA,1,0.9999669262215303,1.0,0.9999834631107651
organ_tablature,ammerbach_bookA,1,0.9999774985604423,1.0,0.9999887492802211
organ_tablature,ammerbach_bookA,1,0.9999426514376061,1.0,0.999971325718803
organ_tablature,ammerbach_bookA,1,0.9998456150704659,1.0,0.9999228075352329
organ_tablature,ammerbach_bookA,1,0.9999700995367803,1.0,0.9999850497683902
organ_tablature,ammerbach_bookA,1,0.9996955890198165,1.0,0.9998477945099082
organ_tablature,ammerbach_bookA,1,0.999156170111808,1.0,0.999578085055904
organ_tablature,ammerbach_bookA,1,0.9998430151102761,1.0,0.999921507555138
organ_tablature,ammerbach_bookA,1,0.999925958160623,1.0,0.9999629790803115
organ_tablature,ammerbach_bookA,1,0.999917508381423,1.0,0.9999587541907116
organ_tablature,ammerbach_bookA,1,0.9964061166244405,1.0,0.9982030583122202
organ_tablature,ammerbach_bookA,1,0.9996369980548846,0.9985240706886045,0.9990805343717446
organ_tablature,ammerbach_bookA,1,0.9992472934996228,1.0,0.9996236467498114
organ_tablature,ammerbach_bookA,1,0.9997208945132477,1.0,0.9998604472566239
organ_tablature,ammerbach_bookA,1,0.9963472343923836,1.0,0.9981736171961918
organ_tablature,ammerbach_bookA,1,0.9999846264303816,1.0,0.9999923132151908
organ_tablature,ammerbach_bookA,1,0.9998610109660526,1.0,0.9999305054830263
organ_tablature,ammerbach_bookA,1,0.9998201612832319,1.0,0.9999100806416159
organ_tablature,ammerbach_bookA,1,0.999899188040385,1.0,0.9999495940201926
organ_tablature,ammerbach_bookA,1,0.9998089492323307,1.0,0.9999044746161654
organ_tablature,ammerbach_bookA,1,0.9997009451554799,1.0,0.99985047257774
organ_tablature,ammerbach_bookA,1,0.9999276690255696,1.0,0.9999638345127848
organ_tablature,ammerbach_bookA,1,0.9999462372942726,0.9986724700761697,0.9993093536852211
organ_tablature,ammerbach_bookA,1,0.9999788223782325,1.0,0.9999894111891163
organ_tablature,ammerbach_bookA,1,0.9999282931731137,0.998,0.9989641465865569
organ_tablature,ammerbach_bookA,1,0.9989913664859106,1.0,0.9994956832429553
organ_tablature,ammerbach_bookA,1,0.9999737506317034,0.9986724700761697,0.9993231103539365
organ_tablature,ammerbach_bookA,1,0.9982243268924768,0.9939761569550407,0.9961002419237588
organ_tablature,ammerbach_bookA,1,0.9994212510785768,0.9974786239223236,0.9984499375004502
organ_tablature,ammerbach_bookA,1,0.9999602012112142,1.0,0.999980100605607
organ_tablature,ammerbach_bookA,1,0.9999940841213053,1.0,0.9999970420606527
organ_tablature,ammerbach_bookA,1,0.9999983151832315,1.0,0.9999991575916157
organ_tablature,ammerbach_bookA,1,0.9999999861628692,0.9968801071756189,0.998440046669244
organ_tablature,ammerbach_bookA,1,0.9999999989594579,0.9968801071756189,0.9984400530675384
organ_tablature,ammerbach_bookA,1,0.9999968019401806,0.99911868214152,0.9995577420408503
organ_tablature,ammerbach_bookA,1,0.9999620435685542,1.0,0.9999810217842771
organ_tablature,ammerbach_bookA,1,0.9999805835234656,1.0,0.9999902917617328
organ_tablature,ammerbach_bookA,1,0.9999370940860942,1.0,0.999968547043047
organ_tablature,ammerbach_bookA,1,0.9999641115733101,0.9985240706886045,0.9992440911309572
organ_tablature,ammerbach_bookA,1,0.9999720363713779,1.0,0.999986018185689
organ_tablature,ammerbach_bookA,1,0.9999985303211903,1.0,0.9999992651605951
organ_tablature,ammerbach_bookA,1,0.9999999430265573,0.9968801071756189,0.9984400251010881
organ_tablature,ammerbach_bookA,1,0.9999992124766213,1.0,0.9999996062383106
organ_tablature,ammerbach_bookA,1,0.9998937979895418,1.0,0.9999468989947708
organ_tablature,ammerbach_bookA,1,0.9999902122726935,1.0,0.9999951061363468
organ_tablature,ammerbach_bookA,1,0.9999968688170744,1.0,0.9999984344085372
organ_tablature,ammerbach_bookA,1,0.9999733489904635,1.0,0.9999866744952317
organ_tablature,ammerbach_bookA,1,0.9999686726424066,0.9932759000706092,0.996622286356508
organ_tablature,ammerbach_bookA,1,0.9999999208658124,0.9943945822121292,0.9971972515389708
organ_tablature,ammerbach_bookA,1,0.9999986882999418,1.0,0.9999993441499708
organ_tablature,ammerbach_bookA,1,0.9999985247108756,1.0,0.9999992623554378
organ_tablature,ammerbach_bookA,1,0.9999963433100237,0.9967947156165685,0.9983955294632961
organ_tablature,ammerbach_bookA,1,0.9999928554601228,0.9972409276819189,0.9986168915710208
organ_tablature,ammerbach_bookA,1,0.9999978520008124,0.9972409276819189,0.9986193898413656
organ_tablature,ammerbach_bookA,1,0.9999713517517923,1.0,0.9999856758758962
organ_tablature,ammerbach_bookA,1,0.9999872801968301,1.0,0.9999936400984151
organ_tablature,ammerbach_bookA,1,0.9999980544477054,0.9928922525202577,0.9964451534839815
organ_tablature,ammerbach_bookA,1,0.9999357853938367,0.998,0.9989678926969183
organ_tablature,ammerbach_bookA,1,0.999591699378936,1.0,0.999795849689468
organ_tablature,ammerbach_bookA,1,0.9999964176088815,1.0,0.9999982088044408
organ_tablature,ammerbach_bookA,1,0.9999958566348996,0.998,0.9989979283174498
organ_tablature,ammerbach_bookA,1,0.9998605359085809,1.0,0.9999302679542905
organ_tablature,ammerbach_bookA,1,0.9996224103766054,1.0,0.9998112051883027
organ_tablature,ammerbach_bookA,1,0.9976534192024725,1.0,0.9988267096012362
organ_tablature,ammerbach_bookA,1,0.9984786003417838,1.0,0.9992393001708919
organ_tablature,ammerbach_bookA,1,0.9985586222173732,1.0,0.9992793111086866
organ_tablature,ammerbach_bookA,1,0.9999822617167802,1.0,0.9999911308583901
organ_tablature,ammerbach_bookA,1,0.9999907590505401,1.0,0.9999953795252701
organ_tablature,ammerbach_bookA,1,0.9999510249846714,1.0,0.9999755124923357
organ_tablature,ammerbach_bookA,1,0.9999045238551514,1.0,0.9999522619275757
organ_tablature,ammerbach_bookA,1,0.9999451554437745,1.0,0.9999725777218873
organ_tablature,ammerbach_bookA,1,0.9999899918242756,0.9633244858760717,0.9816572388501736
organ_tablature,ammerbach_bookA,1,0.9999864752828692,0.9906656119763069,0.9953260436295881
organ_tablature,ammerbach_bookA,1,0.99999163436668,1.0,0.9999958171833401
organ_tablature,ammerbach_bookA,1,0.9999977938704956,1.0,0.9999988969352478
organ_tablature,ammerbach_bookA,1,0.9999845751177462,1.0,0.9999922875588731
organ_tablature,ammerbach_bookA,1,0.9999924584000565,0.9985240706886045,0.9992582645443304
organ_tablature,ammerbach_bookA,1,0.9991037916260099,1.0,0.999551895813005
organ_tablature,ammerbach_bookA,1,0.999755162330618,1.0,0.999877581165309
organ_tablature,ammerbach_bookA,1,0.9999480581259494,1.0,0.9999740290629747
organ_tablature,ammerbach_bookA,1,0.9999816163788903,1.0,0.9999908081894451
organ_tablature,ammerbach_bookA,1,0.9999950091700065,1.0,0.9999975045850032
organ_tablature,ammerbach_bookA,1,0.9999573387050814,1.0,0.9999786693525408
organ_tablature,ammerbach_bookA,1,0.9999417568876331,1.0,0.9999708784438166
organ_tablature,ammerbach_bookA,1,0.999952940336993,1.0,0.9999764701684966
organ_tablature,ammerbach_bookA,1,0.9996147183946211,1.0,0.9998073591973106
organ_tablature,ammerbach_bookA,1,0.9964987744693432,1.0,0.9982493872346716
organ_tablature,ammerbach_bookA,1,0.9998698994824938,1.0,0.9999349497412469
organ_tablature,ammerbach_bookA,1,0.9983718894956038,1.0,0.999185944747802
organ_tablature,ammerbach_bookA,1,0.9998369529485966,0.9988061538461539,0.9993215533973753
organ_tablature,ammerbach_bookA,1,0.9999924642939451,1.0,0.9999962321469725
organ_tablature,ammerbach_bookA,1,0.9999873918848465,1.0,0.9999936959424233
organ_tablature,ammerbach_bookA,1,0.9999867663625612,1.0,0.9999933831812806
organ_tablature,ammerbach_bookA,1,0.9999931560479584,1.0,0.9999965780239792
organ_tablature,ammerbach_bookA,1,0.9997728213631859,0.9985240706886045,0.9991484460258953
organ_tablature,ammerbach_bookA,1,0.9999996236077415,0.9712112073479304,0.985605415477836
organ_tablature,ammerbach_bookA,1,0.9978170966149461,1.0,0.9989085483074731
organ_tablature,ammerbach_bookA,1,0.9999963319633889,1.0,0.9999981659816944
organ_tablature,ammerbach_bookA,1,0.9999947206917223,1.0,0.9999973603458612
organ_tablature,ammerbach_bookA,1,0.9999653081457022,1.0,0.9999826540728511
organ_tablature,ammerbach_bookA,1,0.9999659612715639,1.0,0.999982980635782
organ_tablature,ammerbach_bookA,1,0.9998919224522322,1.0,0.9999459612261161
organ_tablature,ammerbach_bookA,1,0.999990815010508,1.0,0.999995407505254
organ_tablature,ammerbach_bookA,1,0.9999949410608727,1.0,0.9999974705304364
organ_tablature,ammerbach_bookA,1,0.9999999726189238,1.0,0.999999986309462
organ_tablature,ammerbach_bookA,1,0.9999999985522245,1.0,0.9999999992761123
organ_tablature,ammerbach_bookA,1,0.9999999985587085,0.9981222455403989,0.9990611220495537
organ_tablature,ammerbach_bookA,1,0.9999999955930401,1.0,0.99999999779652
organ_tablature,ammerbach_bookA,1,0.9999999949037728,1.0,0.9999999974518864
organ_tablature,ammerbach_bookA,1,0.9999998416353977,1.0,0.9999999208176988
organ_tablature,ammerbach_bookA,1,0.9999999215975522,1.0,0.9999999607987762
organ_tablature,ammerbach_bookA,1,0.999999739542179,0.9981222455403989,0.999060992541289
organ_tablature,ammerbach_bookA,1,0.9999999719087979,1.0,0.9999999859543989
organ_tablature,ammerbach_bookA,1,0.9999999584890042,1.0,0.9999999792445021
organ_tablature,ammerbach_bookA,1,0.9999999664650236,1.0,0.9999999832325118
organ_tablature,ammerbach_bookA,1,0.9999916326366851,1.0,0.9999958163183426
organ_tablature,ammerbach_bookA,1,0.9999559228230579,1.0,0.999977961411529
organ_tablature,ammerbach_bookA,1,0.9999992538885578,1.0,0.9999996269442789
organ_tablature,ammerbach_bookA,1,0.9999999904540767,1.0,0.9999999952270384
organ_tablature,ammerbach_bookA,1,0.9999999474288522,0.9985240706886045,0.9992620090587283
organ_tablature,ammerbach_bookA,1,0.9999994675847238,0.9985240706886045,0.9992617691366641
organ_tablature,ammerbach_bookA,1,0.9999824257323635,1.0,0.9999912128661818
organ_tablature,ammerbach_bookA,1,0.999998081613104,1.0,0.999999040806552
organ_tablature,ammerbach_bookA,1,0.9999997099795608,1.0,0.9999998549897804
organ_tablature,ammerbach_bookA,1,0.9999997794082309,0.99911868214152,0.9995592307748755
organ_tablature,ammerbach_bookA,1,0.9999999374198799,0.99911868214152,0.9995593097807
organ_tablature,ammerbach_bookA,1,0.9999764932568262,1.0,0.9999882466284131
organ_tablature,ammerbach_bookA,1,0.9999884588436408,0.9985240706886045,0.9992562647661227
organ_tablature,ammerbach_bookA,1,0.9999819103026939,0.9985240706886045,0.9992529904956492
organ_tablature,ammerbach_bookA,1,0.9999966338750433,0.9981222455403989,0.999059439707721
organ_tablature,ammerbach_bookA,1,0.9999999989375257,0.9981222455403989,0.9990611222389623
organ_tablature,ammerbach_bookA,1,0.9999999981011014,0.9968801071756189,0.9984400526383601
organ_tablature,ammerbach_bookA,1,0.9999999720595748,1.0,0.9999999860297875
organ_tablature,ammerbach_bookA,1,0.9999999350552413,1.0,0.9999999675276207
organ_tablature,ammerbach_bookA,1,0.9999999647854353,1.0,0.9999999823927177
organ_tablature,ammerbach_bookA,1,0.9999999016395454,0.9981222455403989,0.9990610735899721
organ_tablature,ammerbach_bookA,1,0.9999999787525251,0.9954041778642233,0.9977020783083742
organ_tablature,ammerbach_bookA,1,0.9999992514151096,1.0,0.9999996257075547
organ_tablature,ammerbach_bookA,1,0.9999999528016432,0.9986724700761697,0.9993362114389064
organ_tablature,ammerbach_bookA,1,0.9999999996123234,0.9919471115406494,0.9959735555764864
organ_tablature,ammerbach_bookA,1,0.9999999200865481,1.0,0.9999999600432741
organ_tablature,ammerbach_bookA,1,0.9999957759447827,1.0,0.9999978879723914
organ_tablature,ammerbach_bookA,1,0.9999970134616877,1.0,0.9999985067308439
organ_tablature,ammerbach_bookA,1,0.999991421293417,1.0,0.9999957106467086
organ_tablature,ammerbach_bookA,1,0.9999170028873513,1.0,0.9999585014436756
organ_tablature,ammerbach_bookA,1,0.9982972116860881,1.0,0.9991486058430441
organ_tablature,ammerbach_bookA,1,0.9999672868320861,1.0,0.9999836434160431
organ_tablature,ammerbach_bookA,1,0.9999885714338971,1.0,0.9999942857169486
organ_tablature,ammerbach_bookA,1,0.9998044124456746,1.0,0.9999022062228373
organ_tablature,ammerbach_bookA,1,0.998505642865962,1.0,0.999252821432981
organ_tablature,ammerbach_bookA,1,0.9996150333016165,1.0,0.9998075166508082
organ_tablature,ammerbach_bookA,1,0.9999585396108608,0.9973302245347584,0.9986443820728096
organ_tablature,ammerbach_bookA,1,0.9998679328682623,1.0,0.9999339664341311
organ_tablature,ammerbach_bookA,1,0.9999854592991957,1.0,0.9999927296495978
organ_tablature,ammerbach_bookA,1,0.9999788525553551,1.0,0.9999894262776776
organ_tablature,ammerbach_bookA,1,0.9999954412942275,1.0,0.9999977206471138
organ_tablature,ammerbach_bookA,1,0.9999962429835442,1.0,0.9999981214917721
organ_tablature,ammerbach_bookA,1,0.9997456522853548,1.0,0.9998728261426775
organ_tablature,ammerbach_bookA,1,0.9999768755188803,0.9966463162290032,0.9983115958739417
organ_tablature,ammerbach_bookA,1,0.9999952193885833,1.0,0.9999976096942916
organ_tablature,ammerbach_bookA,1,0.9999999570451225,1.0,0.9999999785225613
organ_tablature,ammerbach_bookA,1,0.9999997464304257,1.0,0.9999998732152129
organ_tablature,ammerbach_bookA,1,0.9999976591557063,1.0,0.9999988295778531
organ_tablature,ammerbach_bookA,1,0.9999617917396039,1.0,0.999980895869802
organ_tablature,ammerbach_bookA,1,0.9999804005995643,1.0,0.9999902002997821
organ_tablature,ammerbach_bookA,1,0.9999952762425396,0.9985240706886045,0.9992596734655721
organ_tablature,ammerbach_bookA,1,0.9999878177940504,1.0,0.9999939088970252
organ_tablature,ammerbach_bookA,1,0.9999990051964782,1.0,0.9999995025982391
organ_tablature,ammerbach_bookA,1,0.9999989654312534,0.99911868214152,0.9995588237863867
organ_tablature,ammerbach_bookA,1,0.9999957832405304,1.0,0.9999978916202652
organ_tablature,ammerbach_bookA,1,0.9999750714887706,1.0,0.9999875357443853
organ_tablature,ammerbach_bookA,1,0.9998011951732121,1.0,0.999900597586606
organ_tablature,ammerbach_bookA,1,0.9999927208734423,1.0,0.9999963604367211
organ_tablature,ammerbach_bookA,1,0.9999576932146087,1.0,0.9999788466073043
organ_tablature,ammerbach_bookA,1,0.9999392931078817,1.0,0.9999696465539408
organ_tablature,ammerbach_bookA,1,0.9999865252059632,1.0,0.9999932626029816
organ_tablature,ammerbach_bookA,1,0.9994752141032522,1.0,0.9997376070516262
organ_tablature,ammerbach_bookA,1,0.9999586865261091,1.0,0.9999793432630546
organ_tablature,ammerbach_bookA,1,0.9993162987081192,1.0,0.9996581493540596
organ_tablature,ammerbach_bookA,1,0.9999798817624507,1.0,0.9999899408812254
organ_tablature,ammerbach_bookA,1,0.9999940756035722,1.0,0.9999970378017862
organ_tablature,ammerbach_bookA,1,0.9999960770424137,0.998,0.9989980385212068
organ_tablature,ammerbach_bookA,1,0.9999986232385546,1.0,0.9999993116192774
organ_tablature,ammerbach_bookA,1,0.9999689482915172,1.0,0.9999844741457586
organ_tablature,ammerbach_bookA,1,0.9995727797679541,1.0,0.9997863898839771
organ_tablature,ammerbach_bookA,1,0.999960947378129,1.0,0.9999804736890645
organ_tablature,ammerbach_bookA,1,0.999880611426841,1.0,0.9999403057134205
organ_tablature,ammerbach_bookA,1,0.9999562751684147,1.0,0.9999781375842074
organ_tablature,ammerbach_bookA,1,0.9994718949564745,1.0,0.9997359474782372
organ_tablature,ammerbach_bookA,1,0.999717197771409,1.0,0.9998585988857045
organ_tablature,ammerbach_bookA,1,0.9999535431424588,1.0,0.9999767715712293
organ_tablature,ammerbach_bookA,1,0.9999887314281798,1.0,0.99999436571409
organ_tablature,ammerbach_bookA,1,0.9998741637185307,1.0,0.9999370818592653
organ_tablature,ammerbach_bookA,1,0.9996199945650838,1.0,0.9998099972825418
organ_tablature,ammerbach_bookA,1,0.9998126845966592,1.0,0.9999063422983296
organ_tablature,ammerbach_bookA,1,0.999954844686931,1.0,0.9999774223434654
organ_tablature,ammerbach_bookA,1,0.9998760265180261,1.0,0.999938013259013
organ_tablature,ammerbach_bookA,1,0.9999820862353755,1.0,0.9999910431176877
organ_tablature,ammerbach_bookA,1,0.9999807592923394,1.0,0.9999903796461698
organ_tablature,ammerbach_bookA,1,0.9999684904838217,1.0,0.9999842452419109
organ_tablature,ammerbach_bookA,1,0.9998997805274065,1.0,0.9999498902637032
organ_tablature,ammerbach_bookA,1,0.9999267571727607,0.9959014763870918,0.9979141167799263
organ_tablature,ammerbach_bookA,1,0.9997363364185579,1.0,0.9998681682092789
organ_tablature,ammerbach_bookA,1,0.9999329173017402,1.0,0.9999664586508701
organ_tablature,ammerbach_bookA,1,0.9999575841762589,1.0,0.9999787920881295
organ_tablature,ammerbach_bookA,1,0.9999896222487467,1.0,0.9999948111243733
organ_tablature,ammerbach_bookA,1,0.9999028323456807,1.0,0.9999514161728403
organ_tablature,ammerbach_bookA,1,0.9999694868627657,1.0,0.9999847434313829
organ_tablature,ammerbach_bookA,1,0.9999943995418465,1.0,0.9999971997709233
organ_tablature,ammerbach_bookA,1,0.9999987110176137,1.0,0.9999993555088069
organ_tablature,ammerbach_bookA,1,0.9999547628460269,1.0,0.9999773814230135
organ_tablature,ammerbach_bookA,1,0.9989970936848269,1.0,0.9994985468424135
organ_tablature,ammerbach_bookA,1,0.9997104818725066,1.0,0.9998552409362533
organ_tablature,ammerbach_bookA,1,0.9997332948272133,1.0,0.9998666474136066
organ_tablature,ammerbach_bookA,1,0.9999265055522427,1.0,0.9999632527761213
organ_tablature,ammerbach_bookA,1,0.999955991316425,1.0,0.9999779956582124
organ_tablature,ammerbach_bookA,1,0.9994429164150735,1.0,0.9997214582075368
organ_tablature,ammerbach_bookA,1,0.9996992651513128,1.0,0.9998496325756564
organ_tablature,ammerbach_bookA,1,0.9999871761742635,1.0,0.9999935880871318
organ_tablature,ammerbach_bookA,1,0.9997703574567545,1.0,0.9998851787283772
organ_tablature,ammerbach_bookA,1,0.9856323765449125,0.9988225024248303,0.9922274394848714
organ_tablature,ammerbach_bookA,1,0.9994887558961522,0.9988061538461539,0.999147454871153
organ_tablature,ammerbach_bookA,1,0.9998816341564352,0.9985240706886045,0.9992028524225198
organ_tablature,ammerbach_bookA,1,0.9999973690488934,1.0,0.9999986845244466
organ_tablature,ammerbach_bookA,1,0.999976132569069,1.0,0.9999880662845345
organ_tablature,ammerbach_bookA,1,0.9999786577510849,1.0,0.9999893288755424
organ_tablature,ammerbach_bookA,1,0.9994074699822514,1.0,0.9997037349911257
organ_tablature,ammerbach_bookA,1,0.9997469715653456,1.0,0.9998734857826728
organ_tablature,ammerbach_bookA,1,0.999597229612137,1.0,0.9997986148060685
organ_tablature,ammerbach_bookA,1,0.999950656112786,1.0,0.999975328056393
organ_tablature,ammerbach_bookA,1,0.9999149877672155,1.0,0.9999574938836078
organ_tablature,ammerbach_bookA,1,0.9982902139221097,1.0,0.9991451069610549
organ_tablature,ammerbach_bookA,1,0.9960773575522156,1.0,0.9980386787761077
organ_tablature,ammerbach_bookA,1,0.9998247783968738,1.0,0.999912389198437
organ_tablature,ammerbach_bookA,1,0.9999696357137512,1.0,0.9999848178568755
organ_tablature,ammerbach_bookA,1,0.9999932366989723,1.0,0.9999966183494862
organ_tablature,ammerbach_bookA,1,0.9993197313260779,1.0,0.9996598656630389
organ_tablature,ammerbach_bookA,1,0.9990935865600217,1.0,0.9995467932800108
organ_tablature,ammerbach_bookA,1,0.9999732028721684,1.0,0.9999866014360842
organ_tablature,ammerbach_bookA,1,0.9999638520611771,1.0,0.9999819260305886
organ_tablature,ammerbach_bookA,1,0.9999870503463634,1.0,0.9999935251731817
organ_tablature,ammerbach_bookA,1,0.9999268006159798,1.0,0.9999634003079899
organ_tablature,ammerbach_bookA,1,0.9998086519495376,1.0,0.9999043259747689
organ_tablature,ammerbach_bookA,1,0.9999959525642641,1.0,0.999997976282132
organ_tablature,ammerbach_bookA,1,0.9999645347851873,1.0,0.9999822673925937
organ_tablature,ammerbach_bookA,1,0.9999603259379134,1.0,0.9999801629689566
organ_tablature,ammerbach_bookA,1,0.9999960979857865,0.998,0.9989980489928932
organ_tablature,ammerbach_bookA,1,0.9999965646168831,1.0,0.9999982823084416
organ_tablature,ammerbach_bookA,1,0.9999998355779771,1.0,0.9999999177889886
organ_tablature,ammerbach_bookA,1,0.999999992336745,1.0,0.9999999961683725
organ_tablature,ammerbach_bookA,1,0.9999995648700982,1.0,0.9999997824350491
organ_tablature,ammerbach_bookA,1,0.999997876644515,0.998,0.9989989383222575
organ_tablature,ammerbach_bookA,1,0.9999995446986069,0.99911868214152,0.9995591134200634
organ_tablature,ammerbach_bookA,1,0.999993703365448,1.0,0.999996851682724
organ_tablature,ammerbach_bookA,1,0.9999955421403899,1.0,0.9999977710701949
organ_tablature,ammerbach_bookA,1,0.999983464277161,1.0,0.9999917321385805
organ_tablature,ammerbach_bookA,1,0.9999366546552451,1.0,0.9999683273276225
organ_tablature,ammerbach_bookA,1,0.9999261836164098,1.0,0.999963091808205
organ_tablature,ammerbach_bookA,1,0.9998802048079102,1.0,0.9999401024039551
organ_tablature,ammerbach_bookA,1,0.9999920997214647,1.0,0.9999960498607323
organ_tablature,ammerbach_bookA,1,0.9999777860961455,1.0,0.9999888930480727
organ_tablature,ammerbach_bookA,1,0.9999493008999232,1.0,0.9999746504499616
organ_tablature,ammerbach_bookA,1,0.9999554110074211,1.0,0.9999777055037106
organ_tablature,ammerbach_bookA,1,0.9999725667303633,1.0,0.9999862833651816
organ_tablature,ammerbach_bookA,1,0.9999880004631057,1.0,0.9999940002315528
organ_tablature,ammerbach_bookA,1,0.9999781673068648,1.0,0.9999890836534324
organ_tablature,ammerbach_bookA,1,0.9999132789442108,1.0,0.9999566394721053
organ_tablature,ammerbach_bookA,1,0.9999999843023692,0.9916503773999028,0.995825180851136
organ_tablature,ammerbach_bookA,1,0.9999999981796261,0.9341418555467136,0.9670709268631699
organ_tablature,ammerbach_bookA,1,0.9999999955401842,0.99911868214152,0.9995593388408521
organ_tablature,ammerbach_bookA,1,0.9999998117346983,1.0,0.9999999058673492
organ_tablature,ammerbach_bookA,1,0.9999796092546682,1.0,0.9999898046273341
organ_tablature,ammerbach_bookA,1,0.9998947122608122,0.998,0.9989473561304061
organ_tablature,ammerbach_bookA,1,0.9999691222118093,1.0,0.9999845611059046
organ_tablature,ammerbach_bookA,1,0.9996297148243297,0.9985240706886045,0.999076892756467
organ_tablature,ammerbach_bookA,1,0.9994848580741904,1.0,0.9997424290370952
organ_tablature,ammerbach_bookA,1,0.9998367173697301,1.0,0.999918358684865
organ_tablature,ammerbach_bookA,1,0.9998293594539479,1.0,0.999914679726974
organ_tablature,ammerbach_bookA,1,0.9996142427776521,1.0,0.999807121388826
organ_tablature,ammerbach_bookA,1,0.9994103734697029,1.0,0.9997051867348514
organ_tablature,ammerbach_bookA,1,0.9997019457017431,1.0,0.9998509728508715
organ_tablature,ammerbach_bookA,1,0.9984458745264977,1.0,0.9992229372632488
organ_tablature,ammerbach_bookA,1,0.9999971340041623,1.0,0.9999985670020812
organ_tablature,ammerbach_bookA,1,0.9999999156312656,0.99911868214152,0.9995592988863928
organ_tablature,ammerbach_bookA,1,0.9999990348315938,1.0,0.999999517415797
organ_tablature,ammerbach_bookA,1,0.9999573551058649,1.0,0.9999786775529325
organ_tablature,ammerbach_bookA,1,0.9998920011600244,1.0,0.9999460005800123
organ_tablature,ammerbach_bookA,1,0.9999542657814586,1.0,0.9999771328907293
organ_tablature,ammerbach_bookA,1,0.9998449013417766,1.0,0.9999224506708884
organ_tablature,ammerbach_bookA,1,0.9995655039347743,1.0,0.9997827519673872
organ_tablature,ammerbach_bookA,1,0.9998706140564906,1.0,0.9999353070282453
organ_tablature,ammerbach_bookA,1,0.999975626982104,1.0,0.999987813491052
organ_tablature,ammerbach_bookA,1,0.99791194034264,1.0,0.99895597017132
organ_tablature,ammerbach_bookA,1,0.9996541512960366,1.0,0.9998270756480183
organ_tablature,ammerbach_bookA,1,0.9997474771582328,1.0,0.9998737385791163
organ_tablature,ammerbach_bookA,1,0.9992419312126376,1.0,0.9996209656063189
organ_tablature,ammerbach_bookA,1,0.9999401801344695,1.0,0.9999700900672348
organ_tablature,ammerbach_bookA,1,0.9999947104134355,1.0,0.9999973552067177
organ_tablature,ammerbach_bookA,1,0.9999999999100113,0.9981222455403989,0.9990611227252051
organ_tablature,ammerbach_bookA,1,0.9999999999947304,0.9858967727275174,0.9929483863611239
organ_tablature,ammerbach_bookA,1,0.9999999831909804,0.9986724700761697,0.999336226633575
organ_tablature,ammerbach_bookA,1,0.9998574502226198,1.0,0.9999287251113099
organ_tablature,ammerbach_bookA,1,0.9999942988660389,1.0,0.9999971494330194
organ_tablature,ammerbach_bookA,1,0.9999986868548554,1.0,0.9999993434274277
organ_tablature,ammerbach_bookA,1,0.9999956541103294,1.0,0.9999978270551647
organ_tablature,ammerbach_bookA,1,0.9998150192366616,1.0,0.9999075096183307
organ_tablature,ammerbach_bookA,1,0.999985316226488,1.0,0.999992658113244
organ_tablature,ammerbach_bookA,1,0.9999801695808054,1.0,0.9999900847904026
organ_tablature,ammerbach_bookA,1,0.9999994668037403,1.0,0.9999997334018702
organ_tablature,ammerbach_bookA,1,0.999999440475098,0.9955850427979365,0.9977922416365173
organ_tablature,ammerbach_bookA,1,0.9999941566680675,1.0,0.9999970783340337
organ_tablature,ammerbach_bookA,1,0.9999741263416072,1.0,0.9999870631708037
organ_tablature,ammerbach_bookA,1,0.9998645768210364,1.0,0.9999322884105182
organ_tablature,ammerbach_bookA,1,0.9999739604123707,1.0,0.9999869802061854
organ_tablature,ammerbach_bookA,1,0.9996116061579943,1.0,0.9998058030789971
organ_tablature,ammerbach_bookA,1,0.9999988429223422,0.9358186697690543,0.9679087563456983
organ_tablature,ammerbach_bookA,1,0.9997449893297897,1.0,0.9998724946648949
organ_tablature,ammerbach_bookA,1,0.9999404518617508,1.0,0.9999702259308754
organ_tablature,ammerbach_bookA,1,0.9999805319045905,1.0,0.9999902659522952
organ_tablature,ammerbach_bookA,1,0.9999914954037592,1.0,0.9999957477018796
organ_tablature,ammerbach_bookA,1,0.9999854696421601,1.0,0.99999273482108
organ_tablature,ammerbach_bookA,1,0.9999747740722064,1.0,0.9999873870361031
organ_tablature,ammerbach_bookA,1,0.9999995519737719,1.0,0.9999997759868859
organ_tablature,ammerbach_bookA,1,0.9999999961295916,0.99911868214152,0.9995593391355557
organ_tablature,ammerbach_bookA,1,0.9999998707051988,1.0,0.9999999353525995
organ_tablature,ammerbach_bookA,1,0.9999954709863563,1.0,0.9999977354931782
organ_tablature,ammerbach_bookA,1,0.9999966054600528,1.0,0.9999983027300263
organ_tablature,ammerbach_bookA,1,0.9999949153834199,1.0,0.9999974576917099
organ_tablature,ammerbach_bookA,1,0.9999999478467851,1.0,0.9999999739233926
organ_tablature,ammerbach_bookA,1,0.9999989206238094,1.0,0.9999994603119047
organ_tablature,ammerbach_bookA,1,0.9999987403816654,1.0,0.9999993701908327
organ_tablature,ammerbach_bookA,1,0.9999634354587198,1.0,0.99998171772936
organ_tablature,ammerbach_bookA,1,0.9999581275714413,1.0,0.9999790637857207
organ_tablature,ammerbach_bookA,1,0.9999562413209264,1.0,0.9999781206604632
organ_tablature,ammerbach_bookA,1,0.9999320961688507,1.0,0.9999660480844254
organ_tablature,ammerbach_bookA,1,0.9999373414046352,1.0,0.9999686707023177
organ_tablature,ammerbach_bookA,1,0.9996863477376818,1.0,0.9998431738688409
organ_tablature,ammerbach_bookA,1,0.9999930164425027,1.0,0.9999965082212514
organ_tablature,ammerbach_bookA,1,0.9999999628538967,0.99911868214152,0.9995593224977084
organ_tablature,ammerbach_bookA,1,0.9999950457495094,1.0,0.9999975228747546
organ_tablature,ammerbach_bookA,1,0.9996066953678684,1.0,0.9998033476839342
organ_tablature,ammerbach_bookA,1,0.9998714208724604,0.9985240706886045,0.9991977457805324
organ_tablature,ammerbach_bookA,1,0.9993509388193882,1.0,0.9996754694096941
organ_tablature,ammerbach_bookA,1,0.999974821981008,1.0,0.999987410990504
organ_tablature,ammerbach_bookA,1,0.9999751433604832,1.0,0.9999875716802415
organ_tablature,ammerbach_bookA,1,0.9994457168375287,1.0,0.9997228584187643
organ_tablature,ammerbach_bookA,1,0.9993184706133937,1.0,0.9996592353066969
organ_tablature,ammerbach_bookA,1,0.9970410357231995,0.9988225024248303,0.9979317690740148
organ_tablature,ammerbach_bookA,1,0.9999412020128684,0.998,0.9989706010064342
organ_tablature,ammerbach_bookA,1,0.9996231814664063,0.998,0.9988115907332031
organ_tablature,ammerbach_bookA,1,0.9989625579338506,0.9927076302332457,0.9958350940835481
organ_tablature,ammerbach_bookA,1,0.9996202866947465,1.0,0.9998101433473732
organ_tablature,ammerbach_bookA,1,0.9999996056504133,1.0,0.9999998028252066
organ_tablature,ammerbach_bookA,1,0.9999996496452002,0.99911868214152,0.99955916589336
organ_tablature,ammerbach_bookA,1,0.9999843716549036,1.0,0.9999921858274519
organ_tablature,ammerbach_bookA,1,0.9998703624246749,1.0,0.9999351812123374
organ_tablature,ammerbach_bookA,1,0.9999083496077227,1.0,0.9999541748038614
organ_tablature,ammerbach_bookA,1,0.9998480993268793,1.0,0.9999240496634396
organ_tablature,ammerbach_bookA,1,0.9987338433805356,1.0,0.9993669216902679
organ_tablature,ammerbach_bookA,1,0.9998488781560873,1.0,0.9999244390780436
organ_tablature,ammerbach_bookA,1,0.9999674356471159,1.0,0.999983717823558
organ_tablature,ammerbach_bookA,1,0.9998120687597174,1.0,0.9999060343798587
organ_tablature,ammerbach_bookA,1,0.9994307136856256,1.0,0.9997153568428128
organ_tablature,ammerbach_bookA,1,0.9995736794458557,1.0,0.9997868397229279
organ_tablature,ammerbach_bookA,1,0.9992243444921933,1.0,0.9996121722460967
organ_tablature,ammerbach_bookA,1,0.9998183121232495,1.0,0.9999091560616247
organ_tablature,ammerbach_bookA,1,0.9999979724194422,1.0,0.9999989862097212
organ_tablature,ammerbach_bookA,1,0.9999988952873917,1.0,0.9999994476436959
organ_tablature,ammerbach_bookA,1,0.9999947915110654,1.0,0.9999973957555327
organ_tablature,ammerbach_bookA,1,0.9997179262493235,0.9985240706886045,0.999120998468964
organ_tablature,ammerbach_bookA,1,0.9999356716453849,0.9967049356223177,0.9983203036338513
organ_tablature,ammerbach_bookA,1,0.9989363509254783,1.0,0.9994681754627391
organ_tablature,ammerbach_bookA,1,0.9999388512154008,1.0,0.9999694256077004
organ_tablature,ammerbach_bookA,1,0.9999214232713279,1.0,0.9999607116356639
organ_tablature,ammerbach_bookA,1,0.9997608788428303,0.9985240706886045,0.9991424747657174
organ_tablature,ammerbach_bookA,1,0.9995136176549322,1.0,0.9997568088274661
organ_tablature,ammerbach_bookA,1,0.9998075962145521,1.0,0.999903798107276
organ_tablature,ammerbach_bookA,1,0.9976188500583801,1.0,0.9988094250291901
organ_tablature,ammerbach_bookA,1,0.999145454750907,1.0,0.9995727273754536
organ_tablature,ammerbach_bookA,1,0.9997106189605511,0.9985240706886045,0.9991173448245778
organ_tablature,ammerbach_bookA,1,0.9999891984303064,1.0,0.9999945992151532
organ_tablature,ammerbach_bookA,1,0.9999842293859094,1.0,0.9999921146929547
organ_tablature,ammerbach_bookA,1,0.9999537682940313,1.0,0.9999768841470156
organ_tablature,ammerbach_bookA,1,0.999932213409238,1.0,0.999966106704619
organ_tablature,ammerbach_bookA,1,0.9997082496011177,1.0,0.9998541248005588
organ_tablature,ammerbach_bookA,1,0.999910485666439,0.9972290063109222,0.9985697459886806
organ_tablature,ammerbach_bookA,1,0.9992691737268639,1.0,0.999634586863432
organ_tablature,ammerbach_bookA,1,0.9998948858895055,1.0,0.9999474429447528
organ_tablature,ammerbach_bookA,1,0.9999524908108789,1.0,0.9999762454054395
organ_tablature,ammerbach_bookA,1,0.9997223655070374,0.9973302245347584,0.998526295020898
organ_tablature,ammerbach_bookA,1,0.999968396978062,0.9868137171898387,0.9933910570839504
organ_tablature,ammerbach_bookA,1,0.9995876843813479,1.0,0.999793842190674
organ_tablature,ammerbach_bookA,1,0.9999618143789599,1.0,0.99998090718948
organ_tablature,ammerbach_bookA,1,0.9999980526881747,0.9963057503506311,0.9981519015194029
organ_tablature,ammerbach_bookA,1,0.999998905093,1.0,0.9999994525465
organ_tablature,ammerbach_bookA,1,0.9999884462701455,1.0,0.9999942231350727
organ_tablature,ammerbach_bookA,1,0.9998237581147834,1.0,0.9999118790573918
organ_tablature,ammerbach_bookA,1,0.9998868424422485,0.998,0.9989434212211242
organ_tablature,ammerbach_bookA,1,0.9999964036789218,0.9957385979900473,0.9978675008344846
organ_tablature,ammerbach_bookA,1,0.9999834581594033,1.0,0.9999917290797016
organ_tablature,ammerbach_bookA,1,0.9999634623781916,0.9985240706886045,0.999243766533398
organ_tablature,ammerbach_bookA,1,0.9997726577049729,1.0,0.9998863288524864
organ_tablature,ammerbach_bookA,1,0.9998740111793184,1.0,0.9999370055896593
organ_tablature,ammerbach_bookA,1,0.9999149685655045,1.0,0.9999574842827523
organ_tablature,ammerbach_bookA,1,0.9998117278454074,1.0,0.9999058639227036
organ_tablature,ammerbach_bookA,1,0.9999909183144522,1.0,0.9999954591572261
organ_tablature,ammerbach_bookA,1,0.9999936160811835,0.998,0.9989968080405918
organ_tablature,ammerbach_bookA,1,0.9990440204091743,1.0,0.9995220102045872
organ_tablature,ammerbach_bookA,1,0.9982015054342264,1.0,0.9991007527171132
organ_tablature,ammerbach_bookA,1,0.9999318280498236,1.0,0.9999659140249118
organ_tablature,ammerbach_bookA,1,0.9999620820060107,1.0,0.9999810410030053
organ_tablature,ammerbach_bookA,1,0.9997054042599556,1.0,0.9998527021299778
organ_tablature,ammerbach_bookA,1,0.9997588134187589,1.0,0.9998794067093795
organ_tablature,ammerbach_bookA,1,0.9994320912103255,1.0,0.9997160456051628
organ_tablature,ammerbach_bookA,1,0.9998519500817463,1.0,0.9999259750408731
organ_tablature,ammerbach_bookA,1,0.9996021355232332,1.0,0.9998010677616166
organ_tablature,ammerbach_bookA,1,0.9999288995748523,1.0,0.9999644497874262
organ_tablature,ammerbach_bookA,1,0.9999919208089744,1.0,0.9999959604044872
organ_tablature,ammerbach_bookA,1,0.9998551938195156,1.0,0.9999275969097579
organ_tablature,ammerbach_bookA,1,0.9999280118403538,1.0,0.9999640059201769
organ_tablature,ammerbach_bookA,1,0.9998327143758324,1.0,0.9999163571879162
organ_tablature,ammerbach_bookA,1,0.9999890682999043,1.0,0.9999945341499521
organ_tablature,ammerbach_bookA,1,0.9998785998793187,1.0,0.9999392999396594
organ_tablature,ammerbach_bookB,1,0.9999938870781387,0.9652462146097934,0.9826200508439661
organ_tablature,ammerbach_bookB,1,0.9999997378611706,1.0,0.9999998689305853
organ_tablature,ammerbach_bookB,1,0.9999966025681057,0.9974302019742901,0.9987134022711979
organ_tablature,ammerbach_bookB,1,0.9999945102859354,1.0,0.9999972551429677
organ_tablature,ammerbach_bookB,1,0.9999962485540106,1.0,0.9999981242770053
organ_tablature,ammerbach_bookB,1,0.9999918683274289,1.0,0.9999959341637145
organ_tablature,ammerbach_bookB,1,0.9999934881051028,1.0,0.9999967440525515
organ_tablature,ammerbach_bookB,1,0.9999443049251044,1.0,0.9999721524625522
organ_tablature,ammerbach_bookB,1,0.9998361613028757,1.0,0.9999180806514378
organ_tablature,ammerbach_bookB,1,0.9999918521880518,1.0,0.9999959260940259
organ_tablature,ammerbach_bookB,1,0.9999810288022135,1.0,0.9999905144011068
organ_tablature,ammerbach_bookB,1,0.999980802303731,0.9984663414634146,0.9992235718835728
organ_tablature,ammerbach_bookB,1,0.9999310779294213,1.0,0.9999655389647106
organ_tablature,ammerbach_bookB,1,0.9999981722201853,1.0,0.9999990861100927
organ_tablature,ammerbach_bookB,1,0.9999578692671771,1.0,0.9999789346335886
organ_tablature,ammerbach_bookB,1,0.9999115929451583,1.0,0.9999557964725792
organ_tablature,ammerbach_bookB,1,0.9999570844206731,1.0,0.9999785422103366
organ_tablature,ammerbach_bookB,1,0.999994406332055,1.0,0.9999972031660276
organ_tablature,ammerbach_bookB,1,0.9999944783832947,0.9939236963748495,0.9969590873790721
organ_tablature,ammerbach_bookB,1,0.9999945469591085,1.0,0.9999972734795542
organ_tablature,ammerbach_bookB,1,0.9999976058242415,0.9916052696133236,0.9958014377187825
organ_tablature,ammerbach_bookB,1,0.9999980553519949,0.9951269851571664,0.9975625202545806
organ_tablature,ammerbach_bookB,1,0.9999377729334391,1.0,0.9999688864667196
organ_tablature,ammerbach_bookB,1,0.9999990019857782,1.0,0.999999500992889
organ_tablature,ammerbach_bookB,1,0.9999720231681504,0.9875551265481888,0.9937635748581696
organ_tablature,ammerbach_bookB,1,0.9990132661482025,0.9698555665671278,0.9844344163576652
organ_tablature,ammerbach_bookB,1,0.9998881824637245,1.0,0.9999440912318622
organ_tablature,ammerbach_bookB,1,0.9999845148832968,0.9986906710310965,0.9993375929571966
organ_tablature,ammerbach_bookB,1,0.9999959046133581,0.9938176561882629,0.9969067804008105
organ_tablature,ammerbach_bookB,1,0.9999981957069998,1.0,0.9999990978534998
organ_tablature,ammerbach_bookB,1,0.9999986296250624,0.9938176561882629,0.9969081429066626
organ_tablature,ammerbach_bookB,1,0.9999989948537364,1.0,0.9999994974268682
organ_tablature,ammerbach_bookB,1,0.9999932850415271,1.0,0.9999966425207636
organ_tablature,ammerbach_bookB,1,0.9999950420096398,1.0,0.99999752100482
organ_tablature,ammerbach_bookB,1,0.9999832911991207,0.9841489575675666,0.9920661243833436
organ_tablature,ammerbach_bookB,1,0.9999906617063362,0.9906595931574512,0.9953251274318937
organ_tablature,ammerbach_bookB,1,0.9998470678751811,0.9953118282429813,0.9975794480590812
organ_tablature,ammerbach_bookB,1,0.9998816590816918,1.0,0.9999408295408458
organ_tablature,ammerbach_bookB,1,0.9999851243340516,0.9986906710310965,0.9993378976825741
organ_tablature,ammerbach_bookB,1,0.9999779112650591,0.9953118282429813,0.9976448697540201
organ_tablature,ammerbach_bookB,1,0.999842834108406,0.99235656823151,0.9960997011699579
organ_tablature,ammerbach_bookB,1,0.9998930245561523,0.9938176561882629,0.9968553403722076
organ_tablature,ammerbach_bookB,1,0.999904669241739,1.0,0.9999523346208695
organ_tablature,ammerbach_bookB,1,0.9991768269601357,1.0,0.9995884134800679
organ_tablature,ammerbach_bookB,1,0.999910615984297,0.9938176561882629,0.99686413608628
organ_tablature,ammerbach_bookB,1,0.9999991284259873,0.9970777034500492,0.9985384159380182
organ_tablature,ammerbach_bookB,1,0.9999882519222398,0.9969247958240287,0.9984565238731342
organ_tablature,ammerbach_bookB,1,0.9998400572145182,0.9969247958240287,0.9983824265192734
organ_tablature,ammerbach_bookB,1,0.9999753189590846,0.9969247958240287,0.9984500573915567
organ_tablature,ammerbach_bookB,1,0.9999148399687052,0.9986906710310965,0.9993027554999009
organ_tablature,ammerbach_bookB,1,0.9999564695031211,1.0,0.9999782347515606
organ_tablature,ammerbach_bookB,1,0.9998145003632158,1.0,0.999907250181608
organ_tablature,ammerbach_bookB,1,0.9998775075998481,1.0,0.999938753799924
organ_tablature,ammerbach_bookB,1,0.9999915602992216,1.0,0.9999957801496109
organ_tablature,ammerbach_bookB,1,0.9997846257331663,0.9920024489142978,0.9958935373237321
organ_tablature,ammerbach_bookB,1,0.9999801909241581,0.9956895715819173,0.9978348812530378
organ_tablature,ammerbach_bookB,1,0.9999776660372779,0.992051780981195,0.9960147235092365
organ_tablature,ammerbach_bookB,1,0.9999991701874347,0.9951269851571664,0.9975630776723006
organ_tablature,ammerbach_bookB,1,0.9998745346273369,1.0,0.9999372673136684
organ_tablature,ammerbach_bookB,1,0.9999679673770026,1.0,0.9999839836885013
organ_tablature,ammerbach_bookB,1,0.9999464087508941,1.0,0.999973204375447
organ_tablature,ammerbach_bookB,1,0.99999825595628,1.0,0.99999912797814
organ_tablature,ammerbach_bookB,1,0.999981981255688,0.9969247958240287,0.9984533885398583
organ_tablature,ammerbach_bookB,1,0.9999892304167066,1.0,0.9999946152083533
organ_tablature,ammerbach_bookB,1,0.9999878854299373,1.0,0.9999939427149687
organ_tablature,ammerbach_bookB,1,0.9999937371073225,0.9956895715819173,0.9978416543446199
organ_tablature,ammerbach_bookB,1,0.9999986278382854,0.9983870324189527,0.999192830128619
organ_tablature,ammerbach_bookB,1,0.9999878284057695,1.0,0.9999939142028847
organ_tablature,ammerbach_bookB,1,0.9999915865943467,1.0,0.9999957932971734
organ_tablature,ammerbach_bookB,1,0.9999987273392913,1.0,0.9999993636696456
organ_tablature,ammerbach_bookB,1,0.9999999066299637,1.0,0.9999999533149819
organ_tablature,ammerbach_bookB,1,0.9999959918527873,0.9986906710310965,0.999343331441942
organ_tablature,ammerbach_bookB,1,0.9999989238504706,1.0,0.9999994619252353
organ_tablature,ammerbach_bookB,1,0.9999976822346271,1.0,0.9999988411173135
organ_tablature,ammerbach_bookB,1,0.9999960433589632,1.0,0.9999980216794816
organ_tablature,ammerbach_bookB,1,0.999995343221573,1.0,0.9999976716107866
organ_tablature,ammerbach_bookB,1,0.9999909775406484,0.9985949535192563,0.9992929655299523
organ_tablature,ammerbach_bookB,1,0.9999804506817044,0.9916052696133236,0.995792860147514
organ_tablature,ammerbach_bookB,1,0.9999976586876133,0.9938176561882629,0.9969076574379381
organ_tablature,ammerbach_bookB,1,0.9999996757805844,0.9952396515171378,0.997619663648861
organ_tablature,ammerbach_bookB,1,0.9999993607149423,0.9969989005508209,0.9984991306328816
organ_tablature,ammerbach_bookB,1,0.9999911319351196,1.0,0.9999955659675598
organ_tablature,ammerbach_bookB,1,0.9999542763160638,1.0,0.9999771381580319
organ_tablature,ammerbach_bookB,1,0.9999796950008751,1.0,0.9999898475004376
organ_tablature,ammerbach_bookB,1,0.9999983069543403,1.0,0.9999991534771702
organ_tablature,ammerbach_bookB,1,0.99999883516713,0.9984559686888453,0.9992274019279876
organ_tablature,ammerbach_bookB,1,0.999923245409942,0.9970777034500492,0.9985004744299957
organ_tablature,ammerbach_bookB,1,0.9999753804306389,0.9938176561882629,0.9968965183094509
organ_tablature,ammerbach_bookB,1,0.9999705328110245,0.9938176561882629,0.9968940944996437
organ_tablature,ammerbach_bookB,1,0.9999327951348725,0.992051780981195,0.9959922880580337
organ_tablature,ammerbach_bookB,1,0.9999213356975872,0.9938176561882629,0.9968694959429251
organ_tablature,ammerbach_bookB,1,0.9999918752167237,0.9938176561882629,0.9969047657024933
organ_tablature,ammerbach_bookB,1,0.9999976709734553,0.9870887988809425,0.9935432349271989
organ_tablature,ammerbach_bookB,1,0.9999865410784338,0.9938176561882629,0.9969020986333483
organ_tablature,ammerbach_bookB,1,0.999955881027508,1.0,0.999977940513754
organ_tablature,ammerbach_bookB,1,0.9999990374447097,1.0,0.9999995187223549
organ_tablature,ammerbach_bookB,1,0.9999996608229895,1.0,0.9999998304114948
organ_tablature,ammerbach_bookB,1,0.9999951949906181,0.992051780981195,0.9960234879859065
organ_tablature,ammerbach_bookB,1,0.9999937266284618,0.9969819859382091,0.9984878562833355
organ_tablature,ammerbach_bookB,1,0.999986694349769,1.0,0.9999933471748845
organ_tablature,ammerbach_bookB,1,0.9999978834565393,1.0,0.9999989417282696
organ_tablature,ammerbach_bookB,1,0.9999987312488293,0.985216883487288,0.9926078073680586
organ_tablature,ammerbach_bookB,1,0.9999988842830194,0.9938176561882629,0.9969082702356411
organ_tablature,ammerbach_bookB,1,0.9999975045519192,1.0,0.9999987522759596
organ_tablature,ammerbach_bookB,1,0.9999845143308651,1.0,0.9999922571654325
organ_tablature,ammerbach_bookB,1,0.9999748541007121,0.9984663414634146,0.9992205977820634
organ_tablature,ammerbach_bookB,1,0.9999833927601162,0.988883160749422,0.994433276754769
organ_tablature,ammerbach_bookB,1,0.9999718287462128,0.9824613591109104,0.9912165939285615
organ_tablature,ammerbach_bookB,1,0.9999702064736123,0.9956895715819173,0.9978298890277648
organ_tablature,ammerbach_bookB,1,0.9999989957959895,1.0,0.9999994978979947
organ_tablature,ammerbach_bookB,1,0.9999969969356225,1.0,0.9999984984678112
organ_tablature,ammerbach_bookB,1,0.9999831624551034,0.9938176561882629,0.9969004093216831
organ_tablature,ammerbach_bookB,1,0.9999983460164267,0.9970777034500492,0.9985380247332379
organ_tablature,ammerbach_bookB,1,0.9999155149824581,0.9986906710310965,0.9993030930067773
organ_tablature,ammerbach_bookB,1,0.9999471384226898,0.9890354922555482,0.994491315339119
organ_tablature,ammerbach_bookB,1,0.9999284021353051,0.9704512615199304,0.9851898318276178
organ_tablature,ammerbach_bookB,1,0.9999055359172233,0.9705793461262759,0.9852424410217496
organ_tablature,ammerbach_bookB,1,0.9999564704100997,0.9938176561882629,0.9968870632991813
organ_tablature,ammerbach_bookB,1,0.9999724387918464,0.992051780981195,0.9960121098865207
organ_tablature,ammerbach_bookB,1,0.9999911169472204,0.9938176561882629,0.9969043865677416
organ_tablature,ammerbach_bookB,1,0.99999517658905,1.0,0.999997588294525
organ_tablature,ammerbach_bookB,1,0.9999977637174954,1.0,0.9999988818587477
organ_tablature,ammerbach_bookB,1,0.9999945898526018,0.9760426552105058,0.9880186225315538
organ_tablature,ammerbach_bookB,1,0.9999953952713102,1.0,0.999997697635655
organ_tablature,ammerbach_bookB,1,0.9999990471510296,1.0,0.9999995235755148
organ_tablature,ammerbach_bookB,1,0.9999994200110545,0.9713141167596774,0.9856567683853659
organ_tablature,ammerbach_bookB,1,0.9999469295410736,0.9608038262345258,0.9803753778877997
organ_tablature,ammerbach_bookB,1,0.9999837372508249,0.9970777034500492,0.998530720350437
organ_tablature,ammerbach_bookB,1,0.9999971229643487,0.9938176561882629,0.9969073895763059
organ_tablature,ammerbach_bookB,1,0.9999826360739098,0.9903442487061748,0.9951634423900423
organ_tablature,ammerbach_bookB,1,0.9999308417666175,0.9888980532987007,0.9944144475326591
organ_tablature,ammerbach_bookB,1,0.9998049854969279,1.0,0.9999024927484639
organ_tablature,ammerbach_bookB,1,0.9999846492899778,0.9938176561882629,0.9969011527391203
organ_tablature,ammerbach_bookB,1,0.999996064318651,0.9970777034500492,0.99853688388435
organ_tablature,ammerbach_bookB,1,0.9999991441660822,1.0,0.999999572083041
organ_tablature,ammerbach_bookB,1,0.999988420285637,0.9905906930244421,0.9952895566550395
organ_tablature,ammerbach_bookB,1,0.9999917877120974,0.9905906930244421,0.9952912403682698
organ_tablature,ammerbach_bookB,1,0.9999985997214839,1.0,0.9999992998607419
organ_tablature,ammerbach_bookB,1,0.9999990696670433,0.9985949535192563,0.9992970115931499
organ_tablature,ammerbach_bookB,1,0.9999716285205349,1.0,0.9999858142602674
organ_tablature,ammerbach_bookB,1,0.9999845425684007,1.0,0.9999922712842004
organ_tablature,ammerbach_bookB,1,0.9999453580209625,1.0,0.9999726790104813
organ_tablature,ammerbach_bookB,1,0.999923807419717,1.0,0.9999619037098585
organ_tablature,ammerbach_bookB,1,0.9999899745596621,0.9902817287203451,0.9951358516400036
organ_tablature,ammerbach_bookB,1,0.9999822342579295,0.9984663414634146,0.9992242878606721
organ_tablature,ammerbach_bookB,1,0.9999280510182845,0.9873441383418926,0.9936360946800886
organ_tablature,ammerbach_bookB,1,0.9999662739514849,0.9986906710310965,0.9993284724912908
organ_tablature,ammerbach_bookB,1,0.9999608670673488,1.0,0.9999804335336744
organ_tablature,ammerbach_bookB,1,0.9998924806543579,0.9905906930244421,0.9952415868394
organ_tablature,ammerbach_bookB,1,0.9999951050697914,0.992051780981195,0.9960234430254932
organ_tablature,ammerbach_bookB,1,0.9999918720288727,0.9938176561882629,0.9969047641085678
organ_tablature,ammerbach_bookB,1,0.9999810373768363,0.992051780981195,0.9960164091790156
organ_tablature,ammerbach_bookB,1,0.9999817231205771,0.9606911593833916,0.9803364412519844
organ_tablature,ammerbach_bookB,1,0.999972346629336,0.9969247958240287,0.9984485712266824
organ_tablature,ammerbach_bookB,1,0.999918934799963,0.9969247958240287,0.9984218653119958
organ_tablature,ammerbach_bookB,1,0.9999913768314554,1.0,0.9999956884157277
organ_tablature,ammerbach_bookB,1,0.9999979732035845,0.9986906710310965,0.9993443221173406
organ_tablature,ammerbach_bookB,1,0.9999966003106054,0.9953118282429813,0.9976542142767933
organ_tablature,ammerbach_bookB,1,0.9999865011134802,1.0,0.9999932505567402
organ_tablature,ammerbach_bookB,1,0.9999955136783688,1.0,0.9999977568391845
organ_tablature,ammerbach_bookB,1,0.9999655828216586,0.992051780981195,0.9960086819014268
organ_tablature,ammerbach_bookB,1,0.9999855107909611,0.9969247958240287,0.9984551533074949
organ_tablature,ammerbach_bookB,1,0.9999837711778808,1.0,0.9999918855889405
organ_tablature,ammerbach_bookB,1,0.9999962642992193,1.0,0.9999981321496096
organ_tablature,ammerbach_bookB,1,0.9999190717633345,0.9984663414634146,0.9991927066133746
organ_tablature,ammerbach_bookB,1,0.9999738499883724,0.992051780981195,0.9960128154847836
organ_tablature,ammerbach_bookB,1,0.9999970420655981,1.0,0.9999985210327991
organ_tablature,ammerbach_bookB,1,0.999990051121067,1.0,0.9999950255605334
organ_tablature,ammerbach_bookB,1,0.9999990825754522,1.0,0.9999995412877261
organ_tablature,ammerbach_bookB,1,0.9999995601887826,1.0,0.9999997800943913
organ_tablature,ammerbach_bookB,1,0.999992392125292,1.0,0.999996196062646
organ_tablature,ammerbach_bookB,1,0.9999559811144006,1.0,0.9999779905572004
organ_tablature,ammerbach_bookB,1,0.9999578311537491,1.0,0.9999789155768746
organ_tablature,ammerbach_bookB,1,0.9998868193825555,1.0,0.9999434096912778
organ_tablature,ammerbach_bookB,1,0.9999356569919723,1.0,0.9999678284959861
organ_tablature,ammerbach_bookB,1,0.9998718462998308,1.0,0.9999359231499154
organ_tablature,ammerbach_bookB,1,0.9997780539205935,1.0,0.9998890269602967
organ_tablature,ammerbach_bookB,1,0.9998952062473454,1.0,0.9999476031236727
organ_tablature,ammerbach_bookB,1,0.9999782500462439,0.9938176561882629,0.9968979531172534
organ_tablature,ammerbach_bookB,1,0.9999977726765642,0.9951269851571664,0.9975623789168653
organ_tablature,ammerbach_bookB,1,0.9999931569973806,1.0,0.9999965784986903
organ_tablature,ammerbach_bookB,1,0.9999958868143967,1.0,0.9999979434071984
organ_tablature,ammerbach_bookB,1,0.9997048543965514,1.0,0.9998524271982757
organ_tablature,ammerbach_bookB,1,0.9999848427509953,0.9939236963748495,0.9969542695629223
organ_tablature,ammerbach_bookB,1,0.9999964342071137,0.9938176561882629,0.9969070451976882
organ_tablature,ammerbach_bookB,1,0.9999022863881113,0.993778169706396,0.9968402280472537
organ_tablature,ammerbach_bookB,1,0.999933114190557,1.0,0.9999665570952785
organ_tablature,ammerbach_bookB,1,0.9999931447270218,1.0,0.9999965723635109
organ_tablature,ammerbach_bookB,1,0.9999827059532218,1.0,0.9999913529766109
organ_tablature,ammerbach_bookB,1,0.9999962007453759,0.9969247958240287,0.9984604982847023
organ_tablature,ammerbach_bookB,1,0.9999543068865064,0.992051780981195,0.9960030439338508
organ_tablature,ammerbach_bookB,1,0.9999062308515534,1.0,0.9999531154257767
organ_tablature,ammerbach_bookB,1,0.9983854531279293,0.9968569742486664,0.9976212136882978
organ_tablature,ammerbach_bookB,1,0.9999719329252638,0.9969247958240287,0.9984483643746462
organ_tablature,ammerbach_bookB,1,0.9999784867704028,0.9939236963748495,0.9969510915726261
organ_tablature,ammerbach_bookB,1,0.9999159769799912,1.0,0.9999579884899956
organ_tablature,ammerbach_bookB,1,0.9999897345480508,1.0,0.9999948672740254
organ_tablature,ammerbach_bookB,1,0.9999816060444779,1.0,0.999990803022239
organ_tablature,ammerbach_bookB,1,0.9999875143349282,1.0,0.9999937571674641
organ_tablature,ammerbach_bookB,1,0.9999994284981766,1.0,0.9999997142490883
organ_tablature,ammerbach_bookB,1,0.9999864221005423,1.0,0.9999932110502712
organ_tablature,ammerbach_bookB,1,0.9999698733539402,1.0,0.9999849366769701
organ_tablature,ammerbach_bookB,1,0.9999474514070876,1.0,0.9999737257035438
organ_tablature,ammerbach_bookB,1,0.9999912947237104,0.9956895715819173,0.9978404331528139
organ_tablature,ammerbach_bookB,1,0.9999825365550697,0.9938176561882629,0.9969000963716663
organ_tablature,ammerbach_bookB,1,0.9999720279318208,0.992051780981195,0.9960119044565079
organ_tablature,ammerbach_bookB,1,0.999786684302094,1.0,0.999893342151047
organ_tablature,ammerbach_bookB,1,0.9996680874870186,1.0,0.9998340437435094
organ_tablature,ammerbach_bookB,1,0.9999774955603179,1.0,0.999988747780159
organ_tablature,ammerbach_bookB,1,0.9999057136871159,1.0,0.999952856843558
organ_tablature,ammerbach_bookB,1,0.9999342433174472,0.9984663414634146,0.9992002923904308
organ_tablature,ammerbach_bookB,1,0.9999443569696501,1.0,0.999972178484825
organ_tablature,ammerbach_bookB,1,0.9999737355384294,1.0,0.9999868677692147
organ_tablature,ammerbach_bookB,1,0.9998902512341543,1.0,0.9999451256170772
organ_tablature,ammerbach_bookB,1,0.9999827623940379,1.0,0.9999913811970189
organ_tablature,ammerbach_bookB,1,0.9999742245837928,1.0,0.9999871122918964
organ_tablature,ammerbach_bookB,1,0.999871827245245,1.0,0.9999359136226225
organ_tablature,ammerbach_bookB,1,0.9999894437462714,1.0,0.9999947218731358
organ_tablature,ammerbach_bookB,1,0.999972537314199,1.0,0.9999862686570995
organ_tablature,ammerbach_bookB,1,0.9986765552142578,1.0,0.9993382776071289
organ_tablature,ammerbach_bookB,1,0.9984598839637878,1.0,0.999229941981894
organ_tablature,ammerbach_bookB,1,0.9999608087038266,1.0,0.9999804043519134
organ_tablature,ammerbach_bookB,1,0.9999888597513653,1.0,0.9999944298756827
organ_tablature,ammerbach_bookB,1,0.9999618427780778,1.0,0.9999809213890389
organ_tablature,ammerbach_bookB,1,0.99999280857661,1.0,0.9999964042883049
organ_tablature,ammerbach_bookB,1,0.9999980155274626,0.9938176561882629,0.9969078358578627
organ_tablature,ammerbach_bookB,1,0.9999843524635261,0.9986906710310965,0.9993375117473113
organ_tablature,ammerbach_bookB,1,0.999937455802334,0.9969247958240287,0.9984311258131813
organ_tablature,ammerbach_bookB,1,0.9999911709850878,1.0,0.999995585492544
organ_tablature,ammerbach_bookB,1,0.9999934212910645,0.9986906710310965,0.9993420461610805
organ_tablature,ammerbach_bookB,1,0.9994288022106911,0.9971169167143723,0.9982728594625316
organ_tablature,ammerbach_bookB,1,0.998243789903549,1.0,0.9991218949517745
organ_tablature,ammerbach_bookB,1,0.9997385973137148,1.0,0.9998692986568574
organ_tablature,ammerbach_bookB,1,0.9999655173596855,1.0,0.9999827586798428
organ_tablature,ammerbach_bookB,1,0.9998171067365264,0.9984663414634146,0.9991417240999705
organ_tablature,ammerbach_bookB,1,0.9999633182795656,0.9986906710310965,0.9993269946553311
organ_tablature,ammerbach_bookB,1,0.9999930148542361,0.9938176561882629,0.9969053355212495
organ_tablature,ammerbach_bookB,1,0.9999850688428977,0.9938176561882629,0.9969013625155803
organ_tablature,ammerbach_bookB,1,0.9999943206101479,1.0,0.9999971603050739
organ_tablature,ammerbach_bookB,1,0.9997973035150245,1.0,0.9998986517575122
organ_tablature,ammerbach_bookB,1,0.9999712658501549,1.0,0.9999856329250775
organ_tablature,ammerbach_bookB,1,0.999997648072201,1.0,0.9999988240361005
organ_tablature,ammerbach_bookB,1,0.9999740826550798,1.0,0.9999870413275399
organ_tablature,ammerbach_bookB,1,0.9999986137243464,1.0,0.9999993068621732
organ_tablature,ammerbach_bookB,1,0.9999776023246641,1.0,0.9999888011623321
organ_tablature,ammerbach_bookB,1,0.999968427869158,0.9909664387789572,0.9954674333240576
organ_tablature,ammerbach_bookB,1,0.9999981587614937,0.9969247958240287,0.9984614772927611
organ_tablature,ammerbach_bookB,1,0.9999952244555672,1.0,0.9999976122277836
organ_tablature,ammerbach_bookB,1,0.999994693054958,1.0,0.999997346527479
organ_tablature,ammerbach_bookB,1,0.9999984079926544,1.0,0.9999992039963272
organ_tablature,ammerbach_bookB,1,0.9999977309845395,1.0,0.9999988654922698
organ_tablature,ammerbach_bookB,1,0.9999978649317478,0.99235656823151,0.9961772165816289
organ_tablature,ammerbach_bookB,1,0.9999997310988372,1.0,0.9999998655494187
organ_tablature,ammerbach_bookB,1,0.9999989901866465,0.9986906710310965,0.9993448306088715
organ_tablature,ammerbach_bookB,1,0.9999983353041256,1.0,0.9999991676520628
organ_tablature,ammerbach_bookB,1,0.9999968575104924,1.0,0.9999984287552461
organ_tablature,ammerbach_bookB,1,0.9993378820838243,1.0,0.9996689410419122
organ_tablature,ammerbach_bookB,1,0.9999835641504146,1.0,0.9999917820752073
organ_tablature,ammerbach_bookB,1,0.9999659950422445,1.0,0.9999829975211223
organ_tablature,ammerbach_bookB,1,0.9999532604975069,1.0,0.9999766302487534
organ_tablature,ammerbach_bookB,1,0.9999799513860596,1.0,0.9999899756930297
organ_tablature,ammerbach_bookB,1,0.9999933497134657,1.0,0.9999966748567328
organ_tablature,ammerbach_bookB,1,0.9999977031306412,1.0,0.9999988515653206
organ_tablature,ammerbach_bookB,1,0.9999978197562566,0.9985493910690122,0.9992736054126343
organ_tablature,ammerbach_bookB,1,0.9999997284834188,0.9969819859382091,0.998490857210814
organ_tablature,ammerbach_bookB,1,0.999998955607534,0.9986906710310965,0.9993448133193152
organ_tablature,ammerbach_bookB,1,0.9999992939819426,0.9983870324189527,0.9991931632004476
organ_tablature,ammerbach_bookB,1,0.9999855471530552,0.9938176561882629,0.9969016016706591
organ_tablature,ammerbach_bookB,1,0.9999984278764511,0.9938176561882629,0.9969080420323571
organ_tablature,ammerbach_bookB,1,0.9999977218631185,0.992051780981195,0.9960247514221567
organ_tablature,ammerbach_bookB,1,0.9999582261677978,0.9938176561882629,0.9968879411780304
organ_tablature,ammerbach_bookB,1,0.9999933978466959,1.0,0.999996698923348
organ_tablature,ammerbach_bookB,1,0.9999792697790878,0.9986906710310965,0.9993349704050922
organ_tablature,ammerbach_bookB,1,0.9999958962777901,0.992051780981195,0.9960238386294925
organ_tablature,ammerbach_bookB,1,0.999928742816829,0.9842549977541533,0.9920918702854911
organ_tablature,ammerbach_bookB,1,0.9999714592149193,1.0,0.9999857296074597
organ_tablature,ammerbach_bookB,1,0.9997506859737985,1.0,0.9998753429868992
organ_tablature,ammerbach_bookB,1,0.9983386016412072,0.991738023566477,0.9950383126038421
organ_tablature,ammerbach_bookB,1,0.999976841439309,1.0,0.9999884207196545
organ_tablature,ammerbach_bookB,1,0.9999935920524639,1.0,0.9999967960262319
organ_tablature,ammerbach_bookB,1,0.9999966403248233,1.0,0.9999983201624116
organ_tablature,ammerbach_bookB,1,0.9998843568427136,0.992051780981195,0.9959680689119543
organ_tablature,ammerbach_bookB,1,0.9999595037631984,0.992051780981195,0.9960056423721967
organ_tablature,ammerbach_bookB,1,0.9999851777261802,0.9970777034500492,0.9985314405881147
organ_tablature,ammerbach_bookB,1,0.9999941037937586,1.0,0.9999970518968793
organ_tablature,ammerbach_bookB,1,0.9999978454706596,1.0,0.9999989227353299
organ_tablature,ammerbach_bookB,1,0.9999916444928838,1.0,0.9999958222464419
organ_tablature,ammerbach_bookB,1,0.9999430462414891,0.9969247958240287,0.9984339210327589
organ_tablature,ammerbach_bookB,1,0.9998812192878126,0.9907743178886135,0.995327768588213
organ_tablature,ammerbach_bookB,1,0.9999626132761361,0.9933473907812254,0.9966550020286807
organ_tablature,ammerbach_bookB,1,0.999996708456676,1.0,0.9999983542283379
organ_tablature,ammerbach_bookB,1,0.999923272986252,1.0,0.9999616364931261
organ_tablature,ammerbach_bookB,1,0.9999915816908219,1.0,0.9999957908454109
organ_tablature,ammerbach_bookB,1,0.9999971114337335,1.0,0.9999985557168667
organ_tablature,ammerbach_bookB,1,0.9999972765121459,0.998,0.9989986382560729
organ_tablature,ammerbach_bookB,1,0.9999801805841354,0.9969247958240287,0.9984524882040821
organ_tablature,ammerbach_bookB,1,0.9999622835065926,1.0,0.9999811417532962
organ_tablature,ammerbach_bookB,1,0.9999795795764055,1.0,0.9999897897882027
organ_tablature,ammerbach_bookB,1,0.9999829575795562,0.9872710871560748,0.9936270223678155
organ_tablature,ammerbach_bookB,1,0.9999965353181043,0.9938176561882629,0.9969070957531836
organ_tablature,ammerbach_bookB,1,0.9999986576125156,1.0,0.9999993288062579
organ_tablature,ammerbach_bookB,1,0.999919530799272,1.0,0.9999597653996359
organ_tablature,ammerbach_bookB,1,0.9999043782002037,1.0,0.9999521891001019
organ_tablature,ammerbach_bookB,1,0.9999774669338182,1.0,0.9999887334669091
organ_tablature,ammerbach_bookB,1,0.9999914631638196,1.0,0.9999957315819098
organ_tablature,ammerbach_bookB,1,0.9999871063908118,1.0,0.9999935531954058
organ_tablature,ammerbach_bookB,1,0.9996756999402004,1.0,0.9998378499701002
organ_tablature,ammerbach_bookB,1,0.99969423008656,1.0,0.9998471150432799
organ_tablature,ammerbach_bookB,1,0.9997285846373208,0.9933118282429813,0.996520206440151
organ_tablature,ammerbach_bookB,1,0.9998591871508918,0.9938176561882629,0.9968384216695774
organ_tablature,ammerbach_bookB,1,0.99998655445699,0.9939236963748495,0.9969551254159197
organ_tablature,ammerbach_bookB,1,0.9998516221610302,0.9933473907812254,0.9965995064711277
organ_tablature,ammerbach_bookB,1,0.9999702074389918,1.0,0.9999851037194959
organ_tablature,ammerbach_bookB,1,0.9999974339567187,0.9679810103872015,0.9839892221719602
organ_tablature,ammerbach_bookB,1,0.9999989037491027,0.9659006784569333,0.9829497911030181
organ_tablature,ammerbach_bookB,1,0.9999989530498189,0.9938176561882629,0.9969083046190409
organ_tablature,ammerbach_bookB,1,0.9999979189742033,1.0,0.9999989594871017
organ_tablature,ammerbach_bookB,1,0.9999976318943153,1.0,0.9999988159471577
organ_tablature,ammerbach_bookB,1,0.9999987688017353,0.9986906710310965,0.9993447199164159
organ_tablature,ammerbach_bookB,1,0.9999995413813416,0.9938176561882629,0.9969085987848023
organ_tablature,ammerbach_bookB,1,0.9999998381868758,1.0,0.9999999190934379
organ_tablature,ammerbach_bookB,1,0.9999998531784944,1.0,0.9999999265892472
organ_tablature,ammerbach_bookB,1,0.9999974380560145,1.0,0.9999987190280073
organ_tablature,ammerbach_bookB,1,0.9999967966193771,1.0,0.9999983983096885
organ_tablature,ammerbach_bookB,1,0.9999983800836778,0.9970777034500492,0.9985380417668634
organ_tablature,ammerbach_bookB,1,0.9999998906113368,0.9969989005508209,0.9984993955810788
organ_tablature,ammerbach_bookB,1,0.9999997287641998,0.9956895715819173,0.9978446501730586
organ_tablature,ammerbach_bookB,1,0.9999949032257218,0.99235656823151,0.9961757357286158
organ_tablature,ammerbach_bookB,1,0.9999581451267852,0.9864124217916035,0.9931852834591943
organ_tablature,ammerbach_bookB,1,0.999982393520437,0.9970777034500492,0.9985300484852431
organ_tablature,ammerbach_bookB,1,0.9999843090731859,0.9983870324189527,0.9991856707460693
organ_tablature,ammerbach_bookB,1,0.9999918808390416,1.0,0.9999959404195208
organ_tablature,ammerbach_bookB,1,0.9999882275639004,1.0,0.9999941137819501
organ_tablature,ammerbach_bookB,1,0.9999134016555864,1.0,0.9999567008277932
organ_tablature,ammerbach_bookB,1,0.9999982962931582,1.0,0.9999991481465791
organ_tablature,ammerbach_bookB,1,0.9999969801072204,1.0,0.9999984900536102
organ_tablature,ammerbach_bookB,1,0.999987324365637,1.0,0.9999936621828185
organ_tablature,ammerbach_bookB,1,0.9999932302207835,0.9947437649997267,0.997368497610255
organ_tablature,ammerbach_bookB,1,0.9999991237707759,0.991321535052678,0.995660329411727
organ_tablature,ammerbach_bookB,1,0.9999989599144647,1.0,0.9999994799572324
organ_tablature,ammerbach_bookB,1,0.9999986823091779,1.0,0.9999993411545889
organ_tablature,ammerbach_bookB,1,0.9999983566945896,1.0,0.9999991783472948
organ_tablature,ammerbach_bookB,1,0.9999762373764055,0.9818043058473716,0.9908902716118886
organ_tablature,ammerbach_bookB,1,0.9999989432734329,1.0,0.9999994716367164
organ_tablature,ammerbach_bookB,1,0.9999988528001995,0.9951269851571664,0.997562918978683
organ_tablature,ammerbach_bookB,1,0.9999944017345699,0.9956895715819173,0.9978419866582435
organ_tablature,ammerbach_bookB,1,0.9999984760779188,1.0,0.9999992380389594
organ_tablature,ammerbach_bookB,1,0.999991630241735,1.0,0.9999958151208674
organ_tablature,ammerbach_bookB,1,0.9999985724874837,0.9975320117488087,0.9987652921181462
organ_tablature,ammerbach_bookB,1,0.9999778188228936,0.9721636447464271,0.9860707317846604
organ_tablature,ammerbach_bookB,1,0.9999973111369735,1.0,0.9999986555684868
organ_tablature,ammerbach_bookB,1,0.9999929793078893,1.0,0.9999964896539446
organ_tablature,ammerbach_bookB,1,0.9999995242681449,1.0,0.9999997621340724
organ_tablature,ammerbach_bookB,1,0.9999992844319123,1.0,0.9999996422159562
organ_tablature,ammerbach_bookB,1,0.9999977605811671,1.0,0.9999988802905835
organ_tablature,ammerbach_bookB,1,0.9999281919469023,1.0,0.9999640959734512
organ_tablature,ammerbach_bookB,1,0.9999214687219442,1.0,0.9999607343609721
organ_tablature,ammerbach_bookB,1,0.9999400406888165,1.0,0.9999700203444082
organ_tablature,ammerbach_bookB,1,0.9999288681740057,0.9969247958240287,0.9984268319990173
organ_tablature,ammerbach_bookB,1,0.9999975560936828,1.0,0.9999987780468413
organ_tablature,ammerbach_bookB,1,0.9999761870526136,1.0,0.9999880935263068
organ_tablature,ammerbach_bookB,1,0.9999376356736775,0.9856617199413266,0.9927996778075021
organ_tablature,ammerbach_bookB,1,0.9999768732505453,0.988844841472799,0.9944108573616721
organ_tablature,ammerbach_bookB,1,0.9999622332377182,1.0,0.999981116618859
organ_tablature,ammerbach_bookB,1,0.999889380576803,1.0,0.9999446902884015
organ_tablature,ammerbach_bookB,1,0.9999885876316814,1.0,0.9999942938158407
organ_tablature,ammerbach_bookB,1,0.9999793315621623,1.0,0.9999896657810812
organ_tablature,ammerbach_bookB,1,0.9999914568959681,0.9801987691603531,0.9900951130281606
organ_tablature,ammerbach_bookB,1,0.9999898753576476,1.0,0.9999949376788237
organ_tablature,ammerbach_bookB,1,0.9999973851829113,1.0,0.9999986925914557
organ_tablature,ammerbach_bookB,1,0.9999934692473837,1.0,0.9999967346236919
organ_tablature,ammerbach_bookB,1,0.99995724493486,1.0,0.9999786224674301
organ_tablature,ammerbach_bookB,1,0.9999209589039905,0.992051780981195,0.9959863699425927
organ_tablature,ammerbach_bookB,1,0.9999880736027047,0.992051780981195,0.9960199272919499
organ_tablature,ammerbach_bookB,1,0.9998663171772455,1.0,0.9999331585886228
organ_tablature,ammerbach_bookB,1,0.9999768539627885,1.0,0.9999884269813942
organ_tablature,ammerbach_bookB,1,0.9994528355185281,0.9986906710310965,0.9990717532748123
organ_tablature,ammerbach_bookB,1,0.9995018850776233,1.0,0.9997509425388116
organ_tablature,ammerbach_bookB,1,0.9999290601558904,1.0,0.9999645300779452
organ_tablature,ammerbach_bookB,1,0.9998180262838874,1.0,0.9999090131419437
organ_tablature,ammerbach_bookB,1,0.9998437444955341,0.9939675382281363,0.9969056413618352
organ_tablature,ammerbach_bookB,1,0.9992646479069462,1.0,0.9996323239534731
organ_tablature,ammerbach_bookB,1,0.9999956854136367,0.992051780981195,0.9960237331974158
organ_tablature,ammerbach_bookB,1,0.9999565510156514,0.992051780981195,0.9960041659984231
organ_tablature,ammerbach_bookB,1,0.9996773949051762,0.996850621513764,0.99826400820947
organ_tablature,ammerbach_bookB,1,0.9997760411546565,1.0,0.9998880205773282
organ_tablature,ammerbach_bookB,1,0.9999812941060386,0.9922736248771082,0.9961274594915734
organ_tablature,ammerbach_bookB,1,0.999996804006592,0.9956895715819173,0.9978431877942546
organ_tablature,ammerbach_bookB,1,0.9999676488909566,1.0,0.9999838244454783
organ_tablature,ammerbach_bookB,1,0.9999295525674955,0.9984262456832758,0.9991778991253857
organ_tablature,ammerbach_bookB,1,0.9999368509452953,1.0,0.9999684254726476
organ_tablature,ammerbach_bookB,1,0.9989967057360811,0.9983906327852516,0.9986936692606664
organ_tablature,ammerbach_bookB,1,0.9999975107632105,1.0,0.9999987553816052
organ_tablature,ammerbach_bookB,1,0.999999652991803,1.0,0.9999998264959016
organ_tablature,ammerbach_bookB,1,0.9999890443815833,1.0,0.9999945221907917
organ_tablature,ammerbach_bookB,1,0.9999938074420915,0.9941455402707627,0.9970696738564271
organ_tablature,ammerbach_bookB,1,0.9999886832238636,0.9939236963748495,0.9969561897993565
organ_tablature,ammerbach_bookB,1,0.9999721217468706,1.0,0.9999860608734352
organ_tablature,ammerbach_bookB,1,0.9999933644811813,1.0,0.9999966822405906
organ_tablature,ammerbach_bookB,1,0.9999913996620685,1.0,0.9999956998310342
organ_tablature,ammerbach_bookB,1,0.9999687696469849,0.9984559686888453,0.9992123691679151
organ_tablature,ammerbach_bookB,1,0.999988906015623,1.0,0.9999944530078115
organ_tablature,ammerbach_bookB,1,0.9999925775950241,1.0,0.999996288797512
organ_tablature,ammerbach_bookB,1,0.9999908641255228,1.0,0.9999954320627614
organ_tablature,ammerbach_bookB,1,0.9999040969662586,1.0,0.9999520484831292
organ_tablature,ammerbach_bookB,1,0.9999394172535224,1.0,0.9999697086267612
organ_tablature,ammerbach_bookB,1,0.9999712873616092,1.0,0.9999856436808046
organ_tablature,ammerbach_bookB,1,0.9999927710433387,1.0,0.9999963855216694
organ_tablature,ammerbach_bookB,1,0.9999917523628195,1.0,0.9999958761814097
organ_tablature,ammerbach_bookB,1,0.9999993072961701,1.0,0.9999996536480851
organ_tablature,ammerbach_bookB,1,0.9999301745859558,0.9969247958240287,0.9984274852049922
organ_tablature,ammerbach_bookB,1,0.9997522672429172,1.0,0.9998761336214586
organ_tablature,ammerbach_bookB,1,0.9999676296655733,1.0,0.9999838148327866
organ_tablature,ammerbach_bookB,1,0.9999819381349224,1.0,0.9999909690674612
organ_tablature,ammerbach_bookB,1,0.9999307850586999,0.9969247958240287,0.9984277904413643
organ_tablature,ammerbach_bookB,1,0.9999036584832942,1.0,0.9999518292416472
organ_tablature,ammerbach_bookB,1,0.9999524488699066,1.0,0.9999762244349533
organ_tablature,ammerbach_bookB,1,0.9999856735122055,0.9938176561882629,0.9969016648502342
organ_tablature,ammerbach_bookB,1,0.9999809146195405,0.9986906710310965,0.9993357928253186
organ_tablature,ammerbach_bookB,1,0.9996169952254919,1.0,0.9998084976127459
organ_tablature,ammerbach_bookB,1,0.9998841516557782,1.0,0.9999420758278891
organ_tablature,ammerbach_bookB,1,0.9999781929885115,0.9956895715819173,0.9978338822852144
organ_tablature,ammerbach_bookB,1,0.9999953983258174,0.9879873575327558,0.9939913779292866
organ_tablature,ammerbach_bookB,1,0.9999962770207059,0.9983870324189527,0.9991916547198293
organ_tablature,ammerbach_bookB,1,0.9999983378776411,1.0,0.9999991689388206
organ_tablature,ammerbach_bookB,1,0.9999841306051649,1.0,0.9999920653025824
organ_tablature,ammerbach_bookB,1,0.9999816578167288,0.9938176561882629,0.9968996570024958
organ_tablature,ammerbach_bookB,1,0.9999925642403358,1.0,0.9999962821201679
organ_tablature,ammerbach_bookB,1,0.9999645105285205,1.0,0.9999822552642603
organ_tablature,ammerbach_bookB,1,0.9987276903241895,1.0,0.9993638451620948
organ_tablature,ammerbach_bookB,1,0.9999810206766587,1.0,0.9999905103383293
organ_tablature,ammerbach_bookB,1,0.9999544306210278,1.0,0.999977215310514
organ_tablature,ammerbach_bookB,1,0.9999732925222854,1.0,0.9999866462611426
organ_tablature,ammerbach_bookB,1,0.9999840208081088,1.0,0.9999920104040544
organ_tablature,ammerbach_bookB,1,0.9999187028247805,1.0,0.9999593514123902
organ_tablature,ammerbach_bookB,1,0.9999805416342042,1.0,0.9999902708171021
organ_tablature,ammerbach_bookB,1,0.999992360500529,0.9986906710310965,0.9993415157658128
organ_tablature,ammerbach_bookB,1,0.9999956855521542,1.0,0.9999978427760772
organ_tablature,ammerbach_bookB,1,0.9999881117015718,1.0,0.9999940558507858
organ_tablature,ammerbach_bookB,1,0.9999796862178825,1.0,0.9999898431089412
organ_tablature,ammerbach_bookB,1,0.9998882814503767,0.9984663414634146,0.9991773114568956
organ_tablature,ammerbach_bookB,1,0.9999551281858695,1.0,0.9999775640929347
organ_tablature,ammerbach_bookB,1,0.9999933346972626,1.0,0.9999966673486314
organ_tablature,ammerbach_bookB,1,0.9999841767707495,0.9950777034500492,0.9975309401103993
organ_tablature,ammerbach_bookB,1,0.9999899731079098,0.992051780981195,0.9960208770445524
organ_tablature,ammerbach_bookB,1,0.9999915497506335,1.0,0.9999957748753168
organ_tablature,ammerbach_bookB,1,0.9999648157844745,1.0,0.9999824078922372
organ_tablature,ammerbach_bookB,1,0.9999989438915187,1.0,0.9999994719457593
organ_tablature,ammerbach_bookB,1,0.9999999427493607,0.9883152416152556,0.9941575921823081
organ_tablature,ammerbach_bookB,1,0.9999975128947622,0.9782299680840232,0.9891137404893927
organ_tablature,ammerbach_bookB,1,0.9999998762875524,0.9984297683587975,0.9992148223231749
organ_tablature,ammerbach_bookB,1,0.9999991516906694,1.0,0.9999995758453347
organ_tablature,ammerbach_bookB,1,0.9999929574879315,0.9811467632146819,0.9905698603513067
organ_tablature,ammerbach_bookB,1,0.9998106716330276,1.0,0.9999053358165138
organ_tablature,ammerbach_bookB,1,0.9999332559049475,0.9928091819566782,0.9963712189308129
organ_tablature,ammerbach_bookB,1,0.999980237889232,1.0,0.999990118944616
organ_tablature,ammerbach_bookB,1,0.9993087378722381,1.0,0.999654368936119
organ_tablature,ammerbach_bookB,1,0.9999744993307769,0.992051780981195,0.996013140155986
organ_tablature,ammerbach_bookB,1,0.999934303855587,0.9969247958240287,0.9984295498398079
organ_tablature,ammerbach_bookB,1,0.9999766879164529,1.0,0.9999883439582264
organ_tablature,ammerbach_bookB,1,0.9999605696804494,0.9887656713758997,0.9943631205281745
organ_tablature,ammerbach_bookB,1,0.9999909124710602,1.0,0.9999954562355301
organ_tablature,ammerbach_bookB,1,0.9999279197600885,0.9921644473411664,0.9960461835506275
organ_tablature,ammerbach_bookB,1,0.9999086829790783,0.9710050661124563,0.9854568745457672
organ_tablature,ammerbach_bookB,1,0.9999328152667463,1.0,0.9999664076333732
organ_tablature,ammerbach_bookB,1,0.999921658257382,1.0,0.999960829128691
organ_tablature,ammerbach_bookB,1,0.9986206478249783,1.0,0.9993103239124892
organ_tablature,ammerbach_bookB,1,0.9992813668163538,0.991738023566477,0.9955096951914154
organ_tablature,ammerbach_bookB,1,0.9997749273275206,0.9870498518094584,0.9934123895684894
organ_tablature,ammerbach_bookB,1,0.9999887974579628,0.990051780981195,0.9950202892195789
organ_tablature,ammerbach_bookB,1,0.9998804797812163,0.9886592190242066,0.9942698494027115
organ_tablature,ammerbach_bookB,1,0.9998461571020463,1.0,0.9999230785510231
organ_tablature,ammerbach_bookB,1,0.9997528699419682,1.0,0.9998764349709841
organ_tablature,ammerbach_bookB,1,0.9999809508014148,0.994115817265193,0.997048384033304
organ_tablature,ammerbach_bookB,1,0.9999994796685191,1.0,0.9999997398342595
organ_tablature,ammerbach_bookB,1,0.9999973889701818,0.9871993172356452,0.9935983531029136
organ_tablature,ammerbach_bookB,1,0.9999708211354552,0.9918176561882629,0.995894238661859
organ_tablature,ammerbach_bookB,1,0.9999980810622687,1.0,0.9999990405311343
organ_tablature,ammerbach_bookB,1,0.9999966057793488,1.0,0.9999983028896744
organ_tablature,ammerbach_bookB,1,0.9999994126521597,1.0,0.9999997063260799
organ_tablature,ammerbach_bookB,1,0.9999966529812816,1.0,0.9999983264906408
organ_tablature,ammerbach_bookB,1,0.9998978732648706,0.9839024709076434,0.991900172086257
organ_tablature,ammerbach_bookB,1,0.9996870728264902,0.9839024709076434,0.9917947718670668
organ_tablature,ammerbach_bookB,1,0.9998705722307867,1.0,0.9999352861153934
organ_tablature,ammerbach_bookB,1,0.9999189115020114,0.9953118282429813,0.9976153698724963
organ_tablature,ammerbach_bookB,1,0.9999662970474751,1.0,0.9999831485237376
organ_tablature,ammerbach_bookB,1,0.9993795635517602,0.9984663414634146,0.9989229525075873
organ_tablature,ammerbach_bookB,1,0.9996650826858288,0.9984663414634146,0.9990657120746217
organ_tablature,ammerbach_bookB,1,0.9999160655403566,1.0,0.9999580327701783
organ_tablature,ammerbach_bookB,1,0.9999322240434915,1.0,0.9999661120217458
organ_tablature,ammerbach_bookB,1,0.9999887749488139,1.0,0.9999943874744069
organ_tablature,ammerbach_bookB,1,0.9998744105229643,0.9933473907812254,0.9966109006520949
organ_tablature,ammerbach_bookB,1,0.9999880046903672,1.0,0.9999940023451837
organ_tablature,ammerbach_bookB,1,0.9999094049755635,1.0,0.9999547024877817
organ_tablature,ammerbach_bookB,1,0.9999828536962292,1.0,0.9999914268481146
organ_tablature,ammerbach_bookB,1,0.9999992303638751,1.0,0.9999996151819375
organ_tablature,ammerbach_bookB,1,0.9999241294013531,1.0,0.9999620647006766
organ_tablature,ammerbach_bookB,1,0.9999661284508659,1.0,0.9999830642254329
organ_tablature,ammerbach_bookB,1,0.9999933353659786,1.0,0.9999966676829892
organ_tablature,ammerbach_bookB,1,0.9999968661971946,1.0,0.9999984330985974
organ_tablature,ammerbach_bookB,1,0.9999915030716554,0.9658041355180004,0.9828978192948279
organ_tablature,ammerbach_bookB,1,0.9999997354523327,1.0,0.9999998677261663
organ_tablature,ammerbach_bookB,1,0.9999966681444221,1.0,0.9999983340722111
organ_tablature,ammerbach_bookB,1,0.9999265962916336,1.0,0.9999632981458169
organ_tablature,ammerbach_bookB,1,0.9999921427820722,0.9986906710310965,0.9993414069065844
organ_tablature,ammerbach_bookB,1,0.9999987750646385,1.0,0.9999993875323192
organ_tablature,ammerbach_bookB,1,0.9999994630671464,0.9985949535192563,0.9992972082932013
organ_tablature,ammerbach_bookB,1,0.9997672846240986,0.9958291316808766,0.9977982081524877
organ_tablature,ammerbach_bookB,1,0.9999875813403398,1.0,0.9999937906701699
organ_tablature,ammerbach_bookB,1,0.9999970570684149,1.0,0.9999985285342075
organ_tablature,ammerbach_bookB,1,0.9999904275670312,1.0,0.9999952137835155
organ_tablature,ammerbach_bookB,1,0.9999885446259485,0.992051780981195,0.9960201628035718
organ_tablature,ammerbach_bookB,1,0.9999821681689316,0.9986906710310965,0.9993364196000141
organ_tablature,ammerbach_bookB,1,0.9999382366496541,0.9969247958240287,0.9984315162368413
organ_tablature,ammerbach_bookB,1,0.9999926428979709,1.0,0.9999963214489854
organ_tablature,ammerbach_bookB,1,0.9999980786023882,0.9941558142812085,0.9970769464417983
organ_tablature,ammerbach_bookB,1,0.9999887654941678,0.9939236963748495,0.9969562309345086
organ_tablature,ammerbach_bookB,1,0.9999994155262485,0.9937219386764228,0.9968606771013356
organ_tablature,ammerbach_bookB,1,0.9999956349246012,0.986083075044596,0.9930393549845986
organ_tablature,ammerbach_bookB,1,0.9999945810828338,0.9938176561882629,0.9969061186355483
organ_tablature,ammerbach_bookB,1,0.9999870529460009,1.0,0.9999935264730004
organ_tablature,ammerbach_bookB,1,0.9999980087373409,1.0,0.9999990043686704
organ_tablature,ammerbach_bookB,1,0.9999985976482016,0.9780831679754252,0.9890408828118133
organ_tablature,ammerbach_bookB,1,0.9999878480731829,0.9939236963748495,0.9969557722240161
organ_tablature,ammerbach_bookB,1,0.9999781880021361,1.0,0.9999890940010681
organ_tablature,ammerbach_bookB,1,0.9999918435011663,1.0,0.9999959217505832
organ_tablature,ammerbach_bookB,1,0.9998703479330848,1.0,0.9999351739665424
organ_tablature,ammerbach_bookB,1,0.999977761577534,0.9631246134824881,0.9815511875300111
organ_tablature,ammerbach_bookB,1,0.9999938913152181,0.9969247958240287,0.9984593435696234
organ_tablature,ammerbach_bookB,1,0.999974301679367,1.0,0.9999871508396835
organ_tablature,ammerbach_bookB,1,0.9999671657770002,1.0,0.9999835828885001
organ_tablature,ammerbach_bookB,1,0.9995108529194945,0.9933473907812254,0.9964291218503599
organ_tablature,ammerbach_bookB,1,0.9989359023690659,0.9886628193905057,0.9937993608797858
organ_tablature,ammerbach_bookB,1,0.9999975562976482,0.9924126097075192,0.9962050830025837
organ_tablature,ammerbach_bookB,1,0.9999997652418158,0.9951269851571664,0.997563375199491
organ_tablature,ammerbach_bookB,1,0.9999968622180377,0.9986906710310965,0.9993437666245671
organ_tablature,ammerbach_bookB,1,0.9999802930806704,1.0,0.9999901465403351
organ_tablature,ammerbach_bookB,1,0.9999826063623726,1.0,0.9999913031811862
organ_tablature,ammerbach_bookB,1,0.999992243320222,1.0,0.999996121660111
organ_tablature,ammerbach_bookB,1,0.9999944372073555,1.0,0.9999972186036777
organ_tablature,ammerbach_bookB,1,0.9999976069256232,1.0,0.9999988034628116
organ_tablature,ammerbach_bookB,1,0.9998642659823854,0.9720503567961379,0.9859573113892617
organ_tablature,ammerbach_bookB,1,0.9999775653799196,1.0,0.9999887826899598
organ_tablature,ammerbach_bookB,1,0.9999745314789531,1.0,0.9999872657394766
organ_tablature,ammerbach_bookB,1,0.9998861675534424,1.0,0.9999430837767211
organ_tablature,ammerbach_bookB,1,0.9999492486258519,0.9953510415073045,0.9976501450665782
organ_tablature,ammerbach_bookB,1,0.9999988912412102,1.0,0.9999994456206052
organ_tablature,ammerbach_bookB,1,0.9998878573879605,0.9800348968797585,0.9899613771338596
organ_tablature,ammerbach_bookB,1,0.9999929961090036,0.9969247958240287,0.9984588959665162
organ_tablature,ammerbach_bookB,1,0.9999983757818685,0.9974581404493738,0.9987282581156212
organ_tablature,ammerbach_bookB,1,0.9998245288816362,0.987730327054628,0.9937774279681322
organ_tablature,ammerbach_bookB,1,0.9999302576826794,1.0,0.9999651288413397
organ_tablature,ammerbach_bookB,1,0.9999533093780969,1.0,0.9999766546890485
organ_tablature,ammerbach_bookB,1,0.9999321936465766,1.0,0.9999660968232883
organ_tablature,ammerbach_bookB,1,0.9999859045350429,0.9939236963748495,0.9969548004549462
organ_tablature,ammerbach_bookB,1,0.9999968576620937,0.9937219386764228,0.9968593981692582
organ_tablature,ammerbach_bookB,1,0.9999958735543829,1.0,0.9999979367771914
organ_tablature,ammerbach_bookB,1,0.9999965108138309,1.0,0.9999982554069154
organ_tablature,ammerbach_bookB,1,0.9998747827488195,1.0,0.9999373913744097
organ_tablature,ammerbach_bookB,1,0.9999932281684116,0.992051780981195,0.9960225045748032
organ_tablature,ammerbach_bookB,1,0.9999990438361753,0.981978753907231,0.9909888988717032
organ_tablature,ammerbach_bookB,1,0.9999988881121424,0.9939303225482342,0.9969646053301884
organ_tablature,ammerbach_bookB,1,0.9999774963282924,0.9892005635718892,0.9945890299500908
organ_tablature,ammerbach_bookB,1,0.9999662394466756,1.0,0.9999831197233378
organ_tablature,ammerbach_bookB,1,0.9999804312998303,0.9975950068879444,0.9987877190938874
organ_tablature,ammerbach_bookB,1,0.9999984005081775,0.9718950339355609,0.9859467172218692
organ_tablature,ammerbach_bookB,1,0.9999877846312271,0.9742604842430391,0.9871241344371331
organ_tablature,ammerbach_bookB,1,0.9999131283900136,0.9956895715819173,0.9978013499859655
organ_tablature,ammerbach_bookB,1,0.9999693324461596,1.0,0.9999846662230798
organ_tablature,ammerbach_bookB,1,0.9998349039928568,1.0,0.9999174519964285
organ_tablature,ammerbach_bookB,1,0.9998796223672527,0.9939236963748495,0.9969016593710511
organ_tablature,ammerbach_bookB,1,0.9999897763771164,1.0,0.9999948881885582
organ_tablature,ammerbach_bookB,1,0.9999473546189422,1.0,0.9999736773094712
organ_tablature,ammerbach_bookB,1,0.999995601397016,1.0,0.999997800698508
organ_tablature,ammerbach_bookB,1,0.9999959117063526,0.9741744472406377,0.9870851794734952
organ_tablature,ammerbach_bookB,1,0.9999970698731696,0.9635158499890173,0.9817564599310935
organ_tablature,ammerbach_bookB,1,0.9999683902440661,0.9697397412664299,0.984854065755248
organ_tablature,ammerbach_bookB,1,0.9999330444733648,0.9770115313021451,0.988472287887755
organ_tablature,ammerbach_bookB,1,0.9999473726289876,0.9684523092016115,0.9841998409152996
organ_tablature,ammerbach_bookB,1,0.9999907701992187,0.9941570157301811,0.9970738929646998
organ_tablature,ammerbach_bookB,1,0.999983618441835,1.0,0.9999918092209175
organ_tablature,ammerbach_bookB,1,0.9999339391366138,1.0,0.9999669695683069
organ_tablature,ammerbach_bookB,1,0.9999887062138981,0.9660457896982017,0.9830172479560499
organ_tablature,ammerbach_bookB,1,0.9999784878407212,0.9868980532987007,0.9934382705697109
organ_tablature,ammerbach_bookB,1,0.999952832957118,0.979752419268638,0.9898526261128779
organ_tablature,ammerbach_bookB,1,0.9998397658239419,0.9508676774350332,0.9753537216294875
organ_tablature,ammerbach_bookB,1,0.9993867903531473,1.0,0.9996933951765736
organ_tablature,ammerbach_bookB,1,0.9999158809346507,1.0,0.9999579404673253
organ_tablature,ammerbach_bookB,1,0.999995652343665,0.9938176561882629,0.9969066542659639
organ_tablature,ammerbach_bookB,1,0.9999982730813441,0.992051780981195,0.9960250270312696
organ_tablature,ammerbach_bookB,1,0.9999931873231842,1.0,0.9999965936615921
organ_tablature,ammerbach_bookB,1,0.9999997361515057,1.0,0.9999998680757529
organ_tablature,ammerbach_bookB,1,0.9999966892892937,1.0,0.9999983446446469
organ_tablature,ammerbach_bookB,1,0.9999521367091058,0.9937754173377926,0.9968637770234492
organ_tablature,ammerbach_bookB,1,0.9999407979420157,1.0,0.9999703989710078
organ_tablature,ammerbach_bookB,1,0.9997732800790621,1.0,0.999886640039531
organ_tablature,ammerbach_bookB,1,0.9999641388640793,0.9953118282429813,0.9976379835535303
organ_tablature,ammerbach_bookB,1,0.9999397593406865,0.9702928912459864,0.9851163252933364
organ_tablature,ammerbach_bookB,1,0.9999913369086789,0.9966502728064514,0.9983208048575651
organ_tablature,ammerbach_bookB,1,0.9999446772281578,0.9986906710310965,0.9993176741296272
organ_tablature,ammerbach_bookB,1,0.99998400788707,0.9952514784243606,0.9976177431557153
organ_tablature,ammerbach_bookB,1,0.9996758813651142,1.0,0.999837940682557
organ_tablature,ammerbach_bookB,1,0.9998212556506778,1.0,0.9999106278253389
organ_tablature,ammerbach_bookB,1,0.9999766673887605,0.9950246063670581,0.9975006368779094
organ_tablature,ammerbach_bookB,1,0.9999251113743125,0.9875355494973943,0.9937303304358533
organ_tablature,ammerbach_bookB,1,0.9999691850774955,0.9969247958240287,0.9984469904507621
organ_tablature,ammerbach_bookB,1,0.9999640164757857,1.0,0.9999820082378928
organ_tablature,ammerbach_bookB,1,0.9995850367855125,1.0,0.9997925183927563
organ_tablature,ammerbach_bookB,1,0.9984940742973194,1.0,0.9992470371486597
organ_tablature,ammerbach_bookB,1,0.9992198102761551,1.0,0.9996099051380776
organ_tablature,ammerbach_bookB,1,0.9999984465407324,1.0,0.9999992232703663
organ_tablature,ammerbach_bookB,1,0.9999990830580311,0.9684306846859961,0.9842148838720136
organ_tablature,ammerbach_bookB,1,0.9999989132612008,0.9909514646309547,0.9954751889460778
organ_tablature,ammerbach_bookB,1,0.9999758971781026,1.0,0.9999879485890513
organ_tablature,ammerbach_bookB,1,0.999993492169597,1.0,0.9999967460847985
organ_tablature,ammerbach_bookB,1,0.9999874021830247,0.9715109439880477,0.9857491730855362
organ_tablature,ammerbach_bookB,1,0.9999834371506449,0.9953118282429813,0.9976476326968131
organ_tablature,ammerbach_bookB,1,0.9999923927398735,0.992051780981195,0.9960220868605343
organ_tablature,ammerbach_bookB,1,0.9999988149505913,0.9938176561882629,0.9969082355694271
organ_tablature,ammerbach_bookB,1,0.9999917024691853,0.9986906710310965,0.9993411867501409
organ_tablature,ammerbach_bookB,1,0.9999892164507777,0.9615242158681742,0.9807567161594759
organ_tablature,ammerbach_bookB,1,0.9999817667255452,0.9936895715819173,0.9968356691537312
organ_tablature,ammerbach_bookB,1,0.9998806732713699,1.0,0.9999403366356849
organ_tablature,ammerbach_bookB,1,0.999998152206057,0.9984350393700787,0.9992165957880679
organ_tablature,ammerbach_bookB,1,0.9999998291230848,1.0,0.9999999145615424
organ_tablature,ammerbach_bookB,1,0.9999999079762125,0.9951269851571664,0.9975634465666894
organ_tablature,ammerbach_bookB,1,0.9999996635889942,0.9951269851571664,0.9975633243730803
organ_tablature,ammerbach_bookB,1,0.9999837355152812,1.0,0.9999918677576406
organ_tablature,ammerbach_bookB,1,0.9998127388666679,0.9969247958240287,0.9983687673453483
organ_tablature,ammerbach_bookB,1,0.9999971182244254,1.0,0.9999985591122127
organ_tablature,ammerbach_bookB,1,0.9999998827088921,0.9688083159360238,0.9844040993224579
organ_tablature,ammerbach_bookB,1,0.9999969075709499,0.9669228632394152,0.9834598854051826
organ_tablature,ammerbach_bookB,1,0.9999985393470906,0.9970561161963447,0.9985273277717177
organ_tablature,ammerbach_bookB,1,0.999996936859295,1.0,0.9999984684296475
organ_tablature,ammerbach_bookB,1,0.9999989295014813,1.0,0.9999994647507406
organ_tablature,ammerbach_bookB,1,0.9999590335088819,1.0,0.999979516754441
organ_tablature,ammerbach_bookB,1,0.9999164059912476,0.9943829362734025,0.9971496711323251
organ_tablature,ammerbach_bookB,1,0.9999722448683923,0.9632891513682094,0.9816306981183008
organ_tablature,ammerbach_bookB,1,0.9999874220487915,0.9654368923918157,0.9827121572203037
organ_tablature,ammerbach_bookB,1,0.9999971700895697,0.9983996023856858,0.9991983862376277
organ_tablature,ammerbach_bookB,1,0.9999894707215087,1.0,0.9999947353607543
organ_tablature,ammerbach_bookB,1,0.9999866323680413,0.9970777034500492,0.9985321679090453
organ_tablature,ammerbach_bookB,1,0.9998115061659392,0.9942200108693169,0.997015758517628
organ_tablature,ammerbach_bookB,1,0.9997739104464832,0.9969247958240287,0.998349353135256
organ_tablature,ammerbach_bookB,1,0.9999485710382572,1.0,0.9999742855191286
organ_tablature,ammerbach_bookB,1,0.9999554379733421,0.9969247958240287,0.9984401168986854
organ_tablature,ammerbach_bookB,1,0.9999599092255748,1.0,0.9999799546127874
organ_tablature,ammerbach_bookB,1,0.9999853766648598,0.9956726569693055,0.9978290168170827
organ_tablature,ammerbach_bookB,1,0.9999975539235003,0.9986906710310965,0.9993441124772984
organ_tablature,ammerbach_bookB,1,0.9999668548748263,1.0,0.9999834274374131
organ_tablature,ammerbach_bookB,1,0.9999709157797712,1.0,0.9999854578898856
organ_tablature,ammerbach_bookB,1,0.999989326503662,0.9939236963748495,0.9969565114392558
organ_tablature,ammerbach_bookB,1,0.9999964909666436,0.992051780981195,0.9960241359739193
organ_tablature,ammerbach_bookB,1,0.99991161662016,0.9975950068879444,0.9987533117540522
organ_tablature,ammerbach_bookB,1,0.9999854017547499,0.9985949535192563,0.9992901776370031
organ_tablature,ammerbach_bookB,1,0.9999802273524353,1.0,0.9999901136762177
organ_tablature,ammerbach_bookB,1,0.9998930568282722,1.0,0.9999465284141361
organ_tablature,ammerbach_bookB,1,0.9999589653079395,0.992051780981195,0.9960053731445673
organ_tablature,ammerbach_bookB,1,0.9999573025055317,0.9855118381223917,0.9927345703139617
organ_tablature,ammerbach_bookB,1,0.9999874457830011,0.990051780981195,0.9950196133820981
organ_tablature,ammerbach_bookB,1,0.9999951534724283,0.9938176561882629,0.9969064048303455
organ_tablature,ammerbach_bookB,1,0.9999840087503378,1.0,0.9999920043751689
organ_tablature,ammerbach_bookB,1,0.9999768689530789,0.9986906710310965,0.9993337699920877
organ_tablature,ammerbach_bookB,1,0.9999833753468571,1.0,0.9999916876734285
organ_tablature,ammerbach_bookB,1,0.9999913989674918,0.9951269851571664,0.997559192062329
organ_tablature,ammerbach_bookB,1,0.999998951652557,1.0,0.9999994758262785
organ_tablature,ammerbach_bookB,1,0.9999803668059648,1.0,0.9999901834029824
organ_tablature,ammerbach_bookB,1,0.99999713299842,0.9986906710310965,0.9993439020147583
organ_tablature,ammerbach_bookB,1,0.999996037379575,0.9969247958240287,0.9984604166018018
organ_tablature,ammerbach_bookB,1,0.9999662635760407,1.0,0.9999831317880203
organ_tablature,ammerbach_bookB,1,0.9999343415669288,1.0,0.9999671707834644
organ_tablature,ammerbach_bookB,1,0.9998603650590213,0.9956895715819173,0.9977749683204693
organ_tablature,ammerbach_bookB,1,0.9996885775019573,0.9904286945975735,0.9950586360497654
organ_tablature,ammerbach_bookB,1,0.9999825895812524,0.9969247958240287,0.9984536927026406
organ_tablature,ammerbach_bookB,1,0.9999705492404855,0.9939236963748495,0.9969471228076674
organ_tablature,ammerbach_bookB,1,0.9999825207399469,1.0,0.9999912603699734
organ_tablature,ammerbach_bookB,1,0.9999920076753845,1.0,0.9999960038376923
organ_tablature,ammerbach_bookB,1,0.9999653770551026,1.0,0.9999826885275513
organ_tablature,ammerbach_bookB,1,0.9999977387405644,0.9986906710310965,0.9993442048858305
organ_tablature,ammerbach_bookB,1,0.9999686331253327,1.0,0.9999843165626663
organ_tablature,ammerbach_bookB,1,0.9997233746323417,1.0,0.9998616873161709
organ_tablature,ammerbach_bookB,1,0.9998860203717381,0.9661819567652067,0.9830339885684725
organ_tablature,ammerbach_bookB,1,0.99994571947566,0.9939236963748495,0.9969347079252547
organ_tablature,ammerbach_bookB,1,0.9999907405473731,0.9938176561882629,0.996904198367818
organ_tablature,ammerbach_bookB,1,0.9999816438866307,0.9941455402707627,0.9970635920786968
organ_tablature,ammerbach_bookB,1,0.9999639464129726,0.9938176561882629,0.9968908013006177
organ_tablature,ammerbach_bookB,1,0.9999980564388342,0.9969247958240287,0.9984614261314315
organ_tablature,ammerbach_bookB,1,0.9999985125725774,1.0,0.9999992562862887
organ_tablature,ammerbach_bookB,1,0.9999797436142025,1.0,0.9999898718071012
organ_tablature,ammerbach_bookB,1,0.999868066000648,1.0,0.999934033000324
organ_tablature,ammerbach_bookB,1,0.99998217830782,0.9953118282429813,0.9976470032754006
organ_tablature,ammerbach_bookB,1,0.9999867583773523,0.992051780981195,0.9960192696792736
organ_tablature,ammerbach_bookB,1,0.9999974134456336,0.9986906710310965,0.999344042238365
organ_tablature,ammerbach_bookB,1,0.999498469913666,1.0,0.999749234956833
organ_tablature,ammerbach_bookB,1,0.9998127289877666,1.0,0.9999063644938833
organ_tablature,ammerbach_bookB,1,0.9999908018325564,0.9984262456832758,0.999208523757916
organ_tablature,ammerbach_bookB,1,0.9999930394657387,1.0,0.9999965197328693
organ_tablature,ammerbach_bookB,1,0.9999828195100355,1.0,0.9999914097550178
organ_tablature,ammerbach_bookB,1,0.9998573112389603,1.0,0.9999286556194802
organ_tablature,ammerbach_bookB,1,0.9999646621877105,1.0,0.9999823310938553
organ_tablature,ammerbach_bookB,1,0.9999647769603963,0.992051780981195,0.9960082789707956
organ_tablature,ammerbach_bookB,1,0.9999426914414455,0.992051780981195,0.9959972362113203
organ_tablature,ammerbach_bookB,1,0.9999766732595353,0.992051780981195,0.9960142271203651
organ_tablature,ammerbach_bookB,1,0.9999406690041647,0.9939236963748495,0.996932182689507
organ_tablature,ammerbach_bookB,1,0.9999987799286332,0.9956895715819173,0.9978441757552752
organ_tablature,ammerbach_bookB,1,0.9999994530984704,0.9886170467411858,0.9943082499198281
organ_tablature,ammerbach_bookB,1,0.9999992476912274,0.9927056499507759,0.9963524488210016
organ_tablature,ammerbach_bookB,1,0.999998391056751,0.9939236963748495,0.9969610437158003
organ_tablature,ammerbach_bookB,1,0.9999973638304053,1.0,0.9999986819152027
organ_tablature,ammerbach_bookB,1,0.9999934959643667,1.0,0.9999967479821834
organ_tablature,ammerbach_bookB,1,0.9999994171007986,0.9953118282429813,0.99765562267189
organ_tablature,ammerbach_bookB,1,0.9999949578723732,0.9901390550370781,0.9950670064547257
organ_tablature,ammerbach_bookB,1,0.9999552837014164,0.992051780981195,0.9960035323413057
organ_tablature,ammerbach_bookB,1,0.9999141442925983,1.0,0.9999570721462991
organ_tablature,ammerbach_bookB,1,0.9999355553389914,0.9969247958240287,0.99843017558151
organ_tablature,ammerbach_bookB,1,0.9999836787057669,0.9970777034500492,0.998530691077908
organ_tablature,ammerbach_bookB,1,0.9999925411002283,1.0,0.9999962705501142
organ_tablature,ammerbach_bookB,1,0.9998354541001198,1.0,0.9999177270500599
organ_tablature,ammerbach_bookB,1,0.9999733194237788,0.9969247958240287,0.9984490576239038
organ_tablature,ammerbach_bookB,1,0.9999133274981415,0.9874413145382062,0.9936773210181739
organ_tablature,ammerbach_bookB,1,0.9999973407190582,0.9776451564064019,0.9888212485627301
organ_tablature,ammerbach_bookB,1,0.9999991913254973,0.9702822572266944,0.9851407242760959
organ_tablature,ammerbach_bookB,1,0.9999803848714862,0.9939236963748495,0.9969520406231678
organ_tablature,ammerbach_bookB,1,0.9999810163191881,1.0,0.9999905081595941
organ_tablature,ammerbach_bookB,1,0.9999953842201411,1.0,0.9999976921100706
organ_tablature,ammerbach_bookB,1,0.9999915313916112,0.9975950068879444,0.9987932691397778
organ_tablature,ammerbach_bookB,1,0.9999997601512658,0.9937219386764228,0.9968608494138442
organ_tablature,ammerbach_bookB,1,0.9999862891919774,0.9938176561882629,0.9969019726901202
organ_tablature,ammerbach_bookB,1,0.9998933155229734,1.0,0.9999466577614867
organ_tablature,ammerbach_bookB,1,0.9998881334003569,0.9874413145382062,0.9936647239692815
organ_tablature,ammerbach_bookB,1,0.9999402227140518,0.9839024709076434,0.9919213468108476
organ_tablature,ammerbach_bookB,1,0.9999919862295836,0.9953118282429813,0.9976519072362824
organ_tablature,ammerbach_bookB,1,0.9999841840042953,0.9969247958240287,0.9984544899141621
organ_tablature,ammerbach_bookB,1,0.9999861167343499,1.0,0.999993058367175
organ_tablature,ammerbach_bookB,1,0.9999931714892996,1.0,0.9999965857446498
organ_tablature,ammerbach_bookB,1,0.9999983234956742,0.992051780981195,0.9960250522384346
organ_tablature,ammerbach_bookB,1,0.9999998336885397,0.9879873575327558,0.9939935956106478
organ_tablature,ammerbach_bookB,1,0.9999978824429024,0.9951269851571664,0.9975624338000344
organ_tablature,ammerbach_bookB,1,0.9999915658224945,1.0,0.9999957829112472
organ_tablature,ammerbach_bookB,1,0.9999720531656823,1.0,0.9999860265828411
organ_tablature,ammerbach_bookB,1,0.9999884430630571,1.0,0.9999942215315285
organ_tablature,ammerbach_bookB,1,0.9999975222686958,1.0,0.9999987611343479
organ_tablature,ammerbach_bookB,1,0.9999410951022778,1.0,0.9999705475511389
organ_tablature,ammerbach_bookB,1,0.9999894032797892,0.9986906710310965,0.9993400371554428
organ_tablature,ammerbach_bookB,1,0.9999771128460367,0.9953118282429813,0.997644470544509
organ_tablature,ammerbach_bookB,1,0.9999819610427537,1.0,0.9999909805213769
organ_tablature,ammerbach_bookB,1,0.9999946957059749,1.0,0.9999973478529874
organ_tablature,ammerbach_bookB,1,0.999991415621051,1.0,0.9999957078105255
organ_tablature,ammerbach_bookB,1,0.9999955813229895,0.9681450207930011,0.9840703010579953
organ_tablature,ammerbach_bookB,1,0.9999959481217464,0.9695036280938373,0.9847497881077918
organ_tablature,ammerbach_bookB,1,0.9999878839924927,0.992051780981195,0.9960198324868439
organ_tablature,ammerbach_bookB,1,0.9999969686976562,1.0,0.9999984843488281
organ_tablature,ammerbach_bookB,1,0.9999995910712167,1.0,0.9999997955356084
organ_tablature,ammerbach_bookB,1,0.9999946249901743,1.0,0.9999973124950872
organ_tablature,ammerbach_bookB,1,0.9999979513810495,1.0,0.9999989756905248
organ_tablature,ammerbach_bookB,1,0.9999877984120639,1.0,0.999993899206032
organ_tablature,ammerbach_bookB,1,0.9997627448040204,1.0,0.9998813724020101
organ_tablature,ammerbach_bookB,1,0.9994232197512015,0.9969247958240287,0.9981740077876151
organ_tablature,ammerbach_bookB,1,0.9995913376221933,0.993778169706396,0.9966847536642947
organ_tablature,ammerbach_bookB,1,0.9999622689254265,0.992051780981195,0.9960070249533107
organ_tablature,ammerbach_bookB,1,0.9999804369550204,0.988902402494959,0.9944414197249897
organ_tablature,ammerbach_bookB,1,0.9999474503298404,1.0,0.9999737251649202
organ_tablature,ammerbach_bookB,1,0.9999845000793063,1.0,0.9999922500396532
organ_tablature,ammerbach_bookB,1,0.9999672216753223,1.0,0.9999836108376612
organ_tablature,ammerbach_bookB,1,0.9999798235420259,1.0,0.9999899117710129
organ_tablature,ammerbach_bookB,1,0.999932208998093,0.990051780981195,0.994991994989644
organ_tablature,ammerbach_bookB,1,0.9999856927993376,0.9937219386764228,0.9968538157378801
organ_tablature,ammerbach_bookB,1,0.9999598392704167,1.0,0.9999799196352084
organ_tablature,ammerbach_bookB,1,0.9996423806002055,1.0,0.9998211903001027
organ_tablature,ammerbach_bookB,1,0.9999743148792853,0.9627029275955036,0.9813386212373945
organ_tablature,ammerbach_bookB,1,0.999961545307365,0.9761945202520848,0.988078032779725
organ_tablature,ammerbach_bookB,1,0.9999578618658493,0.992051780981195,0.9960048214235222
organ_tablature,ammerbach_bookB,1,0.9999684189878494,1.0,0.9999842094939246
organ_tablature,ammerbach_bookB,1,0.9999800225095057,1.0,0.9999900112547528
organ_tablature,ammerbach_bookB,1,0.9999915998058019,0.9803581104398975,0.9901748551228498
organ_tablature,ammerbach_bookB,1,0.999992132099841,0.9624291032784065,0.9812106176891238
organ_tablature,ammerbach_bookB,1,0.9999995428155232,0.9679514706395997,0.9839755067275615
organ_tablature,ammerbach_bookB,1,0.9999799790065356,0.9713323259756452,0.9856561524910904
organ_tablature,ammerbach_bookB,1,0.9999521068095292,1.0,0.9999760534047646
organ_tablature,ammerbach_bookB,1,0.9999894019093128,1.0,0.9999947009546564
organ_tablature,ammerbach_bookB,1,0.9999827059257628,0.9921101239132427,0.9960464149195027
organ_tablature,ammerbach_bookB,1,0.9999735074558389,0.992051780981195,0.9960126442185169
organ_tablature,ammerbach_bookB,1,0.9999875344058652,1.0,0.9999937672029326
organ_tablature,ammerbach_bookB,1,0.9999882294407055,1.0,0.9999941147203528
organ_tablature,ammerbach_bookB,1,0.9999810274852159,0.9969247958240287,0.9984529116546224
organ_tablature,ammerbach_bookB,1,0.9999669636071006,0.988902402494959,0.9944346830510298
organ_tablature,ammerbach_bookB,1,0.999934534396647,0.9969247958240287,0.9984296651103379
organ_tablature,ammerbach_bookB,1,0.9999980317636574,1.0,0.9999990158818287
organ_tablature,ammerbach_bookB,1,0.9999990456323054,1.0,0.9999995228161527
organ_tablature,ammerbach_bookB,1,0.999995901093154,0.975326033550954,0.987660967322054
organ_tablature,ammerbach_bookB,1,0.9999932728791725,0.9892005635718892,0.9945969182255309
organ_tablature,ammerbach_bookB,1,0.9999982592760771,0.9939236963748495,0.9969609778254633
organ_tablature,ammerbach_bookB,1,0.9999983194435064,0.9872560972033325,0.9936272083234194
organ_tablature,ammerbach_bookB,1,0.9999982860182176,1.0,0.9999991430091089
organ_tablature,ammerbach_bookB,1,0.9999929949844325,0.9969247958240287,0.9984588954042306
organ_tablature,ammerbach_bookB,1,0.999999809691485,0.9859495639437167,0.9929746868176008
organ_tablature,ammerbach_bookB,1,0.999997669876397,0.9938176561882629,0.9969076630323299
organ_tablature,ammerbach_bookB,1,0.999978914401303,1.0,0.9999894572006516
organ_tablature,ammerbach_bookB,1,0.9998885683028413,1.0,0.9999442841514207
organ_tablature,ammerbach_bookB,1,0.9999605185278686,1.0,0.9999802592639343
organ_tablature,ammerbach_bookB,1,0.9999979111982119,0.9701450207930011,0.9850714659956066
organ_tablature,ammerbach_bookB,1,0.9999995562887444,0.9579740551280044,0.9789868057083744
organ_tablature,ammerbach_bookB,1,0.9999917795556162,0.9888980532987007,0.9944449164271585
organ_tablature,ammerbach_bookB,1,0.9999808136311573,0.992051780981195,0.9960162973061761
organ_tablature,ammerbach_bookB,1,0.999997207791844,0.990801367462616,0.99539928762723
organ_tablature,ammerbach_bookB,1,0.9999466274214955,0.9872710871560748,0.9936088572887851
organ_tablature,ammerbach_bookB,1,0.9999751156710112,1.0,0.9999875578355055
organ_tablature,ammerbach_bookB,1,0.9999955419192317,0.9897333542196691,0.9948644480694504
organ_tablature,ammerbach_bookB,1,0.9999990293915513,0.9879873575327558,0.9939931934621535
organ_tablature,ammerbach_bookB,1,0.9999961936675774,1.0,0.9999980968337887
organ_tablature,ammerbach_bookB,1,0.9999916018355821,1.0,0.9999958009177911
organ_tablature,ammerbach_bookB,1,0.9999342054945936,0.9969247958240287,0.9984295006593111
organ_tablature,ammerbach_bookB,1,0.9999963980219975,0.9616016033914769,0.9807990007067372
organ_tablature,ammerbach_bookB,1,0.9999982396519873,0.9856009867353209,0.9927996131936541
organ_tablature,ammerbach_bookB,1,0.9999847080247541,0.9986906710310965,0.9993376895279253
organ_tablature,ammerbach_bookB,1,0.9999845988247771,1.0,0.9999922994123885
organ_tablature,ammerbach_bookB,1,0.9999298016372471,1.0,0.9999649008186235
organ_tablature,ammerbach_bookB,1,0.9999813433506691,0.9905906930244421,0.9952860181875556
organ_tablature,ammerbach_bookB,1,0.9999993147147019,0.9969989005508209,0.9984991076327614
organ_tablature,ammerbach_bookB,1,0.9999865813030914,1.0,0.9999932906515456
organ_tablature,ammerbach_bookB,1,0.9999762688774261,0.992051780981195,0.9960140249293106
organ_tablature,ammerbach_bookB,1,0.9999937748216076,0.9624774396145701,0.9812356072180888
organ_tablature,ammerbach_bookB,1,0.9998937789590047,0.956158540023923,0.9780261594914639
organ_tablature,ammerbach_bookB,1,0.9999559608918441,1.0,0.9999779804459221
organ_tablature,ammerbach_bookB,1,0.9999247331979145,1.0,0.9999623665989572
organ_tablature,ammerbach_bookB,1,0.9999877913684769,0.9938176561882629,0.9969027237783699
organ_tablature,ammerbach_bookB,1,0.999998017603866,0.9615459931330692,0.9807720053684676
organ_tablature,ammerbach_bookB,1,0.9999970419186922,0.9674250967948587,0.9837110693567754
organ_tablature,ammerbach_bookB,1,0.9999967947616994,0.9986906710310965,0.999343732896398
organ_tablature,ammerbach_bookB,1,0.9999701937953093,1.0,0.9999850968976547
organ_tablature,ammerbach_bookB,1,0.9999584327806288,1.0,0.9999792163903144
organ_tablature,ammerbach_bookB,1,0.9999999424479502,0.9985949535192563,0.9992974479836032
organ_tablature,ammerbach_bookB,1,0.9999971652772238,0.9938176561882629,0.9969074107327434
organ_tablature,ammerbach_bookB,1,0.999988455118171,1.0,0.9999942275590855
organ_tablature,ammerbach_bookB,1,0.9999913350105275,1.0,0.9999956675052637
organ_tablature,ammerbach_bookB,1,0.9999545284854048,0.9969247958240287,0.9984396621547167
organ_tablature,ammerbach_bookB,1,0.9999930385357205,0.9855118381223917,0.9927524383290561
organ_tablature,ammerbach_bookB,1,0.9997707424155715,0.9661163558640893,0.9829435491398304
organ_tablature,ammerbach_bookB,1,0.9999955786441711,0.9985949535192563,0.9992952660817137
organ_tablature,ammerbach_bookB,1,0.9999610340965822,1.0,0.9999805170482912
organ_tablature,ammerbach_bookB,1,0.9998972514561267,1.0,0.9999486257280634
organ_tablature,ammerbach_bookB,1,0.9999849973875556,0.9986906710310965,0.9993378342093261
organ_tablature,ammerbach_bookB,1,0.9999838640272841,0.9607185429684689,0.9803512034978765
organ_tablature,ammerbach_bookB,1,0.9999902753874177,0.9552568728725743,0.977623574129996
organ_tablature,ammerbach_bookB,1,0.9999995997237979,1.0,0.999999799861899
organ_tablature,ammerbach_bookB,1,0.9999941249841741,1.0,0.9999970624920871
organ_tablature,ammerbach_bookB,1,0.9999904507004225,0.9951269851571664,0.9975587179287944
organ_tablature,ammerbach_bookB,1,0.9999466590753286,0.943220197819023,0.9715834284471758
organ_tablature,ammerbach_bookB,1,0.9994821566512176,1.0,0.9997410783256089
organ_tablature,ammerbach_bookB,1,0.9999377493444153,1.0,0.9999688746722076
organ_tablature,ammerbach_bookB,1,0.9999620279767093,1.0,0.9999810139883547
organ_tablature,ammerbach_bookB,1,0.9999226946903511,0.9956895715819173,0.9978061331361342
organ_tablature,ammerbach_bookB,1,0.999975911340227,0.9963870324189527,0.9981814718795898
organ_tablature,ammerbach_bookB,1,0.9999957672539047,1.0,0.9999978836269523
organ_tablature,ammerbach_bookB,1,0.9999970975987214,1.0,0.9999985487993607
organ_tablature,ammerbach_bookB,1,0.999947261813695,1.0,0.9999736309068474
organ_tablature,ammerbach_bookB,1,0.9999093281531374,0.9899011953737513,0.9949052617634444
organ_tablature,ammerbach_bookB,1,0.999920665216418,0.9907699686923552,0.9953453169543867
organ_tablature,ammerbach_bookB,1,0.9999698684342142,0.9969247958240287,0.9984473321291214
organ_tablature,ammerbach_bookB,1,0.9999294221567636,1.0,0.9999647110783818
organ_tablature,ammerbach_bookB,1,0.9999478916109616,1.0,0.9999739458054808
organ_tablature,ammerbach_bookB,1,0.9999964163744275,0.9922736248771082,0.9961350206257679
organ_tablature,ammerbach_bookB,1,0.9999958202892245,0.9937219386764228,0.9968588794828237
organ_tablature,ammerbach_bookB,1,0.9999988744278682,1.0,0.999999437213934
organ_tablature,ammerbach_bookB,1,0.9999984843918455,0.9725906850554934,0.9862945847236695
organ_tablature,ammerbach_bookB,1,0.9999979795935476,0.996843001107798,0.9984204903506728
organ_tablature,ammerbach_bookB,1,0.9999977786653592,1.0,0.9999988893326797
organ_tablature,ammerbach_bookB,1,0.9999978217699081,0.9970777034500492,0.9985377626099787
organ_tablature,ammerbach_bookB,1,0.9999983730800174,0.991321535052678,0.9956599540663477
organ_tablature,ammerbach_bookB,1,0.9999992037845971,1.0,0.9999996018922985
organ_tablature,ammerbach_bookB,1,0.9999997216434007,1.0,0.9999998608217003
organ_tablature,ammerbach_bookB,1,0.9999914266392816,1.0,0.9999957133196409
organ_tablature,ammerbach_bookB,1,0.9999829315520746,1.0,0.9999914657760374
organ_tablature,ammerbach_bookB,1,0.9998659778810068,0.9621903000025253,0.9810281389417661
organ_tablature,ammerbach_bookB,1,0.9999672474956778,0.9696740556234683,0.984820651559573
organ_tablature,ammerbach_bookB,1,0.9999584575876845,0.9970777034500492,0.9985180805188669
organ_tablature,ammerbach_bookB,1,0.9999865522939303,1.0,0.9999932761469652
organ_tablature,ammerbach_bookB,1,0.9999939694103848,0.9951269851571664,0.9975604772837756
organ_tablature,ammerbach_bookB,1,0.9999777496740316,0.9986906710310965,0.9993342103525641
organ_tablature,ammerbach_bookB,1,0.9999704276727253,1.0,0.9999852138363626
organ_tablature,ammerbach_bookB,1,0.9999450128838372,1.0,0.9999725064419186
organ_tablature,ammerbach_bookB,1,0.9999890997478166,0.9887895485636163,0.9943893241557165
organ_tablature,ammerbach_bookB,1,0.9999810502178094,0.9945358438994231,0.9972584470586162
organ_tablature,ammerbach_bookB,1,0.9999987082565504,1.0,0.9999993541282752
organ_tablature,ammerbach_bookB,1,0.9999977038180436,0.9938176561882629,0.9969076800031533
organ_tablature,ammerbach_bookB,1,0.9999821669869788,1.0,0.9999910834934894
organ_tablature,ammerbach_bookB,1,0.9999646979946282,0.9933473907812254,0.9966560443879268
organ_tablature,ammerbach_bookB,1,0.9999686173755881,0.9906639285057686,0.9953162729406784
organ_tablature,ammerbach_bookB,1,0.9999904439369811,0.9969247958240287,0.9984576198805049
organ_tablature,ammerbach_bookB,1,0.9999564526001413,1.0,0.9999782263000707
organ_tablature,ammerbach_bookB,1,0.999987799889529,1.0,0.9999938999447645
organ_tablature,ammerbach_bookB,1,0.999989821583655,1.0,0.9999949107918276
organ_tablature,ammerbach_bookB,1,0.9999935053362077,0.992051780981195,0.9960226431587014
organ_tablature,ammerbach_bookB,1,0.9999972290762236,0.9956895715819173,0.9978434003290704
organ_tablature,ammerbach_bookB,1,0.99999521542089,1.0,0.999997607710445
organ_tablature,ammerbach_bookB,1,0.9999999588924003,1.0,0.9999999794462002
organ_tablature,ammerbach_bookB,1,0.9999993558538648,0.9984559686888453,0.9992276622713551
organ_tablature,ammerbach_bookB,1,0.9997092480412283,1.0,0.9998546240206141
organ_tablature,ammerbach_bookB,1,0.9997278182561498,1.0,0.9998639091280749
organ_tablature,ammerbach_bookB,1,0.9999531126057627,1.0,0.9999765563028813
organ_tablature,ammerbach_bookB,1,0.9999964559190723,1.0,0.9999982279595361
organ_tablature,ammerbach_bookB,1,0.9999053474455164,1.0,0.9999526737227582
organ_tablature,ammerbach_bookB,1,0.9999794898287417,0.9871612159367873,0.9935703528827645
organ_tablature,ammerbach_bookB,1,0.9999964958702917,1.0,0.9999982479351459
organ_tablature,ammerbach_bookB,1,0.9999899942257916,1.0,0.9999949971128959
organ_tablature,ammerbach_bookB,1,0.9999424942040577,1.0,0.9999712471020288
organ_tablature,ammerbach_bookB,1,0.9999978158306588,0.9938176561882629,0.9969077360094609
organ_tablature,ammerbach_bookB,1,0.99999626520212,0.9843171998375282,0.9921567325198242
organ_tablature,ammerbach_bookB,1,0.999994124468791,0.9970777034500492,0.9985359139594201
organ_tablature,ammerbach_bookB,1,0.9999242803003965,1.0,0.9999621401501982
organ_tablature,ammerbach_bookB,1,0.9998202780524146,0.9938176561882629,0.9968189671203387
organ_tablature,ammerbach_bookB,1,0.9999944974975908,0.9903442487061748,0.9951693731018828
organ_tablature,ammerbach_bookB,1,0.9999523087465161,0.9969247958240287,0.9984385522852723
organ_tablature,ammerbach_bookB,1,0.999967143609325,1.0,0.9999835718046626
organ_tablature,ammerbach_bookB,1,0.9996704542491699,1.0,0.999835227124585
organ_tablature,ammerbach_bookB,1,0.9995618112489,0.9873441383418926,0.9934529747953963
organ_tablature,ammerbach_bookB,1,0.9999796264746014,0.9887480701837599,0.9943638483291806
organ_tablature,ammerbach_bookB,1,0.9999918420060356,1.0,0.9999959210030178
organ_tablature,ammerbach_bookB,1,0.9995300460676814,1.0,0.9997650230338406
organ_tablature,ammerbach_bookB,1,0.999968023029133,1.0,0.9999840115145665
organ_tablature,ammerbach_bookB,1,0.9999698407723818,0.990051780981195,0.9950108108767883
organ_tablature,ammerbach_bookB,1,0.999978861246209,0.9938176561882629,0.9968982587172359
organ_tablature,ammerbach_bookB,1,0.9999366244415181,1.0,0.999968312220759
organ_tablature,ammerbach_bookB,1,0.9999576714968907,1.0,0.9999788357484454
organ_tablature,ammerbach_bookB,1,0.9999972933577381,0.9938176561882629,0.9969074747730005
organ_tablature,ammerbach_bookB,1,0.9999800901563354,0.992051780981195,0.9960159355687652
organ_tablature,ammerbach_bookB,1,0.9998687196964675,1.0,0.9999343598482338
organ_tablature,ammerbach_bookB,1,0.999758357693736,0.9921624497567453,0.9959604037252406
organ_tablature,ammerbach_bookB,1,0.9998673152050429,0.9821949386326231,0.991031126918833
organ_tablature,ammerbach_bookB,1,0.9999510481555707,0.992051780981195,0.9960014145683829
organ_tablature,ammerbach_bookB,1,0.9999558788902737,1.0,0.9999779394451369
organ_tablature,ammerbach_bookB,1,0.9997108639843805,1.0,0.9998554319921902
organ_tablature,ammerbach_bookB,1,0.9999476129349449,0.992051780981195,0.99599969695807
organ_tablature,ammerbach_bookB,1,0.9999859027373067,0.990051780981195,0.9950188418592508
organ_tablature,ammerbach_bookB,1,0.9999220279594191,0.9938176561882629,0.996869842073841
organ_tablature,ammerbach_bookB,1,0.999928270174223,0.9938176561882629,0.996872963181243
organ_tablature,ammerbach_bookB,1,0.9999968718029443,1.0,0.9999984359014722
organ_tablature,ammerbach_bookB,1,0.9999996788298934,0.9951269851571664,0.9975633319935299
organ_tablature,ammerbach_bookB,1,0.9999991674690788,0.9897333542196691,0.9948662608443739
organ_tablature,ammerbach_bookB,1,0.9999903758101234,1.0,0.9999951879050617
organ_tablature,ammerbach_bookB,1,0.999990277423971,1.0,0.9999951387119854
organ_tablature,ammerbach_bookB,1,0.9996692821313953,0.9986906710310965,0.9991799765812459
organ_tablature,ammerbach_bookB,1,0.9999948910664656,0.9845390437334414,0.9922669673999535
organ_tablature,ammerbach_bookB,1,0.999999749106495,0.972164107473656,0.9860819282900755
organ_tablature,ammerbach_bookB,1,0.9999741277195123,0.972486131853723,0.9862301297866176
organ_tablature,ammerbach_bookB,1,0.9999821262964911,1.0,0.9999910631482456
organ_tablature,ammerbach_bookB,1,0.9999684218751035,1.0,0.9999842109375517
organ_tablature,ammerbach_bookB,1,0.9999770218777589,0.9939236963748495,0.9969503591263043
organ_tablature,ammerbach_bookB,1,0.999963005224108,0.9956895715819173,0.9978262884030127
organ_tablature,ammerbach_bookB,1,0.9998670958841895,1.0,0.9999335479420948
organ_tablature,ammerbach_bookB,1,0.9999252824956741,1.0,0.9999626412478371
organ_tablature,ammerbach_bookB,1,0.9999508276977367,0.9938176561882629,0.9968842419429997
organ_tablature,ammerbach_bookB,1,0.9999977170892539,0.9892573361514615,0.9946275266203577
organ_tablature,ammerbach_bookB,1,0.9999901787536122,0.9843171998375282,0.9921536892955702
organ_tablature,ammerbach_bookB,1,0.9998106729772495,0.992051780981195,0.9959312269792222
organ_tablature,ammerbach_bookB,1,0.9999702827252008,1.0,0.9999851413626004
organ_tablature,ammerbach_bookB,1,0.9999917819978846,0.9984559686888453,0.999223875343365
organ_tablature,ammerbach_bookB,1,0.9999869043328323,0.9969247958240287,0.9984558500784305
organ_tablature,ammerbach_bookB,1,0.9999919875894269,0.9924126097075192,0.9962022986484731
organ_tablature,ammerbach_bookB,1,0.9999983303604781,0.9938176561882629,0.9969079932743705
organ_tablature,ammerbach_bookB,1,0.9999915627154585,1.0,0.9999957813577293
organ_tablature,ammerbach_bookB,1,0.9998436223746864,0.992051780981195,0.9959477016779407
organ_tablature,ammerbach_bookB,1,0.9999728252424527,0.9986906710310965,0.9993317481367746
organ_tablature,ammerbach_bookB,1,0.9999732841850558,1.0,0.9999866420925279
organ_tablature,ammerbach_bookB,1,0.9997350386125126,0.9953118282429813,0.997523433427747
organ_tablature,ammerbach_bookB,1,0.9996762487445024,0.9839024709076434,0.991789359826073
organ_tablature,ammerbach_bookB,1,0.999991261674461,0.992051780981195,0.996021521327828
organ_tablature,ammerbach_bookB,1,0.9999989033575589,0.9864433262216011,0.99322111478958
organ_tablature,ammerbach_bookB,1,0.9999923042783065,1.0,0.9999961521391533
organ_tablature,ammerbach_bookB,1,0.9998363245798222,1.0,0.9999181622899111
organ_tablature,ammerbach_bookB,1,0.9999914266140956,0.9938176561882629,0.9969045414011792
organ_tablature,ammerbach_bookB,1,0.9999951336698951,0.9612877185670833,0.9806414261184893
organ_tablature,ammerbach_bookB,1,0.9999899305172488,0.9833126009991281,0.9916512657581884
organ_tablature,ammerbach_bookB,1,0.999947361683825,0.992051780981195,0.99599957133251
organ_tablature,ammerbach_bookB,1,0.999902811213321,1.0,0.9999514056066605
organ_tablature,ammerbach_bookB,1,0.9999738997870307,0.9984262456832758,0.9992000727351532
organ_tablature,ammerbach_bookB,1,0.9999932815850914,0.9938176561882629,0.9969054688866772
organ_tablature,ammerbach_bookB,1,0.9999964234853731,1.0,0.9999982117426865
organ_tablature,ammerbach_bookB,1,0.9999917925828824,1.0,0.9999958962914413
organ_tablature,ammerbach_bookB,1,0.9999046794316561,1.0,0.9999523397158281
organ_tablature,ammerbach_bookB,1,0.9999746151192495,0.9970777034500492,0.9985261592846493
organ_tablature,ammerbach_bookB,1,0.9997866402506824,1.0,0.9998933201253413
organ_tablature,ammerbach_bookB,1,0.9999912381242161,1.0,0.999995619062108
organ_tablature,ammerbach_bookB,1,0.9997844809862524,1.0,0.9998922404931262
organ_tablature,ammerbach_bookB,1,0.9999885855144726,1.0,0.9999942927572363
organ_tablature,ammerbach_bookB,1,0.9999996813561361,1.0,0.9999998406780681
organ_tablature,ammerbach_bookB,1,0.9999359952210476,0.9838043058473716,0.9918701505342096
organ_tablature,ammerbach_bookB,1,0.9999782502024464,0.9938176561882629,0.9968979531953546
organ_tablature,ammerbach_bookB,1,0.9999990254750872,0.9951269851571664,0.9975630053161268
organ_tablature,ammerbach_bookB,1,0.9998749582965953,0.9953118282429813,0.9975933932697882
organ_tablature,ammerbach_bookB,1,0.9998204317055368,0.99235656823151,0.9960884999685233
organ_tablature,ammerbach_bookB,1,0.9999667726214264,0.986083075044596,0.9930249238330112
organ_tablature,ammerbach_bookB,1,0.999981073479967,0.992051780981195,0.9960164272305809
organ_tablature,ammerbach_bookB,1,0.9999980761713391,1.0,0.9999990380856696
organ_tablature,ammerbach_bookB,1,0.999999418781545,1.0,0.9999997093907724
organ_tablature,ammerbach_bookB,1,0.9999923642398018,0.99235656823151,0.9961744662356559
organ_tablature,ammerbach_bookB,1,0.9999974547830119,0.9866780285638524,0.9933377416734321
organ_tablature,ammerbach_bookB,1,0.9999992741654765,0.9969989005508209,0.9984990873581487
organ_tablature,ammerbach_bookB,1,0.9999964985373683,1.0,0.9999982492686841
organ_tablature,ammerbach_bookB,1,0.999976349431429,1.0,0.9999881747157144
organ_tablature,ammerbach_bookB,1,0.999726169938961,0.996850621513764,0.9982883957263625
organ_tablature,ammerbach_bookB,1,0.9999873423492222,0.9922161640998293,0.9961017532245258
organ_tablature,ammerbach_bookB,1,0.999991150477097,0.9559396561831716,0.9779654033301343
organ_tablature,ammerbach_bookB,1,0.9999926165976412,0.9866780285638524,0.9933353225807469
organ_tablature,ammerbach_bookB,1,0.9999939651756584,1.0,0.9999969825878292
organ_tablature,ammerbach_bookB,1,0.9999795708842998,0.993738073926257,0.9968588224052783
organ_tablature,ammerbach_bookB,1,0.9999954173262364,0.9921644473411664,0.9960799323337014
organ_tablature,ammerbach_bookB,1,0.9999821093392804,1.0,0.9999910546696402
organ_tablature,ammerbach_bookB,1,0.9999962543026677,1.0,0.9999981271513338
organ_tablature,ammerbach_bookB,1,0.9999980952923012,0.9927265815334216,0.9963623384128615
organ_tablature,ammerbach_bookB,1,0.999998140915103,0.958568948842071,0.979283544878587
organ_tablature,ammerbach_bookB,1,0.9999987742829337,0.9911616186396214,0.9955801964612776
organ_tablature,ammerbach_bookB,1,0.9999875953296271,0.9986906710310965,0.9993391331803618
organ_tablature,ammerbach_bookB,1,0.9999819823000501,0.9938176561882629,0.9968998192441565
organ_tablature,ammerbach_bookB,1,0.9999989604381734,1.0,0.9999994802190867
organ_tablature,ammerbach_bookB,1,0.9999902169933255,0.9986906710310965,0.999340444012211
organ_tablature,ammerbach_bookB,1,0.9998257285394434,0.998553804592526,0.9991897665659847
organ_tablature,ammerbach_bookB,1,0.9999753379394422,1.0,0.9999876689697211
organ_tablature,ammerbach_bookB,1,0.9999805516300947,1.0,0.9999902758150474
organ_tablature,ammerbach_bookB,1,0.9999794975609932,1.0,0.9999897487804966
organ_tablature,ammerbach_bookB,1,0.9998065364461288,0.9676124908796395,0.9837095136628842
organ_tablature,ammerbach_bookB,1,0.9999361284951412,0.9600869634869815,0.9800115459910614
organ_tablature,ammerbach_bookB,1,0.9998542909997116,0.992051780981195,0.9959530359904533
organ_tablature,ammerbach_bookB,1,0.9999889356448871,0.9903442487061748,0.9951665921755309
organ_tablature,ammerbach_bookB,1,0.999998373610956,0.9472713946432921,0.9736348841271241
organ_tablature,ammerbach_bookB,1,0.9999647306036917,0.9672428509741541,0.9836037907889229
organ_tablature,ammerbach_bookB,1,0.999178220568048,0.998553804592526,0.998866012580287
organ_tablature,ammerbach_bookB,1,0.9975004605786895,0.9860334967107683,0.991766978644729
organ_tablature,ammerbach_bookB,1,0.999979123722254,0.9938176561882629,0.9968983899552584
organ_tablature,ammerbach_bookB,1,0.999992998431557,0.9922161640998293,0.9961045812656931
organ_tablature,ammerbach_bookB,1,0.9999896235737152,0.9986906710310965,0.999340147302406
organ_tablature,ammerbach_bookB,1,0.9999949638201522,1.0,0.9999974819100761
organ_tablature,ammerbach_bookB,1,0.9999716604428422,0.9923499420581252,0.9961608012504837
organ_tablature,ammerbach_bookB,1,0.999984944531714,0.9939236963748495,0.9969543204532818
organ_tablature,ammerbach_bookB,1,0.9999912369350562,0.9939591269011044,0.9969751819180803
organ_tablature,ammerbach_bookB,1,0.9999955774456661,0.9861323290903166,0.9930639532679914
organ_tablature,ammerbach_bookB,1,0.9998733280909775,0.9401956991235842,0.9700345136072809
organ_tablature,ammerbach_bookB,1,0.9999090903737555,0.9499174648181413,0.9749132775959484
organ_tablature,ammerbach_bookB,1,0.999990158078187,0.9906639285057686,0.9953270432919779
organ_tablature,ammerbach_bookB,1,0.9999882359444598,1.0,0.9999941179722299
organ_tablature,ammerbach_bookB,1,0.9999993912622136,0.9938176561882629,0.9969085237252382
organ_tablature,ammerbach_bookB,1,0.9999991325975058,0.9951269851571664,0.9975630588773361
organ_tablature,ammerbach_bookB,1,0.9999701688540751,0.9969247958240287,0.9984474823390519
organ_tablature,ammerbach_bookB,1,0.9999516354570572,1.0,0.9999758177285286
organ_tablature,ammerbach_bookB,1,0.9998288778953291,0.9933473907812254,0.9965881343382772
organ_tablature,ammerbach_bookB,1,0.9997875304223266,0.9776678731934161,0.9887277018078713
organ_tablature,ammerbach_bookB,1,0.9999670928470076,0.9925358438994231,0.9962514683732153
organ_tablature,ammerbach_bookB,1,0.9998958495459903,1.0,0.9999479247729952
organ_tablature,ammerbach_bookB,1,0.999683189753308,1.0,0.999841594876654
organ_tablature,ammerbach_bookB,1,0.999987445986642,0.992051780981195,0.9960196134839185
organ_tablature,ammerbach_bookB,1,0.9999494735485752,0.992051780981195,0.9960006272648851
organ_tablature,ammerbach_bookB,1,0.9999345477096699,1.0,0.999967273854835
organ_tablature,ammerbach_bookB,1,0.9999852228229165,1.0,0.9999926114114582
organ_tablature,ammerbach_bookB,1,0.9999954153709287,1.0,0.9999977076854644
organ_tablature,ammerbach_bookB,1,0.9999901782544275,0.9937219386764228,0.9968560584654251
organ_tablature,ammerbach_bookB,1,0.9999418138908021,0.9672101206717538,0.9835759672812779
organ_tablature,ammerbach_bookB,1,0.9999691719697666,0.9528613570326782,0.9764152645012224
organ_tablature,ammerbach_bookB,1,0.9999908133713808,0.998553804592526,0.9992723089819534
organ_tablature,ammerbach_bookB,1,0.9999824037181142,0.9907699686923552,0.9953761862052347
organ_tablature,ammerbach_bookB,1,0.9999012122553473,0.9956895715819173,0.9977953919186323
organ_tablature,ammerbach_bookB,1,0.999957963570984,0.994115817265193,0.9970368904180885
organ_tablature,ammerbach_bookB,1,0.9999228133261004,1.0,0.9999614066630502
organ_tablature,ammerbach_bookB,1,0.9999472701091394,0.9939236963748495,0.9969354832419944
organ_tablature,ammerbach_bookB,1,0.9999714553755137,0.992051780981195,0.9960116181783543
organ_tablature,ammerbach_bookB,1,0.9999770435082174,1.0,0.9999885217541087
organ_tablature,ammerbach_bookB,1,0.9999968743973947,0.9938176561882629,0.9969072652928288
organ_tablature,ammerbach_bookB,1,0.9999941881286676,0.9906070432882694,0.9953006157084685
organ_tablature,ammerbach_bookB,1,0.9999784274180031,0.992051780981195,0.996015104199599
organ_tablature,ammerbach_bookB,1,0.9999949131417513,0.9938176561882629,0.9969062846650071
organ_tablature,ammerbach_bookB,1,0.9999553827566273,0.9953118282429813,0.9976336054998043
organ_tablature,ammerbach_bookB,1,0.9999890070930568,0.9754631315941297,0.9877260693435932
organ_tablature,ammerbach_bookB,1,0.9999914176972285,0.9986906710310965,0.9993410443641626
organ_tablature,ammerbach_bookB,1,0.9999884387454552,1.0,0.9999942193727276
organ_tablature,ammerbach_bookB,1,0.9999970006111734,0.99235656823151,0.9961767844213416
organ_tablature,ammerbach_bookB,1,0.9999977632994002,0.9681737493870228,0.9840857563432115
organ_tablature,ammerbach_bookB,1,0.9999809290616465,1.0,0.9999904645308233
organ_tablature,ammerbach_bookB,1,0.9998649088033694,1.0,0.9999324544016848
organ_tablature,ammerbach_bookB,1,0.9999322705035978,1.0,0.9999661352517989
organ_tablature,ammerbach_bookB,1,0.9999916185703892,1.0,0.9999958092851946
organ_tablature,ammerbach_bookB,1,0.9999967317047028,0.9969247958240287,0.9984607637643658
organ_tablature,ammerbach_bookB,1,0.9999383173172633,1.0,0.9999691586586317
organ_tablature,ammerbach_bookB,1,0.9998960964611698,0.9969247958240287,0.9984104461425993
organ_tablature,ammerbach_bookB,1,0.9999546875700447,0.9709635421232531,0.9854591148466489
organ_tablature,ammerbach_bookB,1,0.9998282634554729,0.9869729260791446,0.9934005947673088
organ_tablature,ammerbach_bookB,1,0.9999478679491182,0.9927699686923552,0.9963589183207366
organ_tablature,ammerbach_bookB,1,0.9997283646047411,0.992051780981195,0.995890072792968
organ_tablature,ammerbach_bookB,1,0.9999192866956269,0.9955440449134638,0.9977316658045454
organ_tablature,ammerbach_bookB,1,0.9998318738680755,0.9953118282429813,0.9975718510555284
organ_tablature,ammerbach_bookB,1,0.9998575125366941,0.992051780981195,0.9959546467589445
organ_tablature,ammerbach_bookB,1,0.9998414347190853,0.9923499420581252,0.9960956883886052
organ_tablature,ammerbach_bookB,1,0.999984936363015,0.9905906930244421,0.9952878146937285
organ_tablature,ammerbach_bookB,1,0.9999777614390799,0.9939236963748495,0.9969507289069647
organ_tablature,ammerbach_bookB,1,0.9998850045795231,0.9939236963748495,0.9969043504771863
organ_tablature,ammerbach_bookB,1,0.9999733972883093,0.992051780981195,0.9960125891347521
organ_tablature,ammerbach_bookB,1,0.9999943971777976,1.0,0.9999971985888988
organ_tablature,ammerbach_bookB,1,0.9999703329987828,0.9953118282429813,0.997641080620882
organ_tablature,ammerbach_bookB,1,0.9999557492049235,1.0,0.9999778746024617
organ_tablature,ammerbach_bookB,1,0.9999808978850361,1.0,0.999990448942518
organ_tablature,ammerbach_bookB,1,0.999997383181647,1.0,0.9999986915908234
organ_tablature,ammerbach_bookB,1,0.9998596316586411,1.0,0.9999298158293206
organ_tablature,ammerbach_bookB,1,0.9999947346731217,1.0,0.9999973673365609
organ_tablature,ammerbach_bookB,1,0.9999023386325605,1.0,0.9999511693162803
organ_tablature,ammerbach_bookB,1,0.9999407602417405,1.0,0.9999703801208703
organ_tablature,ammerbach_bookB,1,0.9999933101021813,1.0,0.9999966550510906
organ_tablature,ammerbach_bookB,1,0.9999929692485412,1.0,0.9999964846242706
organ_tablature,ammerbach_bookB,1,0.9999855276938385,0.9984663414634146,0.9992259345786265
organ_tablature,ammerbach_bookB,1,0.9999863408821981,1.0,0.999993170441099
organ_tablature,ammerbach_bookB,1,0.9998889826764324,1.0,0.9999444913382163
organ_tablature,ammerbach_bookB,1,0.9999893126127626,1.0,0.9999946563063813
organ_tablature,ammerbach_bookB,1,0.9998409617078831,0.9937754173377926,0.9968081895228378
organ_tablature,ammerbach_bookB,1,0.9999970332721887,1.0,0.9999985166360943
organ_tablature,ammerbach_bookB,1,0.9999916924480411,0.9709763104836073,0.9854840014658242
organ_tablature,ammerbach_bookB,1,0.9999911781553786,0.9969247958240287,0.9984579869897037
organ_tablature,ammerbach_bookB,1,0.9999854064790482,1.0,0.9999927032395242
organ_tablature,ammerbach_bookB,1,0.9999973624353856,0.9986906710310965,0.999344016733241
organ_tablature,ammerbach_bookB,1,0.9999936238458654,0.9939236963748495,0.9969586601103575
organ_tablature,ammerbach_bookB,1,0.9999894478368236,0.9969247958240287,0.9984571218304261
organ_tablature,ammerbach_bookB,1,0.9999866481571267,1.0,0.9999933240785633
organ_tablature,ammerbach_bookB,1,0.9998801183933579,0.990272186605254,0.9950761524993059
organ_tablature,ammerbach_bookB,1,0.9999769079331278,0.9969247958240287,0.9984508518785782
organ_tablature,ammerbach_bookB,1,0.9999386556466061,0.9969247958240287,0.9984317257353175
organ_tablature,ammerbach_bookB,1,0.9999626454821117,0.96690856480528,0.9834356051436959
organ_tablature,ammerbach_bookB,1,0.999756476230306,1.0,0.999878238115153
organ_tablature,ammerbach_bookB,1,0.9999373508913075,0.988844841472799,0.9943910961820532
organ_tablature,ammerbach_bookB,1,0.9999640453362086,0.9939236963748495,0.996943870855529
organ_tablature,ammerbach_bookB,1,0.9996452488744705,1.0,0.9998226244372352
organ_tablature,ammerbach_bookB,1,0.9997289358312974,1.0,0.9998644679156488
organ_tablature,ammerbach_bookB,1,0.9998926091003235,0.992051780981195,0.9959721950407592
organ_tablature,ammerbach_bookB,1,0.999969126505542,0.990051780981195,0.9950104537433685
organ_tablature,ammerbach_bookB,1,0.9999611681827365,0.9726234235900456,0.9862922958863911
organ_tablature,ammerbach_bookB,1,0.9999094923774097,0.992051780981195,0.9959806366793023
organ_tablature,ammerbach_bookB,1,0.9995689931376494,1.0,0.9997844965688247
organ_tablature,ammerbach_bookB,1,0.9999554158945941,0.9466559951451318,0.973305705519863
organ_tablature,ammerbach_bookB,1,0.9999981782861704,0.9677426299134937,0.9838704040998321
organ_tablature,ammerbach_bookB,1,0.9999854584776159,0.9907699686923552,0.9953777135849855
organ_tablature,ammerbach_bookB,1,0.9985887740739307,0.9942161640998293,0.99640246908688
organ_tablature,ammerbach_bookB,1,0.9998950072526775,0.9971570124945113,0.9985260098735944
organ_tablature,ammerbach_bookB,1,0.9999953116653191,1.0,0.9999976558326595
organ_tablature,ammerbach_bookB,1,0.9999661706032194,0.996850621513764,0.9984083960584917
organ_tablature,ammerbach_bookB,1,0.9999856637687761,0.9969247958240287,0.9984552297964024
organ_tablature,ammerbach_bookB,1,0.9999285250282748,1.0,0.9999642625141374
organ_tablature,ammerbach_bookB,1,0.9999985391924567,0.9938176561882629,0.9969080976903598
organ_tablature,ammerbach_bookB,1,0.9999950917719048,0.9937219386764228,0.9968585152241638
organ_tablature,ammerbach_bookB,1,0.9999967972559674,1.0,0.9999983986279837
organ_tablature,ammerbach_bookB,1,0.9999633703600267,1.0,0.9999816851800134
organ_tablature,ammerbach_bookB,1,0.9999318994358408,0.9872710871560748,0.9936014932959578
organ_tablature,ammerbach_bookB,1,0.9999666048843845,0.9654469730887731,0.9827067889865788
organ_tablature,ammerbach_bookB,1,0.9997707059033109,0.9673410962980176,0.9835559011006643
organ_tablature,ammerbach_bookB,1,0.9999237294935729,0.9927699686923552,0.9963468490929641
organ_tablature,ammerbach_bookB,1,0.999755712465244,0.9969247958240287,0.9983402541446363
organ_tablature,ammerbach_bookB,1,0.9998530877066097,0.9942161640998293,0.9970346259032195
organ_tablature,ammerbach_bookB,1,0.9996944923893694,0.9637204738376431,0.9817074831135062
neume_aquitanian,"gabc:P-BRad 15, 026",1,0.9946776799119728,0.8275578071375855,0.9111177435247791
neume_aquitanian,"gabc:P-BRad 15, 026",1,0.9351246946776002,0.7339517023899048,0.8345381985337526
language_or_substitution,"gabc:P-BRad 15, 026",0,0.004334137449778433,0.0006232009600314403,0.002478669204904937
language_or_substitution,"gabc:P-BRad 15, 026",0,0.0002500534475882746,0.001457603301487054,0.0008538283745376644
language_or_substitution,"gabc:P-BRad 15, 026",0,0.004334137449778433,0.0006232009600314403,0.002478669204904937
language_or_substitution,"gabc:P-BRad 15, 026",0,0.0002500534475882746,0.001457603301487054,0.0008538283745376644
surface_null,"gabc:P-BRad 15, 026",0,0.000263748818386715,0.13318902259953258,0.06672638570895965
surface_null,"gabc:P-BRad 15, 026",0,0.0011715767836091501,0.14058698271721826,0.0708792797504137
surface_null,"gabc:P-BRad 15, 026",0,0.028264061899192908,0.500846129236553,0.264555095567873
surface_null,"gabc:P-BRad 15, 026",0,0.31750765304605194,0.717897150095995,0.5177024015710234
neume_aquitanian,"gabc:P-BRad 23, Bv",1,0.8634790488628594,0.5872761740074355,0.7253776114351475
neume_aquitanian,"gabc:P-BRad 23, Bv",1,0.5108343166323401,0.558293916473552,0.534564116552946
language_or_substitution,"gabc:P-BRad 23, Bv",0,0.00046978019966091437,0.00021910131174466426,0.0003444407557027893
language_or_substitution,"gabc:P-BRad 23, Bv",0,3.213326263864012e-05,0.0,1.606663131932006e-05
language_or_substitution,"gabc:P-BRad 23, Bv",0,0.00046978019966091437,0.00021910131174466426,0.0003444407557027893
language_or_substitution,"gabc:P-BRad 23, Bv",0,3.213326263864012e-05,0.0,1.606663131932006e-05
surface_null,"gabc:P-BRad 23, Bv",0,8.854905971820454e-07,0.02230533759765392,0.011153111544125552
surface_null,"gabc:P-BRad 23, Bv",0,0.00010585560288576324,0.010576794451581993,0.005341325027233878
surface_null,"gabc:P-BRad 23, Bv",0,0.00012136318125904561,0.02681026845713179,0.013465815819195417
surface_null,"gabc:P-BRad 23, Bv",0,0.001526627120507899,0.08856330936088005,0.045044968240693976
neume_aquitanian,"gabc:P-BRad Pastas 015, 023",1,0.6449315565032148,0.6869065524470264,0.6659190544751206
neume_aquitanian,"gabc:P-BRad Pastas 015, 023",1,0.497569961151929,0.5065878422562987,0.5020789017041138
language_or_substitution,"gabc:P-BRad Pastas 015, 023",0,2.8103964855467154e-06,5.5172413793103446e-05,2.899140513932508e-05
language_or_substitution,"gabc:P-BRad Pastas 015, 023",0,1.830627723739581e-06,0.0,9.153138618697905e-07
language_or_substitution,"gabc:P-BRad Pastas 015, 023",0,2.8103964855467154e-06,5.5172413793103446e-05,2.899140513932508e-05
language_or_substitution,"gabc:P-BRad Pastas 015, 023",0,1.830627723739581e-06,0.0,9.153138618697905e-07
surface_null,"gabc:P-BRad Pastas 015, 023",0,0.00011477136333382531,0.007073219171641931,0.003593995267487878
surface_null,"gabc:P-BRad Pastas 015, 023",0,0.00012750313447159266,0.00677004917290347,0.0034487761536875316
surface_null,"gabc:P-BRad Pastas 015, 023",0,0.0027786414753052393,0.20572881295001127,0.10425372721265826
surface_null,"gabc:P-BRad Pastas 015, 023",0,0.004659988017399969,0.17513615078689895,0.08989806940214946
neume_aquitanian,"gabc:P-BRad Pastas 051, 157v",1,0.9722360170354746,0.6283067557814727,0.8002713864084736
neume_aquitanian,"gabc:P-BRad Pastas 051, 157v",1,0.992266520937133,0.5950409447215789,0.7936537328293559
language_or_substitution,"gabc:P-BRad Pastas 051, 157v",0,7.0245010839337e-08,7.921140644252773e-05,3.9640825726683535e-05
language_or_substitution,"gabc:P-BRad Pastas 051, 157v",0,3.36941219713932e-06,0.0,1.68470609856966e-06
language_or_substitution,"gabc:P-BRad Pastas 051, 157v",0,7.0245010839337e-08,7.921140644252773e-05,3.9640825726683535e-05
language_or_substitution,"gabc:P-BRad Pastas 051, 157v",0,3.36941219713932e-06,0.0,1.68470609856966e-06
surface_null,"gabc:P-BRad Pastas 051, 157v",0,0.0001178146248470049,0.013100091397617206,0.006608953011232105
surface_null,"gabc:P-BRad Pastas 051, 157v",0,3.968524927921967e-05,0.005609484896852493,0.0028245850730658564
surface_null,"gabc:P-BRad Pastas 051, 157v",0,0.0005655095158099962,0.05617002664433179,0.028367768080070892
surface_null,"gabc:P-BRad Pastas 051, 157v",0,0.00824398974958139,0.06363652001337382,0.035940254881477604
neume_aquitanian,"gabc:P-BRad Pastas 077, Ar",1,0.8532576013311095,0.637503138057531,0.7453803696943202
neume_aquitanian,"gabc:P-BRad Pastas 077, Ar",1,0.014720897249447945,0.36826099843615817,0.19149094784280307
language_or_substitution,"gabc:P-BRad Pastas 077, Ar",0,3.492638438632667e-06,0.0,1.7463192193163334e-06
language_or_substitution,"gabc:P-BRad Pastas 077, Ar",0,5.4155536140711965e-05,0.02322168997437319,0.011637922755256951
language_or_substitution,"gabc:P-BRad Pastas 077, Ar",0,3.492638438632667e-06,0.0,1.7463192193163334e-06
language_or_substitution,"gabc:P-BRad Pastas 077, Ar",0,5.4155536140711965e-05,0.02322168997437319,0.011637922755256951
surface_null,"gabc:P-BRad Pastas 077, Ar",0,0.001657699175075219,0.030116020523571242,0.01588685984932323
surface_null,"gabc:P-BRad Pastas 077, Ar",0,0.0004918772599334779,0.025885761914652142,0.01318881958729281
surface_null,"gabc:P-BRad Pastas 077, Ar",0,0.13795655147964925,0.6817675812058238,0.40986206634273653
surface_null,"gabc:P-BRad Pastas 077, Ar",0,0.0005724128302747652,0.12933461072959368,0.06495351177993422
neume_aquitanian,"gabc:P-BRad Pastas 081, Ar",1,0.991232675120098,0.7206368284479803,0.8559347517840392
neume_aquitanian,"gabc:P-BRad Pastas 081, Ar",1,0.503128119822324,0.6356801096478361,0.56940411473508
neume_aquitanian,"gabc:P-BRad Pastas 081, Ar",1,0.04442089395095033,0.3011937091592289,0.1728073015550896
neume_aquitanian,"gabc:P-BRad Pastas 081, Ar",1,0.198383030722135,0.24390139937656535,0.22114221504935017
language_or_substitution,"gabc:P-BRad Pastas 081, Ar",0,5.615126996446125e-06,0.0,2.8075634982230627e-06
language_or_substitution,"gabc:P-BRad Pastas 081, Ar",0,1.5099632877887677e-05,0.004367989605878185,0.0021915446193780364
language_or_substitution,"gabc:P-BRad Pastas 081, Ar",0,2.503585128830268e-07,0.0,1.251792564415134e-07
language_or_substitution,"gabc:P-BRad Pastas 081, Ar",0,4.5340757505537154e-06,0.0,2.2670378752768577e-06
language_or_substitution,"gabc:P-BRad Pastas 081, Ar",0,5.615126996446125e-06,0.0,2.8075634982230627e-06
language_or_substitution,"gabc:P-BRad Pastas 081, Ar",0,1.5099632877887677e-05,0.004367989605878185,0.0021915446193780364
language_or_substitution,"gabc:P-BRad Pastas 081, Ar",0,2.503585128830268e-07,0.0,1.251792564415134e-07
language_or_substitution,"gabc:P-BRad Pastas 081, Ar",0,4.5340757505537154e-06,0.0,2.2670378752768577e-06
surface_null,"gabc:P-BRad Pastas 081, Ar",0,0.03660998466556636,0.10324319486879895,0.06992658976718265
surface_null,"gabc:P-BRad Pastas 081, Ar",0,0.0073148052139426845,0.2814374046294316,0.14437610492168715
surface_null,"gabc:P-BRad Pastas 081, Ar",0,2.6424901668621284e-05,0.18894534680385114,0.09448588585275988
surface_null,"gabc:P-BRad Pastas 081, Ar",0,5.577225929822167e-06,0.07397964536724251,0.03699261129658617
surface_null,"gabc:P-BRad Pastas 081, Ar",0,5.9509303303704515e-05,0.07947699650600223,0.03976825290465297
surface_null,"gabc:P-BRad Pastas 081, Ar",0,3.443209778234721e-06,0.14867044692794265,0.07433694506886045
surface_null,"gabc:P-BRad Pastas 081, Ar",0,0.00038860130635492534,0.1395774646077867,0.06998303295707081
surface_null,"gabc:P-BRad Pastas 081, Ar",0,0.0027595800142613197,0.1823365488794402,0.09254806444685076
neume_aquitanian,"gabc:P-BRad Pastas 244, Ar",1,0.9988703780395419,0.6824165083898843,0.8406434432147132
neume_aquitanian,"gabc:P-BRad Pastas 244, Ar",1,0.9996610717039863,0.6888272079586916,0.844244139831339
language_or_substitution,"gabc:P-BRad Pastas 244, Ar",0,1.6862171704739618e-06,0.003874510471406478,0.0019380983442884758
language_or_substitution,"gabc:P-BRad Pastas 244, Ar",0,4.830006842394401e-06,0.0002716981132075472,0.0001382640600249708
language_or_substitution,"gabc:P-BRad Pastas 244, Ar",0,1.6862171704739618e-06,0.003874510471406478,0.0019380983442884758
language_or_substitution,"gabc:P-BRad Pastas 244, Ar",0,4.830006842394401e-06,0.0002716981132075472,0.0001382640600249708
surface_null,"gabc:P-BRad Pastas 244, Ar",0,0.08983118187936522,0.22837790497807114,0.1591045434287182
surface_null,"gabc:P-BRad Pastas 244, Ar",0,0.05903892624047913,0.12534709757072193,0.09219301190560053
surface_null,"gabc:P-BRad Pastas 244, Ar",0,0.059878236718996045,0.1675745928338497,0.11372641477642287
surface_null,"gabc:P-BRad Pastas 244, Ar",0,0.013521648788867573,0.12755310151094326,0.07053737514990542
neume_aquitanian,"gabc:P-BRam Nº 010 Códices, Ar",1,0.14765613663336719,0.22146176058379816,0.18455894860858268
neume_aquitanian,"gabc:P-BRam Nº 010 Códices, Ar",1,0.007670309378593527,0.06933097964085734,0.038500644509725436
neume_aquitanian,"gabc:P-BRam Nº 010 Códices, Ar",1,0.017911383084924872,0.16642716196845111,0.092169272526688
language_or_substitution,"gabc:P-BRam Nº 010 Códices, Ar",0,7.00516915370956e-07,5.9721421923614786e-05,3.0210969419492872e-05
language_or_substitution,"gabc:P-BRam Nº 010 Códices, Ar",0,6.884746048118488e-08,0.0007510933867276852,0.00037558111709408323
language_or_substitution,"gabc:P-BRam Nº 010 Códices, Ar",0,8.406292934139942e-08,0.0,4.203146467069971e-08
language_or_substitution,"gabc:P-BRam Nº 010 Códices, Ar",0,7.00516915370956e-07,5.9721421923614786e-05,3.0210969419492872e-05
language_or_substitution,"gabc:P-BRam Nº 010 Códices, Ar",0,6.884746048118488e-08,0.0007510933867276852,0.00037558111709408323
language_or_substitution,"gabc:P-BRam Nº 010 Códices, Ar",0,8.406292934139942e-08,0.0,4.203146467069971e-08
surface_null,"gabc:P-BRam Nº 010 Códices, Ar",0,9.136005791582073e-06,0.01951404456616399,0.009761590285977785
surface_null,"gabc:P-BRam Nº 010 Códices, Ar",0,1.7602561252237758e-05,0.01137326457782273,0.005695433569537484
surface_null,"gabc:P-BRam Nº 010 Códices, Ar",0,1.4801732952019427e-05,0.008375249560316171,0.004195025646634095
surface_null,"gabc:P-BRam Nº 010 Códices, Ar",0,0.027862927691773526,0.17899465001488354,0.10342878885332854
surface_null,"gabc:P-BRam Nº 010 Códices, Ar",0,0.008679940604731106,0.07770782901919085,0.04319388481196098
surface_null,"gabc:P-BRam Nº 010 Códices, Ar",0,0.20179408237575766,0.1013425271442661,0.15156830476001187
neume_aquitanian,"gabc:P-G C 1152, Av",1,0.2623931375598079,0.5840654419747661,0.423229289767287
neume_aquitanian,"gabc:P-G C 1152, Av",1,0.7430079950522012,0.5442406301220045,0.6436243125871028
language_or_substitution,"gabc:P-G C 1152, Av",0,8.965521297708847e-06,0.0,4.482760648854423e-06
language_or_substitution,"gabc:P-G C 1152, Av",0,2.1059933937490108e-05,0.00025816010273584095,0.00013961001833666552
language_or_substitution,"gabc:P-G C 1152, Av",0,8.965521297708847e-06,0.0,4.482760648854423e-06
language_or_substitution,"gabc:P-G C 1152, Av",0,2.1059933937490108e-05,0.00025816010273584095,0.00013961001833666552
surface_null,"gabc:P-G C 1152, Av",0,0.0009519759495397185,0.007950940808032025,0.004451458378785872
surface_null,"gabc:P-G C 1152, Av",0,0.0003797883219529475,0.011886286301434996,0.006133037311693972
surface_null,"gabc:P-G C 1152, Av",0,0.0024643907852472083,0.06190829627018652,0.03218634352771686
surface_null,"gabc:P-G C 1152, Av",0,0.005798305161266794,0.13411914119893847,0.06995872318010263
neume_aquitanian,"gabc:P-G N 328, Av",1,0.5931573470755208,0.6164286625465318,0.6047930048110264
neume_aquitanian,"gabc:P-G N 328, Av",1,0.9335800925111836,0.6988449270129055,0.8162125097620445
neume_aquitanian,"gabc:P-G N 328, Av",1,0.7449702844902717,0.5788577190939923,0.661914001792132
neume_aquitanian,"gabc:P-G N 328, Av",1,0.1680400047934866,0.5197756439549952,0.3439078243742409
language_or_substitution,"gabc:P-G N 328, Av",0,7.449222142675113e-07,0.011280804729698241,0.005640774825956254
language_or_substitution,"gabc:P-G N 328, Av",0,0.00010636751903496802,0.029590989776794977,0.014848678647914972
language_or_substitution,"gabc:P-G N 328, Av",0,0.0002801396089789286,0.003482943985078195,0.0018815417970285617
language_or_substitution,"gabc:P-G N 328, Av",0,1.859682441899279e-05,0.0038274534182370984,0.0019230251213280456
language_or_substitution,"gabc:P-G N 328, Av",0,7.449222142675113e-07,0.011280804729698241,0.005640774825956254
language_or_substitution,"gabc:P-G N 328, Av",0,0.00010636751903496802,0.029590989776794977,0.014848678647914972
language_or_substitution,"gabc:P-G N 328, Av",0,0.0002801396089789286,0.003482943985078195,0.0018815417970285617
language_or_substitution,"gabc:P-G N 328, Av",0,1.859682441899279e-05,0.0038274534182370984,0.0019230251213280456
surface_null,"gabc:P-G N 328, Av",0,0.0005173777222318765,0.040813187860087315,0.020665282791159596
surface_null,"gabc:P-G N 328, Av",0,0.00430242669579485,0.047354987995532075,0.025828707345663462
surface_null,"gabc:P-G N 328, Av",0,0.010962033971882145,0.6402857572924885,0.3256238956321853
surface_null,"gabc:P-G N 328, Av",0,0.0075928245843226725,0.4753767000559888,0.24148476232015575
surface_null,"gabc:P-G N 328, Av",0,0.13750715371257927,0.7483226737430946,0.4429149137278369
surface_null,"gabc:P-G N 328, Av",0,0.10345802741225249,0.5632210008201728,0.33333951411621265
surface_null,"gabc:P-G N 328, Av",0,0.00892904373796131,0.3176096227365049,0.1632693332372331
surface_null,"gabc:P-G N 328, Av",0,0.0018703540090731115,0.2157414149806294,0.10880588449485126
neume_square,"gabc:P-BRs Ms. 028, 105v",1,0.9627513840840702,0.49682658284786724,0.7297889834659688
neume_square,"gabc:P-BRs Ms. 028, 105v",1,0.9018810488365762,0.6829646531555614,0.7924228509960688
neume_square,"gabc:P-BRs Ms. 028, 105v",1,0.9292782771330381,0.8079249514354915,0.8686016142842647
neume_square,"gabc:P-BRs Ms. 028, 105v",1,0.9984047304119846,0.9331639038850982,0.9657843171485414
language_or_substitution,"gabc:P-BRs Ms. 028, 105v",0,2.6794512257154006e-06,0.0,1.3397256128577003e-06
language_or_substitution,"gabc:P-BRs Ms. 028, 105v",0,6.038778419186913e-06,0.0,3.0193892095934567e-06
language_or_substitution,"gabc:P-BRs Ms. 028, 105v",0,4.849711683927096e-06,0.0,2.424855841963548e-06
language_or_substitution,"gabc:P-BRs Ms. 028, 105v",0,2.271933868836642e-06,0.0,1.135966934418321e-06
language_or_substitution,"gabc:P-BRs Ms. 028, 105v",0,2.6794512257154006e-06,0.0,1.3397256128577003e-06
language_or_substitution,"gabc:P-BRs Ms. 028, 105v",0,6.038778419186913e-06,0.0,3.0193892095934567e-06
language_or_substitution,"gabc:P-BRs Ms. 028, 105v",0,4.849711683927096e-06,0.0,2.424855841963548e-06
language_or_substitution,"gabc:P-BRs Ms. 028, 105v",0,2.271933868836642e-06,0.0,1.135966934418321e-06
surface_null,"gabc:P-BRs Ms. 028, 105v",0,0.0015302295386150442,0.042606192905911215,0.02206821122226313
surface_null,"gabc:P-BRs Ms. 028, 105v",0,0.0002500462941450722,0.01769226441965413,0.008971155356899602
surface_null,"gabc:P-BRs Ms. 028, 105v",0,9.24994809712147e-05,0.00880933634727489,0.004450917914123053
surface_null,"gabc:P-BRs Ms. 028, 105v",0,7.913433045004758e-05,0.008614815941516966,0.004346975135983507
surface_null,"gabc:P-BRs Ms. 028, 105v",0,1.7418893636037465e-05,0.029345297564371625,0.014681358229003832
surface_null,"gabc:P-BRs Ms. 028, 105v",0,0.0018093489237987989,0.17075841316019982,0.08628388104199931
surface_null,"gabc:P-BRs Ms. 028, 105v",0,1.9118638291208434e-05,0.12639923680006201,0.06320917771917661
surface_null,"gabc:P-BRs Ms. 028, 105v",0,3.3180940759387415e-05,0.057434319080560896,0.028733750010660142
neume_square,"gabc:P-BRs Ms. 028, 18r",1,0.993287159147891,0.5903564130392313,0.7918217860935611
neume_square,"gabc:P-BRs Ms. 028, 18r",1,0.9647117694859194,0.8595276392016987,0.9121197043438091
neume_square,"gabc:P-BRs Ms. 028, 18r",1,0.9316283956048883,0.7698298701419751,0.8507291328734317
neume_square,"gabc:P-BRs Ms. 028, 18r",1,0.996088422702418,0.9405121651867836,0.9683002939446008
language_or_substitution,"gabc:P-BRs Ms. 028, 18r",0,1.8154064305526122e-06,0.0,9.077032152763061e-07
language_or_substitution,"gabc:P-BRs Ms. 028, 18r",0,5.856455624916367e-06,0.0,2.9282278124581837e-06
language_or_substitution,"gabc:P-BRs Ms. 028, 18r",0,4.5522851895894765e-06,0.0,2.2761425947947382e-06
language_or_substitution,"gabc:P-BRs Ms. 028, 18r",0,3.373640140348351e-06,0.0,1.6868200701741754e-06
language_or_substitution,"gabc:P-BRs Ms. 028, 18r",0,1.8154064305526122e-06,0.0,9.077032152763061e-07
language_or_substitution,"gabc:P-BRs Ms. 028, 18r",0,5.856455624916367e-06,0.0,2.9282278124581837e-06
language_or_substitution,"gabc:P-BRs Ms. 028, 18r",0,4.5522851895894765e-06,0.0,2.2761425947947382e-06
language_or_substitution,"gabc:P-BRs Ms. 028, 18r",0,3.373640140348351e-06,0.0,1.6868200701741754e-06
surface_null,"gabc:P-BRs Ms. 028, 18r",0,0.0034709215323599028,0.0026856946854631036,0.003078308108911503
surface_null,"gabc:P-BRs Ms. 028, 18r",0,0.004333168423728357,0.011856581298153649,0.008094874860941003
surface_null,"gabc:P-BRs Ms. 028, 18r",0,0.014400109437645851,0.06092237712432715,0.0376612432809865
surface_null,"gabc:P-BRs Ms. 028, 18r",0,0.005775149116822267,0.007381080223074009,0.006578114669948138
surface_null,"gabc:P-BRs Ms. 028, 18r",0,0.00034070228185716637,0.059201260054809045,0.029770981168333106
surface_null,"gabc:P-BRs Ms. 028, 18r",0,3.15885496807087e-05,0.09941235150156576,0.04972197002562323
surface_null,"gabc:P-BRs Ms. 028, 18r",0,0.0003323853694361014,0.09043751730320088,0.04538495133631849
surface_null,"gabc:P-BRs Ms. 028, 18r",0,0.002028847286987223,0.341418014389199,0.1717234308380931
neume_square,"gabc:P-BRs Ms. 028, 94r",1,0.7690662486759997,0.31651755447424357,0.5427919015751217
neume_square,"gabc:P-BRs Ms. 028, 94r",1,0.9787258630468053,0.7174100336496088,0.848067948348207
language_or_substitution,"gabc:P-BRs Ms. 028, 94r",0,7.229588684076926e-06,0.0,3.614794342038463e-06
language_or_substitution,"gabc:P-BRs Ms. 028, 94r",0,1.5128601318047227e-05,0.0,7.564300659023613e-06
language_or_substitution,"gabc:P-BRs Ms. 028, 94r",0,7.229588684076926e-06,0.0,3.614794342038463e-06
language_or_substitution,"gabc:P-BRs Ms. 028, 94r",0,1.5128601318047227e-05,0.0,7.564300659023613e-06
surface_null,"gabc:P-BRs Ms. 028, 94r",0,1.7788875819471196e-05,0.003491651088238599,0.001754719982029035
surface_null,"gabc:P-BRs Ms. 028, 94r",0,1.040544898208858e-05,0.002864575717213314,0.0014374905830977015
surface_null,"gabc:P-BRs Ms. 028, 94r",0,8.440888185356467e-06,0.03914496420319223,0.019576702545688794
surface_null,"gabc:P-BRs Ms. 028, 94r",0,6.110157626884067e-06,0.03131573668241392,0.015660923420020404
neume_square,"gabc:P-BRs Ms. 032, 113v",1,0.9991780441620177,0.39117458659032966,0.6951763153761736
neume_square,"gabc:P-BRs Ms. 032, 113v",1,0.9997542099804512,0.48838445291671645,0.7440693314485838
language_or_substitution,"gabc:P-BRs Ms. 032, 113v",0,0.00016371347225624112,0.0014267827973257646,0.0007952481347910028
language_or_substitution,"gabc:P-BRs Ms. 032, 113v",0,0.0002858178330304996,0.0006023531129383959,0.0004440854729844477
language_or_substitution,"gabc:P-BRs Ms. 032, 113v",0,0.00016371347225624112,0.0014267827973257646,0.0007952481347910028
language_or_substitution,"gabc:P-BRs Ms. 032, 113v",0,0.0002858178330304996,0.0006023531129383959,0.0004440854729844477
surface_null,"gabc:P-BRs Ms. 032, 113v",0,0.002358573655842348,0.07847621442634353,0.04041739404109294
surface_null,"gabc:P-BRs Ms. 032, 113v",0,0.001396592186963233,0.04959593797113751,0.02549626507905037
surface_null,"gabc:P-BRs Ms. 032, 113v",0,0.7024552857792722,0.4740872059930585,0.5882712458861653
surface_null,"gabc:P-BRs Ms. 032, 113v",0,0.8893580691527486,0.3671824351508393,0.628270252151794
neume_square,"gabc:P-BRs Ms. 032, 114r",1,0.17942494675318874,0.25851192587610433,0.21896843631464652
neume_square,"gabc:P-BRs Ms. 032, 114r",1,0.14648656631287585,0.08816666397651494,0.11732661514469539
language_or_substitution,"gabc:P-BRs Ms. 032, 114r",0,1.292824354668756e-07,0.0,6.46412177334378e-08
language_or_substitution,"gabc:P-BRs Ms. 032, 114r",0,1.1736717565201813e-05,5.9722615341069916e-05,3.5729666453135865e-05
language_or_substitution,"gabc:P-BRs Ms. 032, 114r",0,1.292824354668756e-07,0.0,6.46412177334378e-08
language_or_substitution,"gabc:P-BRs Ms. 032, 114r",0,1.1736717565201813e-05,5.9722615341069916e-05,3.5729666453135865e-05
surface_null,"gabc:P-BRs Ms. 032, 114r",0,0.0029202878162182325,0.1192525371285341,0.06108641247237617
surface_null,"gabc:P-BRs Ms. 032, 114r",0,0.0005807186780149202,0.13940815480103652,0.06999443673952573
surface_null,"gabc:P-BRs Ms. 032, 114r",0,3.527239257061077e-06,0.16404941047834218,0.08202646885879962
surface_null,"gabc:P-BRs Ms. 032, 114r",0,4.2332325545687866e-06,0.11854382907851435,0.05927403115553446
neume_square,"gabc:P-BRs Ms. 032, 116r",1,0.39670337846935905,0.4955029277994181,0.4461031531343886
neume_square,"gabc:P-BRs Ms. 032, 116r",1,0.3182222486429555,0.6140418737342178,0.46613206118858663
language_or_substitution,"gabc:P-BRs Ms. 032, 116r",0,7.449222142675113e-07,0.011280804729698241,0.005640774825956254
language_or_substitution,"gabc:P-BRs Ms. 032, 116r",0,2.0840367351153115e-06,0.011280804729698241,0.005641444383216679
language_or_substitution,"gabc:P-BRs Ms. 032, 116r",0,7.449222142675113e-07,0.011280804729698241,0.005640774825956254
language_or_substitution,"gabc:P-BRs Ms. 032, 116r",0,2.0840367351153115e-06,0.011280804729698241,0.005641444383216679
surface_null,"gabc:P-BRs Ms. 032, 116r",0,0.0051702003962602544,0.20081510924368376,0.10299265481997201
surface_null,"gabc:P-BRs Ms. 032, 116r",0,0.01739807457333373,0.26443961441183333,0.14091884449258354
surface_null,"gabc:P-BRs Ms. 032, 116r",0,0.139209014099659,0.4148285341756609,0.27701877413765996
surface_null,"gabc:P-BRs Ms. 032, 116r",0,0.0014673206118987181,0.4067591397788824,0.20411323019539054
neume_square,"gabc:P-BRs Ms. 032, 116v",1,0.9997166604095874,0.44911779573038235,0.7244172280699849
neume_square,"gabc:P-BRs Ms. 032, 116v",1,0.9997123990852113,0.54892470440055,0.7743185517428806
language_or_substitution,"gabc:P-BRs Ms. 032, 116v",0,0.00010351394180787738,0.00014642375168690957,0.0001249688467473935
language_or_substitution,"gabc:P-BRs Ms. 032, 116v",0,2.964658528068107e-05,0.0002716981132075472,0.00015067234924411412
language_or_substitution,"gabc:P-BRs Ms. 032, 116v",0,0.00010351394180787738,0.00014642375168690957,0.0001249688467473935
language_or_substitution,"gabc:P-BRs Ms. 032, 116v",0,2.964658528068107e-05,0.0002716981132075472,0.00015067234924411412
surface_null,"gabc:P-BRs Ms. 032, 116v",0,0.000581078805112885,0.10590213943048603,0.05324160911779946
surface_null,"gabc:P-BRs Ms. 032, 116v",0,0.0007231558459879032,0.1504955518666662,0.07560935385632704
surface_null,"gabc:P-BRs Ms. 032, 116v",0,0.19604537718406945,0.447617979138048,0.32183167816105873
surface_null,"gabc:P-BRs Ms. 032, 116v",0,0.2994942499734589,0.5009596699814125,0.40022695997743574
neume_square,"gabc:P-BRs Ms. 032, 301r",1,0.008484790193685487,0.20316943703697224,0.10582711361532886
neume_square,"gabc:P-BRs Ms. 032, 301r",1,0.4478735595735184,0.25660975554998544,0.3522416575617519
neume_square,"gabc:P-BRs Ms. 032, 301r",1,0.8154646757939474,0.5460982961367136,0.6807814859653305
language_or_substitution,"gabc:P-BRs Ms. 032, 301r",0,2.201688352633921e-05,0.00027509112679597973,0.00014855400516115946
language_or_substitution,"gabc:P-BRs Ms. 032, 301r",0,2.173539156453027e-06,0.00017762399077277967,8.989876496461635e-05
language_or_substitution,"gabc:P-BRs Ms. 032, 301r",0,3.862229913412791e-06,0.0,1.9311149567063955e-06
language_or_substitution,"gabc:P-BRs Ms. 032, 301r",0,2.201688352633921e-05,0.00027509112679597973,0.00014855400516115946
language_or_substitution,"gabc:P-BRs Ms. 032, 301r",0,2.173539156453027e-06,0.00017762399077277967,8.989876496461635e-05
language_or_substitution,"gabc:P-BRs Ms. 032, 301r",0,3.862229913412791e-06,0.0,1.9311149567063955e-06
surface_null,"gabc:P-BRs Ms. 032, 301r",0,3.189024503415077e-05,0.011919596986188786,0.005975743615611468
surface_null,"gabc:P-BRs Ms. 032, 301r",0,0.0003464073016081799,0.02484651349038706,0.01259646039599762
surface_null,"gabc:P-BRs Ms. 032, 301r",0,0.00022425784695317023,0.04641724631463723,0.0233207520807952
surface_null,"gabc:P-BRs Ms. 032, 301r",0,0.0007929848046711271,0.1526965251570862,0.07674475498087867
surface_null,"gabc:P-BRs Ms. 032, 301r",0,0.0009461945343576575,0.12334668197850851,0.06214643825643308
surface_null,"gabc:P-BRs Ms. 032, 301r",0,0.01520334447990913,0.16453933905269336,0.08987134176630124
neume_square,"gabc:P-BRs Ms. 032, 306r",1,0.9876608083993017,0.7293808940415042,0.858520851220403
neume_square,"gabc:P-BRs Ms. 032, 306r",1,0.9986461982503854,0.703782152168738,0.8512141752095617
language_or_substitution,"gabc:P-BRs Ms. 032, 306r",0,4.7782208862712835e-06,0.010216676315336152,0.005110727268111212
language_or_substitution,"gabc:P-BRs Ms. 032, 306r",0,9.665250079920039e-06,0.004779498887206962,0.002394582068643441
language_or_substitution,"gabc:P-BRs Ms. 032, 306r",0,4.7782208862712835e-06,0.010216676315336152,0.005110727268111212
language_or_substitution,"gabc:P-BRs Ms. 032, 306r",0,9.665250079920039e-06,0.004779498887206962,0.002394582068643441
surface_null,"gabc:P-BRs Ms. 032, 306r",0,9.74095171547339e-05,0.11737979070677615,0.05873860011196544
surface_null,"gabc:P-BRs Ms. 032, 306r",0,0.00019873455274063608,0.17240577750139072,0.08630225602706568
surface_null,"gabc:P-BRs Ms. 032, 306r",0,0.04138259259699757,0.35000655196802116,0.19569457228250936
surface_null,"gabc:P-BRs Ms. 032, 306r",0,0.057623397965712926,0.3287611141519642,0.19319225605883855
neume_square,"gabc:P-BRs Ms. 034, 023",1,0.4668163746157834,0.7477769810720521,0.6072966778439177
neume_square,"gabc:P-BRs Ms. 034, 023",1,0.6602696730327936,0.5619249441474864,0.61109730859014
language_or_substitution,"gabc:P-BRs Ms. 034, 023",0,2.9106556019840798e-05,0.0,1.4553278009920399e-05
language_or_substitution,"gabc:P-BRs Ms. 034, 023",0,2.5017285266105976e-05,0.0,1.2508642633052988e-05
language_or_substitution,"gabc:P-BRs Ms. 034, 023",0,2.9106556019840798e-05,0.0,1.4553278009920399e-05
language_or_substitution,"gabc:P-BRs Ms. 034, 023",0,2.5017285266105976e-05,0.0,1.2508642633052988e-05
surface_null,"gabc:P-BRs Ms. 034, 023",0,0.00013293929542929056,0.0035133279668446244,0.0018231336311369576
surface_null,"gabc:P-BRs Ms. 034, 023",0,0.0002601453414098902,0.0021373376131077633,0.0011987414772588268
surface_null,"gabc:P-BRs Ms. 034, 023",0,0.0039014400529040565,0.03437877680927655,0.019140108431090302
surface_null,"gabc:P-BRs Ms. 034, 023",0,0.0048906975745191495,0.03608611643360285,0.020488407004060998
neume_square,"gabc:P-BRs Ms. 034, 027",1,0.8874678121535061,0.475558772822703,0.6815132924881045
neume_square,"gabc:P-BRs Ms. 034, 027",1,0.20676030222536262,0.16180862918555236,0.18428446570545748
language_or_substitution,"gabc:P-BRs Ms. 034, 027",0,0.0010535022536252634,0.0002556097160759869,0.0006545559848506251
language_or_substitution,"gabc:P-BRs Ms. 034, 027",0,3.427453937763587e-05,0.004232801810359788,0.0021335381748687123
language_or_substitution,"gabc:P-BRs Ms. 034, 027",0,0.0010535022536252634,0.0002556097160759869,0.0006545559848506251
language_or_substitution,"gabc:P-BRs Ms. 034, 027",0,3.427453937763587e-05,0.004232801810359788,0.0021335381748687123
surface_null,"gabc:P-BRs Ms. 034, 027",0,0.00022778044986524195,0.0002502044268764886,0.00023899243837086526
surface_null,"gabc:P-BRs Ms. 034, 027",0,0.0008666657471921738,0.0026665157926174157,0.0017665907699047946
surface_null,"gabc:P-BRs Ms. 034, 027",0,3.011909146584034e-06,0.025457982486454925,0.012730497197800755
surface_null,"gabc:P-BRs Ms. 034, 027",0,4.883881133671338e-05,0.01754839797138368,0.008798618391360195
neume_square,"gabc:P-BRs Ms. 034, 083",1,0.9992783295670572,0.793121482890376,0.8961999062287166
neume_square,"gabc:P-BRs Ms. 034, 083",1,0.9995656895797057,0.6525764511016868,0.8260710703406963
language_or_substitution,"gabc:P-BRs Ms. 034, 083",0,4.456051894677821e-06,0.0,2.2280259473389105e-06
language_or_substitution,"gabc:P-BRs Ms. 034, 083",0,1.7044533426313627e-05,0.0,8.522266713156813e-06
language_or_substitution,"gabc:P-BRs Ms. 034, 083",0,4.456051894677821e-06,0.0,2.2280259473389105e-06
language_or_substitution,"gabc:P-BRs Ms. 034, 083",0,1.7044533426313627e-05,0.0,8.522266713156813e-06
surface_null,"gabc:P-BRs Ms. 034, 083",0,9.841047201023874e-05,0.017605019916678167,0.008851715194344204
surface_null,"gabc:P-BRs Ms. 034, 083",0,0.0002309327383153401,0.0005194800290418864,0.00037520638367861324
surface_null,"gabc:P-BRs Ms. 034, 083",0,0.004540995968509447,0.21328021503098327,0.10891060549974636
surface_null,"gabc:P-BRs Ms. 034, 083",0,0.010691992992518641,0.21875435262516443,0.11472317280884153
neume_square,"gabc:P-BRs Ms. 034, 123",1,0.9959882417076475,0.6924000691543445,0.844194155430996
neume_square,"gabc:P-BRs Ms. 034, 123",1,0.9123259956448858,0.44625355397675814,0.679289774810822
language_or_substitution,"gabc:P-BRs Ms. 034, 123",0,1.7950366157544625e-06,0.0,8.975183078772313e-07
language_or_substitution,"gabc:P-BRs Ms. 034, 123",0,1.3578310168891886e-05,0.0,6.789155084445943e-06
language_or_substitution,"gabc:P-BRs Ms. 034, 123",0,1.7950366157544625e-06,0.0,8.975183078772313e-07
language_or_substitution,"gabc:P-BRs Ms. 034, 123",0,1.3578310168891886e-05,0.0,6.789155084445943e-06
surface_null,"gabc:P-BRs Ms. 034, 123",0,0.016796845840155988,0.06050743739668531,0.03865214161842065
surface_null,"gabc:P-BRs Ms. 034, 123",0,0.02196066630623253,0.025107815916720833,0.02353424111147668
surface_null,"gabc:P-BRs Ms. 034, 123",0,0.0043517619181402565,0.15166025987578433,0.0780060108969623
surface_null,"gabc:P-BRs Ms. 034, 123",0,0.00022569881211001086,0.07856843555601954,0.03939706718406478
neume_square,"gabc:P-BRs Ms. 034, 278",1,0.9922031828921988,0.5628541208390293,0.777528651865614
neume_square,"gabc:P-BRs Ms. 034, 278",1,0.9879543479200639,0.8443552074689243,0.916154777694494
neume_square,"gabc:P-BRs Ms. 034, 278",1,0.8386122360232132,0.7724012895701203,0.8055067627966668
neume_square,"gabc:P-BRs Ms. 034, 278",1,0.9967673350055247,0.8528634020015995,0.924815368503562
language_or_substitution,"gabc:P-BRs Ms. 034, 278",0,4.975443982380254e-06,0.0,2.487721991190127e-06
language_or_substitution,"gabc:P-BRs Ms. 034, 278",0,2.3848125943879575e-05,0.0,1.1924062971939788e-05
language_or_substitution,"gabc:P-BRs Ms. 034, 278",0,1.3573174408199371e-05,0.0,6.786587204099686e-06
language_or_substitution,"gabc:P-BRs Ms. 034, 278",0,1.036800180997543e-05,0.0,5.184000904987715e-06
language_or_substitution,"gabc:P-BRs Ms. 034, 278",0,4.975443982380254e-06,0.0,2.487721991190127e-06
language_or_substitution,"gabc:P-BRs Ms. 034, 278",0,2.3848125943879575e-05,0.0,1.1924062971939788e-05
language_or_substitution,"gabc:P-BRs Ms. 034, 278",0,1.3573174408199371e-05,0.0,6.786587204099686e-06
language_or_substitution,"gabc:P-BRs Ms. 034, 278",0,1.036800180997543e-05,0.0,5.184000904987715e-06
surface_null,"gabc:P-BRs Ms. 034, 278",0,0.0013976241462233265,0.01650037073366698,0.008948997439945153
surface_null,"gabc:P-BRs Ms. 034, 278",0,0.0024326787710671834,0.008167504233600026,0.005300091502333604
surface_null,"gabc:P-BRs Ms. 034, 278",0,0.003983232702779075,0.0018683183992479215,0.002925775551013498
surface_null,"gabc:P-BRs Ms. 034, 278",0,0.00022520391415064138,0.00019103600293901544,0.0002081199585448284
surface_null,"gabc:P-BRs Ms. 034, 278",0,4.584007773826659e-05,0.032590874701907524,0.016318357389822895
surface_null,"gabc:P-BRs Ms. 034, 278",0,0.004981424688570382,0.35633188410289107,0.18065665439573073
surface_null,"gabc:P-BRs Ms. 034, 278",0,0.00015379203802855674,0.06219533288839097,0.031174562463209765
surface_null,"gabc:P-BRs Ms. 034, 278",0,0.0006370905160808547,0.0909215590128918,0.045779324764486325
neume_square,"gabc:P-BRs Ms. 034, 344",1,0.9999870533276166,0.8475115152674556,0.9237492842975361
neume_square,"gabc:P-BRs Ms. 034, 344",1,0.9992778025689414,0.5220422485648559,0.7606600255668987
neume_square,"gabc:P-BRs Ms. 034, 344",1,0.644498706364995,0.5681415157008373,0.6063201110329162
language_or_substitution,"gabc:P-BRs Ms. 034, 344",0,0.00032828097618408996,0.0021098364528427346,0.0012190587145134123
language_or_substitution,"gabc:P-BRs Ms. 034, 344",0,0.00021625025836008685,0.007334751370086202,0.0037755008142231444
language_or_substitution,"gabc:P-BRs Ms. 034, 344",0,1.7261531458329058e-06,0.0,8.630765729164529e-07
language_or_substitution,"gabc:P-BRs Ms. 034, 344",0,0.00032828097618408996,0.0021098364528427346,0.0012190587145134123
language_or_substitution,"gabc:P-BRs Ms. 034, 344",0,0.00021625025836008685,0.007334751370086202,0.0037755008142231444
language_or_substitution,"gabc:P-BRs Ms. 034, 344",0,1.7261531458329058e-06,0.0,8.630765729164529e-07
surface_null,"gabc:P-BRs Ms. 034, 344",0,3.619357265791741e-05,0.010320695573974081,0.005178444573316
surface_null,"gabc:P-BRs Ms. 034, 344",0,0.00034906175350415546,0.006257171412559834,0.0033031165830319947
surface_null,"gabc:P-BRs Ms. 034, 344",0,0.0002816322891002165,0.006313957409259592,0.003297794849179904
surface_null,"gabc:P-BRs Ms. 034, 344",0,0.008084897081332103,0.1532783350658348,0.08068161607358346
surface_null,"gabc:P-BRs Ms. 034, 344",0,0.06714247245550552,0.23492433741722082,0.15103340493636316
surface_null,"gabc:P-BRs Ms. 034, 344",0,0.03407206748407596,0.24492065079328415,0.13949635913868005
language_or_substitution,gabc:siglum,0,0.9593819329482318,0.3672213087050688,0.6633016208266503
language_or_substitution,gabc:siglum,0,0.0018123368404018847,0.009277021299530848,0.005544679069966366
language_or_substitution,gabc:siglum,0,0.00045336773243003517,0.06787466119081025,0.03416401446162014
language_or_substitution,gabc:siglum,0,0.1008854350002963,0.13011283956008782,0.11549913728019207
language_or_substitution,gabc:siglum,0,0.07184892557421126,0.15849529282314867,0.11517210919867996
language_or_substitution,gabc:siglum,0,0.12904416852950865,0.13792553749135242,0.13348485301043053
language_or_substitution,gabc:siglum,0,0.9593819329482318,0.3672213087050688,0.6633016208266503
language_or_substitution,gabc:siglum,0,0.0018123368404018847,0.009277021299530848,0.005544679069966366
language_or_substitution,gabc:siglum,0,0.00045336773243003517,0.06787466119081025,0.03416401446162014
language_or_substitution,gabc:siglum,0,0.1008854350002963,0.13011283956008782,0.11549913728019207
language_or_substitution,gabc:siglum,0,0.07184892557421126,0.15849529282314867,0.11517210919867996
language_or_substitution,gabc:siglum,0,0.12904416852950865,0.13792553749135242,0.13348485301043053
surface_null,gabc:siglum,0,9.991521694112423e-06,0.0036657239738265034,0.001837857747760308
surface_null,gabc:siglum,0,4.026210315449617e-05,0.2085039084019671,0.10427208525256079
surface_null,gabc:siglum,0,0.0018460028495545422,0.0615634486217952,0.03170472573567487
surface_null,gabc:siglum,0,0.0010951282108541461,0.0025891758337540914,0.0018421520223041187
surface_null,gabc:siglum,0,2.8001422447776313e-05,0.003049204014952785,0.0015386027187002805
surface_null,gabc:siglum,0,0.0012835586367238602,0.20996946158741733,0.1056265101120706
surface_null,gabc:siglum,0,0.00817451697524539,0.021897428295455146,0.015035972635350267
surface_null,gabc:siglum,0,3.770890203338579e-05,0.22084161868666569,0.11043966379434954
surface_null,gabc:siglum,0,0.0005792398631805574,0.0634069753470603,0.03199310760512043
surface_null,gabc:siglum,0,0.0023639954902817863,0.020466434415819426,0.011415214953050607
surface_null,gabc:siglum,0,0.015380030516754838,0.04051195558709802,0.027945993051926427
surface_null,gabc:siglum,0,0.002013337297191468,0.25654857039387774,0.1292809538455346
